2804.285714285714,3020.7619047619046,3056.904761904762,2938.0,3181.190476190476,2905.809523809524,2723.904761904762,2935.7619047619046,2777.2380952380954
2795.4761904761904,3032.8571428571427,3093.8571428571427,2961.190476190476,3149.3333333333335,2874.1428571428573,2645.285714285714,2948.5238095238096,2773.6666666666665
2808.095238095238,3014.904761904762,3074.2380952380954,2941.714285714286,3137.7619047619046,2900.0476190476193,2686.3333333333335,2950.5238095238096,2752.904761904762
2818.9523809523807,3047.095238095238,3101.0,2968.3333333333335,3157.2380952380954,2902.6190476190477,2687.4761904761904,2961.0,2771.190476190476
2784.285714285714,3033.4761904761904,3048.3333333333335,2967.0476190476193,3169.4285714285716,2891.0476190476193,2675.0,2943.6190476190477,2761.1428571428573
2826.6666666666665,3015.095238095238,3096.0,2950.6666666666665,3166.904761904762,2899.0,2712.095238095238,2954.809523809524,2752.3333333333335
2791.904761904762,3009.0,3043.714285714286,2921.285714285714,3163.3333333333335,2906.0476190476193,2683.2380952380954,2918.4285714285716,2709.5238095238096
2756.8571428571427,2975.095238095238,3006.7619047619046,2920.4761904761904,3094.904761904762,2843.190476190476,2670.5714285714284,2862.4761904761904,2701.6190476190477
2784.714285714286,3037.4761904761904,3054.190476190476,2971.4761904761904,3154.1428571428573,2877.190476190476,2719.6190476190477,2885.3809523809523,2741.714285714286
2819.904761904762,3118.809523809524,3168.714285714286,3081.0,3198.9523809523807,2939.0476190476193,2814.6666666666665,2919.8571428571427,2792.714285714286
2905.809523809524,3228.285714285714,3253.3809523809523,3181.6666666666665,3296.095238095238,3014.0476190476193,2930.0476190476193,3025.4285714285716,2835.3333333333335
3129.095238095238,3350.1428571428573,3572.1428571428573,3198.1428571428573,3475.3809523809523,3265.2380952380954,3032.190476190476,3234.3333333333335,2959.5238095238096
3172.8571428571427,3330.714285714286,3631.1428571428573,3199.285714285714,3551.8571428571427,3300.5238095238096,3012.2380952380954,3266.3809523809523,2937.0476190476193
3231.7619047619046,3340.8571428571427,3704.9523809523807,3197.1428571428573,3662.095238095238,3326.5238095238096,2995.0476190476193,3292.095238095238,2970.6190476190477
3300.0,3323.3809523809523,3705.4761904761904,3176.7619047619046,3675.6666666666665,3322.904761904762,2970.9523809523807,3311.6666666666665,2972.809523809524
3298.5238095238096,3323.9523809523807,3753.0,3158.190476190476,3717.285714285714,3318.809523809524,2981.285714285714,3272.7619047619046,2933.0
3360.190476190476,3275.6666666666665,3758.1428571428573,3177.190476190476,3769.904761904762,3327.4285714285716,2982.9523809523807,3284.4285714285716,2962.8571428571427
3345.904761904762,3291.7619047619046,3761.095238095238,3152.6190476190477,3789.6190476190477,3342.190476190476,3003.2380952380954,3236.714285714286,2946.809523809524
3392.7619047619046,3283.904761904762,3754.4761904761904,3173.5714285714284,3824.714285714286,3307.1428571428573,2979.5238095238096,3244.904761904762,2953.7619047619046
3365.809523809524,3291.809523809524,3726.6666666666665,3154.9523809523807,3839.3809523809523,3293.0476190476193,2978.5714285714284,3208.5714285714284,2946.1428571428573
3356.190476190476,3280.2380952380954,3759.4761904761904,3180.904761904762,3821.3333333333335,3313.809523809524,2963.4761904761904,3231.0,2937.3333333333335
3382.2380952380954,3269.2380952380954,3701.809523809524,3161.190476190476,3810.5238095238096,3291.4761904761904,2962.6666666666665,3217.3809523809523,2949.0476190476193
3351.9523809523807,3260.2380952380954,3690.285714285714,3148.9523809523807,3787.4761904761904,3247.285714285714,2936.3809523809523,3194.714285714286,2976.2380952380954
3354.5714285714284,3246.714285714286,3715.3333333333335,3158.7619047619046,3799.6666666666665,3281.7619047619046,2945.4285714285716,3212.1428571428573,2928.5238095238096
3372.4285714285716,3253.3809523809523,3686.5238095238096,3164.8571428571427,3808.904761904762,3251.8571428571427,2922.9523809523807,3219.7619047619046,2951.0476190476193
3307.7619047619046,3269.3333333333335,3677.3333333333335,3161.714285714286,3806.1428571428573,3232.0476190476193,2934.7619047619046,3194.7619047619046,2961.7619047619046
3311.2380952380954,3253.9523809523807,3695.0476190476193,3171.3809523809523,3779.190476190476,3207.6190476190477,2916.904761904762,3180.5714285714284,2940.4761904761904
3308.904761904762,3264.7619047619046,3682.0476190476193,3172.1428571428573,3779.5238095238096,3283.714285714286,2915.4761904761904,3193.6190476190477,2963.3333333333335
3293.1428571428573,3237.5238095238096,3670.904761904762,3155.285714285714,3764.7619047619046,3207.190476190476,2926.5238095238096,3188.904761904762,2942.7619047619046
3325.8571428571427,3212.3333333333335,3653.285714285714,3157.095238095238,3775.4761904761904,3275.285714285714,2939.285714285714,3194.904761904762,2950.095238095238
3307.714285714286,3239.904761904762,3676.6666666666665,3156.809523809524,3775.0476190476193,3283.5714285714284,2924.0476190476193,3175.7619047619046,2948.0
3316.9523809523807,3203.095238095238,3647.809523809524,3135.1428571428573,3763.285714285714,3279.7619047619046,2923.3333333333335,3157.714285714286,2959.0
3288.4285714285716,3223.4761904761904,3637.8571428571427,3158.3333333333335,3769.1428571428573,3264.0476190476193,2899.095238095238,3184.714285714286,2963.1428571428573
3332.6190476190477,3211.285714285714,3623.0,3141.095238095238,3754.6666666666665,3249.809523809524,2930.285714285714,3130.809523809524,2956.3333333333335
3283.8571428571427,3208.5714285714284,3601.6666666666665,3146.5238095238096,3767.6666666666665,3263.5238095238096,2911.095238095238,3132.6666666666665,2930.809523809524
3300.3333333333335,3231.904761904762,3606.714285714286,3140.190476190476,3736.904761904762,3229.7619047619046,2916.285714285714,3157.8571428571427,2945.809523809524
3292.8571428571427,3203.809523809524,3633.904761904762,3132.6190476190477,3777.5238095238096,3228.6666666666665,2899.4285714285716,3147.7619047619046,2943.8571428571427
3287.285714285714,3212.809523809524,3609.5714285714284,3135.0476190476193,3767.190476190476,3259.9523809523807,2893.2380952380954,3116.285714285714,2942.0476190476193
3278.190476190476,3228.285714285714,3606.2380952380954,3131.0,3697.904761904762,3232.1428571428573,2909.9523809523807,3149.809523809524,2950.4761904761904
3278.0476190476193,3206.904761904762,3603.1428571428573,3132.1428571428573,3738.7619047619046,3177.3333333333335,2880.3809523809523,3124.5714285714284,2937.0476190476193
3287.904761904762,3198.2380952380954,3599.0,3080.0,3745.904761904762,3195.809523809524,2888.8571428571427,3112.5714285714284,2948.3809523809523
3266.904761904762,3224.3333333333335,3598.2380952380954,3095.8571428571427,3729.809523809524,3187.3333333333335,2911.5714285714284,3137.809523809524,2916.2380952380954
3282.285714285714,3176.7619047619046,3597.7619047619046,3102.5714285714284,3717.6666666666665,3141.0,2907.2380952380954,3100.0,2925.190476190476
3262.6190476190477,3197.714285714286,3582.4285714285716,3113.0476190476193,3711.4285714285716,3142.5714285714284,2903.0476190476193,3110.0476190476193,2905.809523809524
3251.0476190476193,3198.4761904761904,3565.0476190476193,3110.3333333333335,3708.6666666666665,3163.714285714286,2875.5714285714284,3112.7619047619046,2890.5238095238096
3262.9523809523807,3181.809523809524,3603.809523809524,3119.4285714285716,3684.0476190476193,3132.0476190476193,2885.6666666666665,3087.1428571428573,2872.5714285714284
3237.0,3188.714285714286,3577.5238095238096,3137.5714285714284,3723.4285714285716,3173.3809523809523,2911.6666666666665,3094.6190476190477,2880.6666666666665
3243.0,3198.7619047619046,3566.714285714286,3128.0476190476193,3703.4285714285716,3136.0476190476193,2896.714285714286,3069.190476190476,2895.5238095238096
3257.714285714286,3193.904761904762,3550.714285714286,3128.4285714285716,3684.4761904761904,3116.8571428571427,2892.0476190476193,3102.6190476190477,2893.2380952380954
3243.0,3189.190476190476,3576.2380952380954,3118.3333333333335,3657.8571428571427,3112.3333333333335,2894.5714285714284,3082.6190476190477,2889.190476190476
3238.0,3182.5238095238096,3580.809523809524,3133.190476190476,3693.5238095238096,3098.3809523809523,2874.4761904761904,3061.1428571428573,2882.2380952380954
3216.0476190476193,3181.0476190476193,3555.095238095238,3117.285714285714,3714.6190476190477,3086.2380952380954,2894.190476190476,3034.0,2851.5714285714284
3240.6666666666665,3181.6190476190477,3546.8571428571427,3114.904761904762,3692.5714285714284,3113.2380952380954,2885.095238095238,3032.1428571428573,2862.904761904762
3237.285714285714,3184.4285714285716,3553.6666666666665,3102.6190476190477,3691.5714285714284,3105.190476190476,2844.6190476190477,3026.9523809523807,2879.8571428571427
3220.6666666666665,3183.0476190476193,3542.714285714286,3111.4761904761904,3674.5714285714284,3128.1428571428573,2854.285714285714,3017.0,2865.3333333333335
3197.6190476190477,3194.5714285714284,3525.8571428571427,3109.095238095238,3627.1428571428573,3078.1428571428573,2822.0476190476193,2989.5238095238096,2863.904761904762
3200.904761904762,3169.1428571428573,3505.714285714286,3105.5238095238096,3620.3809523809523,3076.5714285714284,2855.7619047619046,2992.2380952380954,2878.4285714285716
3173.0476190476193,3179.1428571428573,3540.4285714285716,3104.4285714285716,3645.4761904761904,3083.4285714285716,2847.7619047619046,2975.3809523809523,2845.095238095238
3178.5714285714284,3164.3333333333335,3524.4285714285716,3077.285714285714,3604.190476190476,3103.2380952380954,2837.1428571428573,2959.6666666666665,2846.714285714286
3180.4761904761904,3171.9523809523807,3495.7619047619046,3081.0476190476193,3604.190476190476,3069.904761904762,2833.0,2958.1428571428573,2863.6666666666665
3161.8571428571427,3155.5238095238096,3491.095238095238,3029.904761904762,3611.6666666666665,3089.4285714285716,2837.809523809524,2955.3333333333335,2871.904761904762
3190.904761904762,3172.809523809524,3486.3809523809523,3051.0,3582.285714285714,3076.6190476190477,2815.7619047619046,2969.5714285714284,2862.1428571428573
3166.809523809524,3207.3333333333335,3434.3333333333335,3081.1428571428573,3603.4285714285716,3062.095238095238,2837.3809523809523,2962.714285714286,2822.095238095238
3164.6666666666665,3151.904761904762,3468.0476190476193,3062.2380952380954,3607.2380952380954,3053.7619047619046,2864.9523809523807,2941.4285714285716,2840.285714285714
3164.285714285714,3208.095238095238,3449.4285714285716,3076.1428571428573,3635.9523809523807,3009.7619047619046,2829.0476190476193,2948.3809523809523,2852.9523809523807
3148.9523809523807,3203.0,3457.4285714285716,3033.8571428571427,3605.285714285714,3044.190476190476,2840.5238095238096,2943.809523809524,2826.9523809523807
3098.5238095238096,3178.9523809523807,3419.4285714285716,3087.7619047619046,3600.285714285714,3001.6666666666665,2843.4761904761904,2964.6190476190477,2839.6190476190477
3113.4285714285716,3194.6666666666665,3416.714285714286,3076.0476190476193,3603.8571428571427,3050.904761904762,2822.3809523809523,2960.904761904762,2849.190476190476
3103.5714285714284,3206.3333333333335,3409.3333333333335,3061.190476190476,3591.0,2976.095238095238,2838.4761904761904,2961.7619047619046,2844.285714285714
3126.714285714286,3160.1428571428573,3416.6666666666665,3065.3809523809523,3589.9523809523807,2961.3333333333335,2835.285714285714,2947.7619047619046,2855.4761904761904
3106.6666666666665,3182.8571428571427,3415.714285714286,3034.6190476190477,3576.2380952380954,2942.285714285714,2823.6190476190477,2954.2380952380954,2832.6190476190477
3092.3809523809523,3199.4285714285716,3379.1428571428573,3044.0476190476193,3582.285714285714,2934.9523809523807,2802.904761904762,2945.0476190476193,2836.3333333333335
3099.8571428571427,3167.7619047619046,3380.190476190476,3035.190476190476,3582.5238095238096,2919.6666666666665,2818.190476190476,2970.9523809523807,2836.714285714286
3077.9523809523807,3150.9523809523807,3361.0,3048.190476190476,3554.714285714286,3050.1428571428573,2822.285714285714,2954.1428571428573,2843.9523809523807
3085.9523809523807,3174.7619047619046,3382.095238095238,3031.4285714285716,3547.0476190476193,2884.5238095238096,2813.9523809523807,2932.0,2835.190476190476
3089.4285714285716,3164.7619047619046,3358.2380952380954,3053.7619047619046,3569.5714285714284,3016.3809523809523,2782.095238095238,2957.1428571428573,2820.0
3077.9523809523807,3187.6190476190477,3342.285714285714,3041.904761904762,3515.0,3023.8571428571427,2810.8571428571427,2969.5238095238096,2844.809523809524
3063.285714285714,3200.3333333333335,3342.6666666666665,3063.0,3546.285714285714,3033.1428571428573,2802.7619047619046,2951.714285714286,2850.095238095238
3074.3333333333335,3175.5714285714284,3321.190476190476,3054.8571428571427,3521.9523809523807,3002.095238095238,2801.7619047619046,2935.4761904761904,2806.5714285714284
3095.3333333333335,3155.6666666666665,3322.5238095238096,3038.285714285714,3530.0476190476193,3016.809523809524,2796.0,2928.285714285714,2821.904761904762
3055.4761904761904,3147.2380952380954,3328.0476190476193,3021.6666666666665,3541.8571428571427,3011.190476190476,2773.095238095238,2963.9523809523807,2802.7619047619046
3076.809523809524,3135.714285714286,3307.0,3048.0,3535.3333333333335,2968.904761904762,2796.190476190476,2945.3809523809523,2837.0476190476193
3080.3809523809523,3165.4761904761904,3313.904761904762,3022.8571428571427,3519.3333333333335,2959.3333333333335,2776.3809523809523,2960.0,2834.714285714286
3058.2380952380954,3166.6666666666665,3274.285714285714,3013.5714285714284,3490.2380952380954,2954.904761904762,2786.5714285714284,2941.3333333333335,2825.4285714285716
3069.8571428571427,3154.9523809523807,3290.095238095238,3034.5238095238096,3504.3809523809523,2938.6666666666665,2767.714285714286,2927.8571428571427,2818.3809523809523
3059.809523809524,3159.095238095238,3271.5238095238096,3030.6666666666665,3536.095238095238,2938.5238095238096,2801.0,2914.2380952380954,2818.4761904761904
3045.4761904761904,3127.6190476190477,3267.6666666666665,3015.0476190476193,3509.9523809523807,2932.285714285714,2776.1428571428573,2931.7619047619046,2821.5714285714284
3050.190476190476,3186.4285714285716,3294.3809523809523,3032.2380952380954,3488.1428571428573,2905.2380952380954,2765.4761904761904,2936.1428571428573,2804.3809523809523
3080.8571428571427,3157.6190476190477,3236.7619047619046,2985.7619047619046,3487.5714285714284,2884.0,2753.0,2963.1428571428573,2824.9523809523807
3062.190476190476,3143.5714285714284,3245.904761904762,3009.7619047619046,3506.904761904762,2870.6190476190477,2753.6190476190477,2930.9523809523807,2813.904761904762
3059.5714285714284,3140.904761904762,3254.809523809524,2991.809523809524,3480.8571428571427,3015.0476190476193,2763.9523809523807,2938.5714285714284,2814.095238095238
3063.5238095238096,3157.0,3231.4285714285716,2968.3333333333335,3466.3809523809523,2994.7619047619046,2731.6666666666665,2950.2380952380954,2825.095238095238
3061.809523809524,3149.8571428571427,3223.714285714286,2974.3333333333335,3479.3333333333335,2981.8571428571427,2764.2380952380954,2944.285714285714,2834.190476190476
3052.809523809524,3159.7619047619046,3227.9523809523807,2984.904761904762,3468.7619047619046,2996.5238095238096,2746.285714285714,2921.714285714286,2828.5238095238096
3055.095238095238,3139.1428571428573,3206.5714285714284,2968.285714285714,3468.4285714285716,2987.7619047619046,2730.4761904761904,2925.3809523809523,2818.5238095238096
3054.5714285714284,3131.285714285714,3241.190476190476,2953.904761904762,3480.0476190476193,2990.5238095238096,2758.285714285714,2904.4285714285716,2833.3333333333335
3064.714285714286,3136.7619047619046,3219.285714285714,2951.3333333333335,3472.285714285714,2969.8571428571427,2754.4285714285716,2961.285714285714,2822.6190476190477
3055.3333333333335,3110.190476190476,3226.3333333333335,2914.190476190476,3463.8571428571427,2974.190476190476,2769.7619047619046,2938.714285714286,2838.5238095238096
3067.3809523809523,3126.5714285714284,3198.4285714285716,2956.6666666666665,3490.0476190476193,2947.5714285714284,2756.4285714285716,2931.7619047619046,2805.6190476190477
3030.9523809523807,3098.285714285714,3211.7619047619046,2892.1428571428573,3437.7619047619046,2937.4285714285716,2749.7619047619046,2918.4761904761904,2835.6190476190477
3079.3809523809523,3117.9523809523807,3184.4285714285716,2897.3809523809523,3435.1428571428573,2938.4285714285716,2738.7619047619046,2901.3333333333335,2840.809523809524
3062.0,3111.285714285714,3153.8571428571427,2904.0476190476193,3433.285714285714,2898.190476190476,2740.714285714286,2918.4285714285716,2860.3809523809523
3069.6190476190477,3121.0,3147.1428571428573,2898.7619047619046,3418.1428571428573,2899.714285714286,2740.904761904762,2928.6666666666665,2869.4761904761904
3061.3809523809523,3108.5238095238096,3149.3333333333335,2907.1428571428573,3401.4285714285716,2878.7619047619046,2726.285714285714,2915.6666666666665,2851.5238095238096
3040.0,3118.4761904761904,3159.4285714285716,2895.714285714286,3388.714285714286,2858.5238095238096,2715.190476190476,2937.5238095238096,2845.2380952380954
3047.095238095238,3102.4761904761904,3176.0476190476193,2880.095238095238,3407.285714285714,2838.809523809524,2719.2380952380954,2942.9523809523807,2872.7619047619046
3040.8571428571427,3092.0,3178.0476190476193,2871.6666666666665,3364.5714285714284,2828.8571428571427,2721.285714285714,2930.809523809524,2892.9523809523807
3045.5238095238096,3098.904761904762,3139.5714285714284,2869.5714285714284,3362.190476190476,2804.7619047619046,2727.0476190476193,2920.8571428571427,2861.095238095238
3027.714285714286,3084.2380952380954,3120.4761904761904,2879.095238095238,3388.4761904761904,2827.6190476190477,2710.6190476190477,2912.1428571428573,2882.2380952380954
3057.190476190476,3107.6666666666665,3092.5238095238096,2884.6666666666665,3364.7619047619046,2948.5714285714284,2698.6666666666665,2927.5238095238096,2875.7619047619046
3020.285714285714,3131.8571428571427,3105.5714285714284,2868.0476190476193,3351.3333333333335,2947.9523809523807,2689.5238095238096,2913.0,2883.4761904761904
3035.5238095238096,3110.5714285714284,3124.714285714286,2892.714285714286,3337.6666666666665,2924.285714285714,2699.7619047619046,2933.4761904761904,2912.190476190476
3018.8571428571427,3087.7619047619046,3119.904761904762,2883.0476190476193,3340.9523809523807,2911.4761904761904,2706.714285714286,2902.904761904762,2900.6666666666665
3013.3333333333335,3103.904761904762,3077.4285714285716,2879.5714285714284,3322.6666666666665,2915.5714285714284,2718.8571428571427,2923.9523809523807,2913.1428571428573
3025.190476190476,3083.904761904762,3078.904761904762,2876.3809523809523,3325.4761904761904,2875.0476190476193,2690.285714285714,2911.190476190476,2907.6666666666665
3023.2380952380954,3087.6666666666665,3085.4761904761904,2873.285714285714,3319.904761904762,2901.285714285714,2692.190476190476,2903.1428571428573,2889.3333333333335
3005.904761904762,3089.0,3068.6190476190477,2896.6190476190477,3326.285714285714,2886.714285714286,2674.190476190476,2890.6190476190477,2913.4285714285716
2998.4761904761904,3124.6190476190477,3064.6190476190477,2871.8571428571427,3307.095238095238,2891.285714285714,2685.6666666666665,2911.3809523809523,2906.3809523809523
3017.095238095238,3104.5238095238096,3071.904761904762,2872.3333333333335,3302.7619047619046,2886.0476190476193,2696.095238095238,2898.904761904762,2923.3809523809523
3011.1428571428573,3102.2380952380954,3077.6190476190477,2873.4285714285716,3283.809523809524,2828.1428571428573,2705.095238095238,2896.0476190476193,2893.8571428571427
3018.5238095238096,3083.190476190476,3070.6190476190477,2880.5714285714284,3290.9523809523807,2822.6666666666665,2685.4285714285716,2883.3809523809523,2900.3333333333335
3012.904761904762,3055.6190476190477,3046.285714285714,2847.190476190476,3278.0476190476193,2782.5714285714284,2676.904761904762,2879.904761904762,2881.4761904761904
3003.714285714286,3074.4761904761904,3029.1428571428573,2858.4761904761904,3272.9523809523807,2801.6666666666665,2682.095238095238,2866.3333333333335,2884.4285714285716
2995.5714285714284,3087.9523809523807,3017.6190476190477,2872.3333333333335,3237.8571428571427,2781.9523809523807,2671.714285714286,2872.5238095238096,2899.9523809523807
3018.8571428571427,3060.0,3027.5714285714284,2859.4761904761904,3260.8571428571427,2767.285714285714,2660.5714285714284,2873.0,2908.6666666666665
2998.809523809524,3056.2380952380954,3016.190476190476,2873.285714285714,3227.4761904761904,2890.5238095238096,2649.6666666666665,2824.190476190476,2874.6190476190477
3014.3333333333335,3093.2380952380954,3048.714285714286,2871.0476190476193,3211.190476190476,2912.6666666666665,2671.0476190476193,2857.190476190476,2866.3809523809523
2998.809523809524,3069.6190476190477,3014.190476190476,2840.6190476190477,3183.1428571428573,2903.7619047619046,2675.904761904762,2871.8571428571427,2866.809523809524
3014.3333333333335,3075.6190476190477,3038.0,2862.6666666666665,3201.4285714285716,2880.3333333333335,2662.2380952380954,2870.3333333333335,2839.714285714286
3005.714285714286,3084.7619047619046,3027.2380952380954,2827.5238095238096,3194.1428571428573,2858.3333333333335,2662.5238095238096,2878.3333333333335,2810.095238095238
3028.9523809523807,3068.5714285714284,3016.190476190476,2824.095238095238,3215.714285714286,2858.4285714285716,2673.3333333333335,2838.5238095238096,2809.809523809524
2999.9523809523807,3070.4761904761904,3006.5714285714284,2809.3333333333335,3165.0,2858.5238095238096,2660.4285714285716,2862.285714285714,2733.190476190476
3004.285714285714,3047.6190476190477,2976.0,2839.3333333333335,3187.3809523809523,2821.6666666666665,2657.809523809524,2881.190476190476,2772.3333333333335
2995.9523809523807,3027.904761904762,2983.285714285714,2837.4761904761904,3156.285714285714,2807.6190476190477,2669.285714285714,2867.809523809524,2759.6666666666665
3013.3333333333335,3024.1428571428573,2971.0,2848.1428571428573,3137.4285714285716,2804.5714285714284,2679.3809523809523,2876.3809523809523,2758.190476190476
2982.5714285714284,3012.9523809523807,2993.2380952380954,2860.6190476190477,3191.0,2807.190476190476,2674.904761904762,2868.095238095238,2763.4285714285716
2999.8571428571427,3019.904761904762,3006.2380952380954,2849.4761904761904,3190.6666666666665,2791.6190476190477,2670.190476190476,2865.809523809524,2756.4761904761904
3000.714285714286,3001.190476190476,2995.904761904762,2853.809523809524,3219.1428571428573,2773.904761904762,2678.4285714285716,2872.0,2772.2380952380954
3001.5714285714284,3029.285714285714,2992.4285714285716,2847.0476190476193,3187.190476190476,2884.904761904762,2693.3809523809523,2866.6666666666665,2773.4285714285716
2997.6190476190477,3012.1428571428573,3009.4285714285716,2864.190476190476,3181.7619047619046,2874.8571428571427,2688.2380952380954,2891.3809523809523,2761.3809523809523
2995.904761904762,3001.904761904762,2994.3809523809523,2844.095238095238,3144.0,2895.5238095238096,2652.3333333333335,2854.809523809524,2763.714285714286
2999.809523809524,3006.9523809523807,2971.8571428571427,2869.5714285714284,3192.285714285714,2871.5714285714284,2651.3333333333335,2890.6190476190477,2774.285714285714
2981.4761904761904,3021.5238095238096,2983.285714285714,2840.5238095238096,3188.5238095238096,2855.8571428571427,2671.9523809523807,2915.3809523809523,2743.714285714286
2991.2380952380954,3001.0,2985.9523809523807,2853.9523809523807,3172.5714285714284,2838.6666666666665,2665.0,2895.5714285714284,2705.2380952380954
2997.809523809524,3018.6190476190477,2966.809523809524,2842.1428571428573,3163.3333333333335,2851.4761904761904,2628.9523809523807,2879.7619047619046,2704.904761904762
3028.095238095238,3028.6666666666665,2997.3809523809523,2879.4761904761904,3188.4285714285716,2827.6666666666665,2648.714285714286,2862.2380952380954,2704.4285714285716
3017.6190476190477,2977.9523809523807,2991.714285714286,2881.809523809524,3173.5714285714284,2844.3809523809523,2646.0,2857.8571428571427,2726.6190476190477
3026.190476190476,3014.095238095238,2981.3809523809523,2848.809523809524,3167.190476190476,2844.6666666666665,2655.5714285714284,2842.9523809523807,2720.4285714285716
3004.714285714286,3028.0476190476193,2983.3333333333335,2868.190476190476,3160.7619047619046,2818.285714285714,2663.4761904761904,2853.7619047619046,2705.190476190476
3027.3809523809523,3012.2380952380954,2971.809523809524,2860.714285714286,3170.0,2783.6666666666665,2634.2380952380954,2855.3809523809523,2714.095238095238
3023.0476190476193,2964.4761904761904,3002.0476190476193,2864.8571428571427,3149.6190476190477,2857.809523809524,2632.4285714285716,2871.4761904761904,2711.6190476190477
3021.0476190476193,2995.190476190476,2960.3333333333335,2835.1428571428573,3181.190476190476,2771.8571428571427,2642.904761904762,2874.095238095238,2704.0476190476193
3014.3809523809523,3003.8571428571427,2964.6190476190477,2863.6666666666665,3176.6190476190477,2849.9523809523807,2646.904761904762,2864.6190476190477,2704.714285714286
3028.6666666666665,2989.285714285714,2976.095238095238,2868.6190476190477,3150.904761904762,2853.809523809524,2638.6666666666665,2852.7619047619046,2709.190476190476
3026.4285714285716,2959.904761904762,2963.5238095238096,2827.1428571428573,3137.2380952380954,2831.809523809524,2650.904761904762,2870.6190476190477,2728.5714285714284
3006.6190476190477,2957.3809523809523,2961.4761904761904,2838.6190476190477,3155.3333333333335,2846.714285714286,2659.6666666666665,2886.904761904762,2715.285714285714
3002.3809523809523,2965.4285714285716,2958.7619047619046,2862.285714285714,3145.285714285714,2751.809523809524,2655.4285714285716,2861.9523809523807,2735.6666666666665
3012.6190476190477,2978.4285714285716,2965.285714285714,2867.5238095238096,3129.5714285714284,2766.6190476190477,2681.3333333333335,2896.3333333333335,2715.2380952380954
3007.4761904761904,2972.9523809523807,2942.3333333333335,2848.285714285714,3147.3333333333335,2780.8571428571427,2658.2380952380954,2884.7619047619046,2726.4285714285716
3003.0476190476193,2969.4761904761904,2977.6190476190477,2860.4285714285716,3108.714285714286,2788.190476190476,2656.0,2883.095238095238,2710.3333333333335
3012.9523809523807,2953.4285714285716,2945.285714285714,2875.1428571428573,3119.9523809523807,2789.714285714286,2642.5238095238096,2875.904761904762,2719.3809523809523
3010.7619047619046,2968.4285714285716,2981.5714285714284,2872.190476190476,3147.904761904762,2804.3333333333335,2624.5714285714284,2893.904761904762,2719.0
3022.3333333333335,2965.9523809523807,2961.190476190476,2845.809523809524,3133.4761904761904,2819.3809523809523,2651.3809523809523,2832.0476190476193,2712.0476190476193
3015.0476190476193,2937.5238095238096,2943.4761904761904,2885.4761904761904,3105.714285714286,2816.3333333333335,2626.6190476190477,2872.904761904762,2715.8571428571427
3005.8571428571427,2957.285714285714,2956.095238095238,2862.0,3114.0,2798.2380952380954,2646.3333333333335,2872.809523809524,2726.1428571428573
3003.904761904762,2944.285714285714,2953.6190476190477,2866.809523809524,3142.6190476190477,2820.190476190476,2654.9523809523807,2882.3809523809523,2722.809523809524
2973.8571428571427,2965.1428571428573,2951.285714285714,2870.5238095238096,3131.4285714285716,2814.904761904762,2598.6666666666665,2872.5238095238096,2726.7619047619046
3012.6190476190477,2964.2380952380954,2952.7619047619046,2873.190476190476,3092.0,2815.4285714285716,2651.0476190476193,2856.7619047619046,2714.904761904762
3035.3333333333335,2951.4285714285716,2954.4285714285716,2854.285714285714,3111.6190476190477,2842.714285714286,2651.5714285714284,2856.190476190476,2707.6190476190477
2987.3333333333335,2933.2380952380954,2946.1428571428573,2866.5714285714284,3128.0,2818.7619047619046,2620.714285714286,2873.904761904762,2706.2380952380954
2999.9523809523807,2941.809523809524,2921.0476190476193,2843.9523809523807,3092.285714285714,2817.0,2648.3333333333335,2891.6190476190477,2714.0476190476193
3033.3333333333335,2945.2380952380954,2935.2380952380954,2863.190476190476,3100.5714285714284,2819.809523809524,2647.285714285714,2855.3333333333335,2671.6666666666665
3007.4285714285716,2935.5714285714284,2940.9523809523807,2873.0,3102.5714285714284,2815.0476190476193,2641.3809523809523,2877.3333333333335,2697.285714285714
2999.5714285714284,2954.8571428571427,2959.5714285714284,2856.6666666666665,3112.904761904762,2810.6666666666665,2621.095238095238,2880.7619047619046,2700.714285714286
3008.8571428571427,2948.809523809524,2938.0,2847.904761904762,3078.809523809524,2814.904761904762,2641.0,2879.0,2697.3333333333335
3015.0476190476193,2955.6190476190477,2925.8571428571427,2857.904761904762,3097.8571428571427,2795.809523809524,2649.5714285714284,2853.4761904761904,2694.3333333333335
2976.095238095238,2934.1428571428573,2912.190476190476,2852.095238095238,3064.0,2798.3809523809523,2625.4761904761904,2875.5238095238096,2704.6190476190477
2973.6666666666665,2914.7619047619046,2947.190476190476,2850.095238095238,3060.809523809524,2726.5238095238096,2641.7619047619046,2884.6190476190477,2718.3809523809523
3000.4761904761904,2898.714285714286,2913.8571428571427,2852.3333333333335,3075.714285714286,2735.4285714285716,2633.2380952380954,2874.2380952380954,2703.5714285714284
2970.1428571428573,2934.714285714286,2922.0,2830.7619047619046,3066.095238095238,2726.7619047619046,2633.714285714286,2890.0,2701.5238095238096
2969.8571428571427,2917.5238095238096,2888.8571428571427,2852.809523809524,3072.1428571428573,2806.9523809523807,2635.3333333333335,2865.809523809524,2696.3333333333335
2970.9523809523807,2917.3333333333335,2915.1428571428573,2879.4285714285716,3074.4761904761904,2742.904761904762,2631.4285714285716,2865.904761904762,2679.714285714286
2971.095238095238,2913.714285714286,2899.6190476190477,2869.190476190476,3062.5238095238096,2746.8571428571427,2630.6666666666665,2881.3333333333335,2691.3809523809523
2960.5714285714284,2904.809523809524,2926.8571428571427,2871.190476190476,3045.714285714286,2727.095238095238,2629.8571428571427,2904.0476190476193,2679.904761904762
2965.2380952380954,2905.5238095238096,2930.0,2842.5714285714284,3052.7619047619046,2717.9523809523807,2618.2380952380954,2898.3333333333335,2695.6666666666665
2979.8571428571427,2916.809523809524,2900.4761904761904,2850.9523809523807,3077.7619047619046,2740.190476190476,2629.8571428571427,2895.285714285714,2704.6190476190477
2983.095238095238,2917.714285714286,2927.4285714285716,2832.095238095238,3064.7619047619046,2730.4761904761904,2619.9523809523807,2889.190476190476,2707.0
2994.7619047619046,2937.904761904762,2908.6666666666665,2855.190476190476,3031.714285714286,2764.2380952380954,2637.2380952380954,2869.5714285714284,2658.5238095238096
2980.0476190476193,2929.0476190476193,2930.0,2870.7619047619046,3034.8571428571427,2778.714285714286,2632.6666666666665,2855.809523809524,2671.0476190476193
2995.0,2932.714285714286,2926.0476190476193,2862.190476190476,3027.8571428571427,2786.3809523809523,2618.809523809524,2876.3333333333335,2676.4285714285716
2994.2380952380954,2908.8571428571427,2941.5238095238096,2852.095238095238,3049.095238095238,2767.190476190476,2634.4285714285716,2858.1428571428573,2680.190476190476
3007.2380952380954,2919.9523809523807,2907.6190476190477,2874.6190476190477,3026.285714285714,2778.4761904761904,2593.0476190476193,2878.2380952380954,2675.095238095238
2994.9523809523807,2906.4285714285716,2932.190476190476,2855.9523809523807,3048.3333333333335,2774.190476190476,2618.5714285714284,2863.1428571428573,2703.7619047619046
3005.6190476190477,2917.2380952380954,2920.4761904761904,2861.190476190476,3029.904761904762,2775.5238095238096,2608.6666666666665,2848.9523809523807,2685.095238095238
2998.190476190476,2909.3809523809523,2908.3809523809523,2849.2380952380954,3046.904761904762,2762.4761904761904,2606.4761904761904,2867.4285714285716,2695.809523809524
3009.0476190476193,2889.4761904761904,2895.809523809524,2834.8571428571427,3022.095238095238,2763.904761904762,2609.3333333333335,2878.8571428571427,2673.6666666666665
2988.0,2936.3809523809523,2933.7619047619046,2882.9523809523807,3019.9523809523807,2752.1428571428573,2613.1428571428573,2824.9523809523807,2680.0
3026.6666666666665,2910.714285714286,2917.1428571428573,2830.2380952380954,3024.7619047619046,2745.4761904761904,2630.190476190476,2853.8571428571427,2677.095238095238
2997.0,2905.7619047619046,2920.5714285714284,2830.0476190476193,2991.5714285714284,2753.4285714285716,2611.190476190476,2856.6190476190477,2697.4285714285716
3007.1428571428573,2907.0,2918.1428571428573,2840.3809523809523,2999.8571428571427,2750.4761904761904,2613.0476190476193,2861.285714285714,2669.5238095238096
2983.095238095238,2931.8571428571427,2908.095238095238,2842.190476190476,3007.3333333333335,2740.0476190476193,2598.9523809523807,2872.6666666666665,2671.7619047619046
3017.5714285714284,2916.190476190476,2918.0,2859.285714285714,2993.6190476190477,2738.095238095238,2594.1428571428573,2856.0476190476193,2688.9523809523807
2999.190476190476,2908.9523809523807,2920.6190476190477,2836.0,3020.809523809524,2734.809523809524,2602.809523809524,2866.5238095238096,2701.0
3003.5714285714284,2901.904761904762,2927.714285714286,2815.095238095238,2988.714285714286,2735.9523809523807,2610.809523809524,2861.3809523809523,2689.190476190476
3001.0476190476193,2923.190476190476,2902.714285714286,2826.0,2986.5238095238096,2740.5238095238096,2605.6190476190477,2864.3809523809523,2671.5714285714284
3004.285714285714,2913.0,2895.9523809523807,2837.5238095238096,2979.4285714285716,2710.714285714286,2606.714285714286,2849.6190476190477,2689.6190476190477
2976.0476190476193,2913.3333333333335,2906.6666666666665,2814.4285714285716,2983.5238095238096,2721.809523809524,2605.7619047619046,2862.095238095238,2692.285714285714
3013.5714285714284,2919.285714285714,2920.4761904761904,2811.6666666666665,2980.809523809524,2782.6190476190477,2594.3333333333335,2833.5238095238096,2685.2380952380954
2999.6666666666665,2905.2380952380954,2888.7619047619046,2827.2380952380954,2964.285714285714,2690.285714285714,2596.809523809524,2859.9523809523807,2674.3333333333335
3037.0,2905.904761904762,2916.4761904761904,2818.9523809523807,2972.3333333333335,2792.0,2578.809523809524,2863.904761904762,2686.904761904762
3004.714285714286,2906.5238095238096,2911.3333333333335,2820.714285714286,2953.3333333333335,2703.8571428571427,2615.4285714285716,2861.809523809524,2698.6190476190477
2975.8571428571427,2905.6190476190477,2907.809523809524,2828.7619047619046,2947.6666666666665,2687.5714285714284,2606.190476190476,2871.5714285714284,2670.6666666666665
3011.6666666666665,2879.714285714286,2913.904761904762,2819.4285714285716,2947.0,2710.809523809524,2594.3333333333335,2845.190476190476,2689.1428571428573
3001.285714285714,2909.095238095238,2890.1428571428573,2828.9523809523807,2934.0476190476193,2692.5238095238096,2607.5714285714284,2851.0476190476193,2683.809523809524
2991.285714285714,2918.6190476190477,2910.7619047619046,2820.5238095238096,2950.285714285714,2705.8571428571427,2598.5714285714284,2864.190476190476,2669.714285714286
2999.714285714286,2896.5238095238096,2904.0,2817.5238095238096,2939.3809523809523,2686.190476190476,2592.1428571428573,2853.809523809524,2679.7619047619046
3011.095238095238,2915.714285714286,2900.3333333333335,2828.4285714285716,2952.0,2692.095238095238,2582.2380952380954,2840.285714285714,2656.1428571428573
2987.4285714285716,2904.3809523809523,2904.1428571428573,2793.809523809524,2950.4285714285716,2688.4761904761904,2589.9523809523807,2862.6666666666665,2664.9523809523807
2995.5714285714284,2892.285714285714,2943.5238095238096,2847.714285714286,2955.6666666666665,2695.3333333333335,2569.904761904762,2859.8571428571427,2665.714285714286
3023.4761904761904,2898.2380952380954,2911.5714285714284,2822.1428571428573,2926.6666666666665,2674.7619047619046,2593.285714285714,2870.3333333333335,2666.9523809523807
2985.6666666666665,2857.1428571428573,2896.4761904761904,2831.904761904762,2921.190476190476,2678.714285714286,2618.095238095238,2879.5238095238096,2683.9523809523807
3020.5714285714284,2868.095238095238,2924.904761904762,2818.6190476190477,2929.0,2687.3333333333335,2595.0476190476193,2877.3333333333335,2695.0
2952.7619047619046,2856.095238095238,2912.6190476190477,2804.7619047619046,2932.6190476190477,2667.285714285714,2618.285714285714,2880.6190476190477,2673.7619047619046
2967.7619047619046,2890.6666666666665,2920.7619047619046,2795.1428571428573,2901.1428571428573,2680.9523809523807,2596.0,2897.9523809523807,2671.904761904762
2963.904761904762,2871.3809523809523,2928.190476190476,2825.904761904762,2911.095238095238,2653.0,2597.6666666666665,2859.9523809523807,2683.5238095238096
2960.0,2868.3333333333335,2905.4285714285716,2807.190476190476,2920.714285714286,2658.9523809523807,2609.190476190476,2893.3333333333335,2677.809523809524
2951.7619047619046,2878.9523809523807,2912.0,2832.8571428571427,2916.4761904761904,2639.0,2578.5238095238096,2880.5238095238096,2662.2380952380954
2939.5714285714284,2884.5238095238096,2920.4761904761904,2819.5238095238096,2909.2380952380954,2671.0476190476193,2610.6190476190477,2901.5714285714284,2665.4285714285716
2942.5238095238096,2863.3809523809523,2940.6190476190477,2801.7619047619046,2886.0,2634.2380952380954,2587.3333333333335,2919.8571428571427,2684.190476190476
2952.6666666666665,2863.285714285714,2914.2380952380954,2830.6190476190477,2876.6666666666665,2625.9523809523807,2599.190476190476,2907.714285714286,2680.285714285714
2951.2380952380954,2860.4285714285716,2929.4285714285716,2824.0476190476193,2899.7619047619046,2625.4761904761904,2574.6190476190477,2918.809523809524,2685.6666666666665
2984.1428571428573,2896.0,2946.4761904761904,2820.5714285714284,2897.2380952380954,2617.095238095238,2575.7619047619046,2882.904761904762,2658.809523809524
2963.4761904761904,2889.714285714286,2941.1428571428573,2834.095238095238,2908.285714285714,2601.2380952380954,2599.3809523809523,2876.5714285714284,2659.095238095238
2964.6666666666665,2840.285714285714,2959.4285714285716,2836.1428571428573,2885.809523809524,2607.3809523809523,2586.190476190476,2839.095238095238,2660.0476190476193
2973.0,2894.714285714286,2961.904761904762,2833.809523809524,2880.904761904762,2637.5714285714284,2595.5238095238096,2877.3809523809523,2673.6666666666665
2953.6666666666665,2884.4285714285716,2951.7619047619046,2827.3809523809523,2905.5714285714284,2761.4761904761904,2599.1428571428573,2891.3333333333335,2654.5238095238096
2970.095238095238,2891.904761904762,2952.0476190476193,2827.9523809523807,2877.7619047619046,2759.4285714285716,2577.7619047619046,2880.4285714285716,2661.285714285714
2957.3333333333335,2885.5238095238096,2981.6190476190477,2851.0476190476193,2880.4761904761904,2766.4761904761904,2588.3333333333335,2878.809523809524,2662.9523809523807
2925.0,2876.1428571428573,2963.3333333333335,2835.714285714286,2868.8571428571427,2765.190476190476,2588.9523809523807,2877.1428571428573,2669.7619047619046
2942.6666666666665,2884.7619047619046,2955.904761904762,2828.714285714286,2883.5238095238096,2759.809523809524,2585.5714285714284,2888.6190476190477,2680.714285714286
2955.285714285714,2859.904761904762,2959.809523809524,2829.904761904762,2938.095238095238,2746.2380952380954,2602.9523809523807,2884.0476190476193,2653.7619047619046
2943.714285714286,2877.285714285714,2965.0476190476193,2798.6190476190477,2858.714285714286,2733.4761904761904,2582.714285714286,2862.6666666666665,2657.3809523809523
2921.095238095238,2889.5714285714284,2964.1428571428573,2837.809523809524,2931.6666666666665,2741.714285714286,2599.095238095238,2893.4285714285716,2633.5714285714284
2931.0476190476193,2879.7619047619046,2970.809523809524,2825.0,2955.7619047619046,2731.809523809524,2582.190476190476,2881.9523809523807,2664.714285714286
2934.6190476190477,2865.5714285714284,2961.6666666666665,2844.285714285714,2935.4285714285716,2738.095238095238,2576.7619047619046,2874.3333333333335,2590.190476190476
2914.285714285714,2890.714285714286,2987.5714285714284,2825.4285714285716,2945.285714285714,2732.4285714285716,2583.2380952380954,2896.714285714286,2673.6666666666665
2919.0,2879.6666666666665,2986.8571428571427,2783.0,2955.1428571428573,2709.5714285714284,2608.285714285714,2867.2380952380954,2662.9523809523807
2931.3809523809523,2880.4285714285716,2975.714285714286,2786.0,2947.095238095238,2725.1428571428573,2581.2380952380954,2876.8571428571427,2656.1428571428573
2938.5714285714284,2884.285714285714,2978.2380952380954,2848.2380952380954,2953.190476190476,2718.3809523809523,2579.285714285714,2879.7619047619046,2589.285714285714
2943.7619047619046,2869.4285714285716,2960.4761904761904,2785.809523809524,2947.3333333333335,2717.6190476190477,2597.3333333333335,2889.714285714286,2683.3333333333335
2933.904761904762,2894.4285714285716,2967.9523809523807,2768.5714285714284,2951.3809523809523,2708.5714285714284,2576.3333333333335,2860.4761904761904,2595.285714285714
2905.5238095238096,2879.2380952380954,2971.809523809524,2786.8571428571427,2940.714285714286,2702.190476190476,2580.4285714285716,2874.190476190476,2656.5714285714284
2947.285714285714,2863.4285714285716,2980.190476190476,2820.0476190476193,2956.5238095238096,2705.9523809523807,2570.904761904762,2891.1428571428573,2676.0
2908.1428571428573,2863.285714285714,2985.6190476190477,2804.0,2964.5714285714284,2687.1428571428573,2593.714285714286,2858.5238095238096,2582.5714285714284
2917.2380952380954,2875.4761904761904,2991.904761904762,2784.6190476190477,2944.4761904761904,2687.4761904761904,2598.3333333333335,2870.285714285714,2671.9523809523807
2917.9523809523807,2868.6190476190477,2981.809523809524,2821.904761904762,2946.6666666666665,2682.6666666666665,2582.190476190476,2858.714285714286,2656.5714285714284
2927.3333333333335,2880.7619047619046,2987.190476190476,2804.1428571428573,2949.8571428571427,2686.095238095238,2570.809523809524,2871.4761904761904,2660.1428571428573
2917.190476190476,2870.2380952380954,2975.1428571428573,2809.714285714286,2978.5714285714284,2685.7619047619046,2591.0,2859.6666666666665,2577.0476190476193
2927.9523809523807,2877.285714285714,2983.2380952380954,2817.285714285714,2952.0476190476193,2722.4761904761904,2603.190476190476,2855.904761904762,2666.3809523809523
2904.9523809523807,2872.2380952380954,2975.190476190476,2804.095238095238,2979.3333333333335,2696.1428571428573,2582.5238095238096,2856.3809523809523,2651.285714285714
2912.5714285714284,2872.3333333333335,2987.7619047619046,2800.285714285714,2977.714285714286,2730.6666666666665,2591.809523809524,2887.809523809524,2659.4761904761904
2895.0,2868.1428571428573,2997.190476190476,2796.2380952380954,2963.714285714286,2720.809523809524,2606.809523809524,2880.190476190476,2660.285714285714
2945.904761904762,2866.6666666666665,2992.0,2816.1428571428573,2987.3809523809523,2725.8571428571427,2571.5238095238096,2867.2380952380954,2664.9523809523807
2904.095238095238,2881.6190476190477,2981.0476190476193,2783.9523809523807,2970.1428571428573,2807.6190476190477,2583.3809523809523,2869.095238095238,2657.6190476190477
2846.9523809523807,2869.5714285714284,2944.4285714285716,2796.5714285714284,2953.6666666666665,2792.6190476190477,2584.0,2818.5714285714284,2648.5714285714284
2904.5714285714284,2858.7619047619046,2997.4761904761904,2779.2380952380954,2969.6190476190477,2787.5714285714284,2592.4761904761904,2864.3333333333335,2670.904761904762
2879.5238095238096,2860.809523809524,3011.2380952380954,2786.714285714286,2959.6666666666665,2794.285714285714,2592.095238095238,2889.5238095238096,2675.4761904761904
2881.9523809523807,2857.5714285714284,2997.809523809524,2789.7619047619046,2983.5714285714284,2787.5714285714284,2589.6190476190477,2861.0476190476193,2698.0476190476193
2862.0,2855.285714285714,2956.3809523809523,2804.2380952380954,2967.3333333333335,2791.190476190476,2596.904761904762,2876.904761904762,2678.4285714285716
2842.4285714285716,2840.904761904762,2971.904761904762,2815.285714285714,2995.4761904761904,2758.7619047619046,2593.809523809524,2859.4761904761904,2694.1428571428573
2887.3809523809523,2883.1428571428573,2983.5714285714284,2812.0,2988.1428571428573,2786.7619047619046,2599.4761904761904,2899.7619047619046,2634.6666666666665
2898.8571428571427,2878.4761904761904,3018.2380952380954,2839.714285714286,3018.5238095238096,2839.3333333333335,2619.2380952380954,2903.4285714285716,2664.7619047619046
2923.8571428571427,2913.3333333333335,3039.5238095238096,2833.095238095238,3011.6666666666665,2887.0476190476193,2639.190476190476,2931.7619047619046,2722.714285714286
2938.809523809524,2934.0476190476193,3068.3333333333335,2870.0476190476193,3016.8571428571427,2869.2380952380954,2667.095238095238,2973.2380952380954,2732.7619047619046
2952.285714285714,2939.9523809523807,3087.6666666666665,2934.3333333333335,3083.1428571428573,2880.4285714285716,2692.9523809523807,3021.0476190476193,2739.4761904761904
3110.809523809524,3038.190476190476,3153.5714285714284,2967.809523809524,3185.4761904761904,2970.2380952380954,2711.3809523809523,3020.095238095238,2788.285714285714
3141.0,3013.904761904762,3181.7619047619046,2962.6190476190477,3144.8571428571427,2966.7619047619046,2746.285714285714,3037.3333333333335,2814.0
3147.6190476190477,3075.809523809524,3188.095238095238,2998.285714285714,3220.4761904761904,2992.285714285714,2756.714285714286,3082.8571428571427,2803.3809523809523
3172.4761904761904,3087.6190476190477,3221.7619047619046,2996.5238095238096,3186.190476190476,2970.0476190476193,2790.190476190476,3040.5714285714284,2860.190476190476
3186.3809523809523,3093.904761904762,3244.714285714286,3024.2380952380954,3168.7619047619046,3042.2380952380954,2764.904761904762,3096.285714285714,2848.1428571428573
3210.714285714286,3096.714285714286,3214.6666666666665,3026.6190476190477,3226.0,3028.095238095238,2818.714285714286,3088.8571428571427,2848.4285714285716
3222.3809523809523,3091.0,3253.3333333333335,3037.5714285714284,3288.809523809524,3050.095238095238,2761.5238095238096,3087.1428571428573,2880.190476190476
3215.3333333333335,3108.3333333333335,3221.190476190476,3014.809523809524,3268.809523809524,3041.4285714285716,2786.095238095238,3124.095238095238,2901.0476190476193
3223.5714285714284,3103.809523809524,3238.904761904762,3052.3333333333335,3289.5238095238096,3072.0,2789.8571428571427,3113.904761904762,2865.4285714285716
3249.1428571428573,3112.5238095238096,3243.0476190476193,3067.285714285714,3265.904761904762,3066.0476190476193,2780.809523809524,3108.5238095238096,2909.2380952380954
3280.5238095238096,3121.6190476190477,3239.2380952380954,3070.4285714285716,3275.1428571428573,3058.4761904761904,2824.2380952380954,3105.3809523809523,2895.7619047619046
3210.809523809524,3096.6190476190477,3221.0,3049.8571428571427,3272.0,3050.285714285714,2802.6190476190477,3118.4761904761904,2932.095238095238
3249.809523809524,3091.095238095238,3211.809523809524,3027.904761904762,3261.1428571428573,3024.9523809523807,2801.285714285714,3139.3809523809523,2926.6190476190477
3211.714285714286,3114.4285714285716,3208.4761904761904,3068.4761904761904,3246.0,3042.3333333333335,2797.904761904762,3111.5238095238096,2920.7619047619046
3190.3333333333335,3097.809523809524,3198.6666666666665,3031.6666666666665,3244.4285714285716,3013.4285714285716,2810.4285714285716,3092.809523809524,2899.4285714285716
3171.4285714285716,3074.5714285714284,3198.0476190476193,3044.6190476190477,3245.3333333333335,3025.904761904762,2788.7619047619046,3097.5238095238096,2907.2380952380954
3198.714285714286,3086.3333333333335,3204.8571428571427,3027.6666666666665,3226.9523809523807,3015.5238095238096,2793.8571428571427,3096.0,2896.7619047619046
3181.8571428571427,3059.0476190476193,3180.9523809523807,3039.6190476190477,3256.9523809523807,2994.9523809523807,2784.285714285714,3060.8571428571427,2901.3809523809523
3144.5714285714284,3077.6190476190477,3171.1428571428573,3034.2380952380954,3205.0476190476193,2992.3333333333335,2764.7619047619046,3094.9523809523807,2909.285714285714
3135.5714285714284,3072.0476190476193,3164.5714285714284,3016.1428571428573,3218.904761904762,2973.190476190476,2782.095238095238,3075.4761904761904,2918.095238095238
3145.809523809524,3075.0,3155.6190476190477,3023.8571428571427,3215.4761904761904,2971.809523809524,2775.4285714285716,3049.809523809524,2909.1428571428573
3148.0476190476193,3051.095238095238,3155.3809523809523,3033.7619047619046,3191.095238095238,2973.2380952380954,2794.3809523809523,3058.095238095238,2906.4761904761904
3110.190476190476,3006.9523809523807,3137.0476190476193,3018.8571428571427,3175.190476190476,2940.714285714286,2771.904761904762,3031.2380952380954,2872.5238095238096
3087.5714285714284,3009.7619047619046,3115.190476190476,2993.809523809524,3179.3333333333335,2939.3809523809523,2761.6666666666665,3024.095238095238,2865.9523809523807
3090.095238095238,3015.190476190476,3128.0,3019.2380952380954,3172.8571428571427,2923.714285714286,2728.809523809524,3005.095238095238,2882.285714285714
3064.3333333333335,3012.4761904761904,3098.5714285714284,3010.0476190476193,3145.2380952380954,2932.4761904761904,2753.4761904761904,3023.4761904761904,2902.2380952380954
3072.095238095238,2977.904761904762,3117.7619047619046,2992.190476190476,3161.7619047619046,2897.0476190476193,2722.4761904761904,2992.6666666666665,2856.5714285714284
3045.714285714286,2970.7619047619046,3090.285714285714,2964.285714285714,3140.714285714286,2920.285714285714,2723.8571428571427,2977.8571428571427,2854.4761904761904
3065.7619047619046,2968.095238095238,3097.9523809523807,2998.809523809524,3143.904761904762,2901.4285714285716,2731.6666666666665,2988.095238095238,2862.5714285714284
3050.190476190476,2992.3333333333335,3077.714285714286,2984.1428571428573,3121.6666666666665,2891.9523809523807,2722.3333333333335,2979.904761904762,2876.904761904762
3026.6666666666665,2980.2380952380954,3085.7619047619046,2980.2380952380954,3130.6666666666665,2872.9523809523807,2707.809523809524,2979.4285714285716,2835.190476190476
3029.285714285714,2947.6190476190477,3087.4285714285716,2984.190476190476,3110.0,2860.6666666666665,2715.095238095238,2973.904761904762,2791.7619047619046
3016.0476190476193,2965.6666666666665,3073.809523809524,2968.285714285714,3115.2380952380954,2871.095238095238,2703.8571428571427,2957.8571428571427,2819.6666666666665
2986.2380952380954,2932.4761904761904,3067.9523809523807,2950.190476190476,3095.4761904761904,2835.8571428571427,2671.4285714285716,2923.3809523809523,2800.1428571428573
2979.4285714285716,2962.4285714285716,3039.6666666666665,2938.4761904761904,3101.3333333333335,2842.5238095238096,2664.714285714286,2934.4285714285716,2812.2380952380954
2977.8571428571427,2930.4285714285716,3029.0476190476193,2940.0,3086.4285714285716,2822.7619047619046,2666.5714285714284,2909.6190476190477,2819.0476190476193
2970.1428571428573,2920.5714285714284,3013.904761904762,2942.190476190476,3065.285714285714,2815.3809523809523,2674.7619047619046,2894.095238095238,2778.1428571428573
2969.9523809523807,2887.7619047619046,2996.190476190476,2930.4761904761904,3040.095238095238,2810.3333333333335,2656.2380952380954,2886.8571428571427,2795.3809523809523
2949.904761904762,2901.904761904762,2993.095238095238,2941.285714285714,3062.4285714285716,2795.9523809523807,2663.5714285714284,2866.3333333333335,2787.6190476190477
2917.8571428571427,2910.9523809523807,2996.5238095238096,2937.3809523809523,3051.6666666666665,2765.285714285714,2634.6666666666665,2878.6190476190477,2760.285714285714
2911.9523809523807,2876.5714285714284,2993.5714285714284,2943.2380952380954,3035.3333333333335,2788.4285714285716,2623.3333333333335,2845.3809523809523,2763.5714285714284
2915.1428571428573,2886.809523809524,2963.714285714286,2894.6666666666665,3019.904761904762,2752.3809523809523,2620.6190476190477,2833.5714285714284,2748.904761904762
2879.1428571428573,2882.809523809524,2934.285714285714,2899.3809523809523,3024.3333333333335,2758.5238095238096,2607.809523809524,2823.1428571428573,2770.0476190476193
2855.285714285714,2851.6190476190477,2934.904761904762,2859.190476190476,3013.0476190476193,2724.5714285714284,2600.3333333333335,2799.8571428571427,2766.3333333333335
2839.1428571428573,2843.2380952380954,2926.1428571428573,2873.095238095238,2981.2380952380954,2703.9523809523807,2575.809523809524,2757.0476190476193,2712.4285714285716
2853.6190476190477,2830.9523809523807,2934.8571428571427,2869.1428571428573,2962.1428571428573,2691.3809523809523,2563.3809523809523,2756.095238095238,2726.5238095238096
2819.3809523809523,2825.8571428571427,2928.809523809524,2861.6666666666665,2938.0,2671.1428571428573,2568.0,2762.9523809523807,2709.285714285714
2821.6190476190477,2832.6190476190477,2887.714285714286,2852.4285714285716,2937.904761904762,2673.8571428571427,2563.2380952380954,2744.5714285714284,2721.0
2796.3333333333335,2815.0476190476193,2903.0,2862.0476190476193,2934.3333333333335,2651.5714285714284,2564.1428571428573,2727.5714285714284,2676.6666666666665
2800.285714285714,2802.6666666666665,2908.1428571428573,2847.190476190476,2927.0,2665.4285714285716,2573.5714285714284,2714.809523809524,2714.6190476190477
2774.3809523809523,2823.6666666666665,2895.5238095238096,2839.7619047619046,2930.7619047619046,2645.904761904762,2574.3333333333335,2713.5238095238096,2692.095238095238
2789.3809523809523,2784.5238095238096,2875.1428571428573,2832.904761904762,2899.6190476190477,2636.4285714285716,2545.2380952380954,2709.9523809523807,2671.7619047619046
2742.8571428571427,2782.8571428571427,2866.5238095238096,2819.8571428571427,2894.904761904762,2624.095238095238,2563.5238095238096,2712.285714285714,2670.904761904762
2765.9523809523807,2782.4285714285716,2848.6190476190477,2831.095238095238,2903.095238095238,2624.5238095238096,2534.714285714286,2694.5714285714284,2673.904761904762
2763.0476190476193,2781.809523809524,2845.095238095238,2835.4761904761904,2904.5714285714284,2621.5714285714284,2527.1428571428573,2651.904761904762,2689.190476190476
2738.8571428571427,2759.8571428571427,2848.5238095238096,2799.5714285714284,2900.0476190476193,2605.8571428571427,2538.190476190476,2672.190476190476,2668.2380952380954
