5055.857142857143,11219.47619047619,7182.809523809524,8914.0,7069.476190476191,6127.142857142857,6363.666666666667,5407.523809523809,12885.809523809523,8514.714285714286
4952.809523809524,11309.42857142857,6936.190476190476,8885.952380952382,7023.0952380952385,6120.0952380952385,6339.190476190476,5386.190476190476,13065.761904761905,8375.047619047618
4877.0,11204.52380952381,6741.476190476191,8684.238095238095,6925.809523809524,5947.285714285715,6247.142857142857,5364.238095238095,12656.714285714286,8277.857142857143
4733.714285714285,11163.761904761905,6705.047619047619,8630.095238095239,6940.238095238095,5820.285714285715,6137.714285714285,5294.190476190476,12487.333333333334,8133.761904761905
4605.0,10960.809523809523,6558.523809523809,8420.952380952382,6751.761904761905,5680.0,6098.047619047619,5258.0,12266.380952380952,8005.333333333333
4507.857142857143,10741.142857142857,6486.0952380952385,8259.333333333334,6557.476190476191,5595.476190476191,6028.952380952381,5188.809523809524,12142.0,7863.714285714285
4426.666666666667,10451.57142857143,6371.380952380952,7999.952380952381,6447.714285714285,5523.619047619048,5917.619047619048,5170.428571428572,12010.714285714286,7798.428571428572
4397.0,10287.857142857143,6292.714285714285,7923.476190476191,6317.476190476191,5441.0952380952385,5886.761904761905,5123.952380952381,11851.809523809523,7748.619047619048
4282.190476190476,10131.095238095239,6216.0952380952385,7769.190476190476,6181.333333333333,5415.523809523809,5850.380952380952,5081.285714285715,11605.238095238095,7620.285714285715
5955.952380952381,12799.047619047618,7841.9047619047615,9280.809523809523,7772.0,7024.142857142857,6802.285714285715,5612.571428571428,13077.809523809523,8838.333333333334
10355.857142857143,21485.0,13345.47619047619,14157.857142857143,13446.285714285714,14178.095238095239,12145.857142857143,9339.190476190477,17007.095238095237,14250.285714285714
15256.047619047618,33554.142857142855,26182.95238095238,21255.380952380954,17537.095238095237,22073.04761904762,27389.666666666668,21940.428571428572,25217.714285714286,26401.238095238095
15111.619047619048,33151.857142857145,27267.95238095238,21044.190476190477,17126.761904761905,21761.714285714286,28393.285714285714,23769.85714285714,26089.14285714286,26564.571428571428
14850.666666666666,32876.857142857145,28576.285714285714,20862.14285714286,17122.52380952381,21605.52380952381,28187.095238095237,25727.904761904763,27389.95238095238,26586.666666666668
14795.857142857143,32670.285714285714,29325.85714285714,20705.666666666668,16870.666666666668,21408.238095238095,27985.285714285714,26442.0,28450.52380952381,26358.52380952381
14574.809523809523,32471.571428571428,29911.47619047619,20500.85714285714,16864.285714285714,21314.333333333332,27860.190476190477,26856.85714285714,29063.714285714286,26276.238095238095
14384.904761904761,32347.04761904762,30848.095238095237,20204.428571428572,16691.666666666668,21135.761904761905,27479.238095238095,26822.333333333332,29705.761904761905,26143.190476190477
14328.809523809523,32163.238095238095,31825.85714285714,20188.47619047619,16667.380952380954,20947.571428571428,28616.761904761905,26767.761904761905,30121.571428571428,26069.809523809523
14187.761904761905,31948.380952380954,32405.85714285714,19680.285714285714,16463.0,20763.571428571428,28343.47619047619,26499.095238095237,30344.47619047619,25803.095238095237
14080.57142857143,32002.904761904763,32767.428571428572,19194.761904761905,16350.666666666666,20641.85714285714,28204.85714285714,26429.619047619046,30555.428571428572,25757.761904761905
14024.285714285714,31621.666666666668,33074.57142857143,18913.904761904763,16311.42857142857,20436.904761904763,28083.714285714286,26197.761904761905,30678.14285714286,25579.380952380954
13966.809523809523,31427.428571428572,33317.333333333336,18508.85714285714,16341.42857142857,20647.809523809523,28009.809523809523,25995.809523809523,30822.04761904762,25531.47619047619
14584.238095238095,32995.0,31747.52380952381,17473.333333333332,16186.285714285714,20285.285714285714,26852.47619047619,23582.666666666668,29689.428571428572,22998.238095238095
14601.285714285714,33185.47619047619,31735.47619047619,17443.285714285714,16216.42857142857,19900.809523809523,26818.52380952381,23558.761904761905,29790.428571428572,23091.761904761905
14599.190476190477,33056.71428571428,31591.95238095238,17193.190476190477,16092.47619047619,19696.190476190477,25742.52380952381,23260.0,29602.666666666668,22846.761904761905
14585.333333333334,33179.95238095238,31400.238095238095,17050.714285714286,16071.47619047619,19695.14285714286,25817.238095238095,22976.47619047619,29491.809523809523,22738.571428571428
14491.42857142857,32879.0,31307.761904761905,16826.95238095238,16124.238095238095,19556.428571428572,25714.571428571428,22923.285714285714,29423.95238095238,22800.238095238095
14434.47619047619,33068.619047619046,31235.428571428572,16782.904761904763,15948.42857142857,19587.904761904763,25502.52380952381,22655.571428571428,29362.333333333332,22666.380952380954
14456.333333333334,32998.71428571428,31007.714285714286,16661.761904761905,15935.238095238095,19787.285714285714,26463.619047619046,22568.380952380954,29250.14285714286,22515.809523809523
14346.47619047619,32857.23809523809,30962.04761904762,16602.85714285714,15899.333333333334,19775.14285714286,25406.04761904762,22309.380952380954,29115.809523809523,22431.190476190477
14246.380952380952,33005.90476190476,30759.619047619046,16446.85714285714,15797.047619047618,19768.333333333332,26173.333333333332,22148.619047619046,29060.619047619046,22527.380952380954
14218.42857142857,32742.809523809523,30840.809523809523,16266.952380952382,15743.42857142857,19726.190476190477,25956.85714285714,22348.04761904762,28971.904761904763,22488.095238095237
14226.047619047618,32682.238095238095,30765.190476190477,16292.380952380952,15825.380952380952,19614.285714285714,25038.85714285714,22236.47619047619,29076.95238095238,22385.52380952381
14062.0,32790.57142857143,30289.47619047619,16003.333333333334,15644.142857142857,19174.333333333332,24073.52380952381,21222.380952380954,28385.238095238095,22028.47619047619
13917.285714285714,32942.619047619046,30109.47619047619,15931.952380952382,15636.380952380952,19070.904761904763,23836.0,20992.809523809523,28318.14285714286,21999.666666666668
13931.095238095239,32940.380952380954,29961.571428571428,15971.285714285714,15539.904761904761,18960.95238095238,23594.714285714286,20823.333333333332,28077.619047619046,21917.761904761905
13818.57142857143,32843.76190476191,29792.0,15916.857142857143,15504.142857142857,18779.47619047619,23379.04761904762,20422.428571428572,27922.666666666668,21895.714285714286
13781.809523809523,32746.14285714286,29580.428571428572,15699.47619047619,15564.952380952382,18821.095238095237,22935.52380952381,20216.380952380954,27843.238095238095,21734.47619047619
13719.047619047618,32731.666666666668,29597.904761904763,15681.952380952382,15515.857142857143,18658.285714285714,22713.428571428572,20059.619047619046,27682.04761904762,21610.238095238095
13714.809523809523,32654.095238095237,29468.571428571428,15680.238095238095,15482.285714285714,18546.190476190477,22472.761904761905,19921.85714285714,27628.85714285714,21528.333333333332
13687.714285714286,32582.95238095238,29484.761904761905,15614.619047619048,15394.619047619048,18470.571428571428,22245.14285714286,19834.809523809523,27652.619047619046,21511.333333333332
13617.52380952381,32299.904761904763,29412.333333333332,15604.52380952381,15407.57142857143,18472.095238095237,21785.85714285714,19627.04761904762,27622.428571428572,21497.761904761905
13616.047619047618,32302.52380952381,28998.714285714286,15634.619047619048,15341.047619047618,18546.285714285714,21465.095238095237,19405.85714285714,27413.809523809523,21583.761904761905
13509.619047619048,32137.95238095238,28964.904761904763,15593.142857142857,15319.285714285714,18380.428571428572,21277.0,19165.714285714286,27254.238095238095,21397.85714285714
13246.666666666666,31908.238095238095,28619.47619047619,15579.57142857143,15106.952380952382,18172.52380952381,20647.95238095238,18726.285714285714,26508.14285714286,21190.095238095237
13122.761904761905,31876.04761904762,28489.714285714286,15534.52380952381,15030.619047619048,18138.619047619046,20617.04761904762,18649.619047619046,26732.95238095238,21161.0
13161.619047619048,31901.714285714286,28287.666666666668,15520.52380952381,14967.142857142857,18061.666666666668,20678.285714285714,18633.285714285714,26508.238095238095,21105.285714285714
13126.47619047619,31714.238095238095,28358.238095238095,15454.666666666666,14954.047619047618,17932.619047619046,20596.285714285714,18566.52380952381,26202.0,21045.619047619046
13222.047619047618,31750.380952380954,28314.619047619046,15318.095238095239,14972.380952380952,17901.761904761905,20522.285714285714,18463.714285714286,26172.095238095237,20930.333333333332
13148.952380952382,31605.571428571428,28103.428571428572,15380.619047619048,14931.047619047618,17846.809523809523,20512.238095238095,18378.95238095238,26052.095238095237,20840.47619047619
13034.285714285714,31465.761904761905,27713.0,15212.0,14889.047619047618,17919.52380952381,20383.761904761905,18355.761904761905,26062.95238095238,20843.809523809523
13083.761904761905,31429.47619047619,27891.238095238095,15262.52380952381,14828.047619047618,17833.47619047619,20301.619047619046,18274.380952380954,26014.85714285714,20751.285714285714
13020.0,31215.761904761905,27968.190476190477,15015.666666666666,14766.904761904761,17782.714285714286,20325.380952380954,18260.666666666668,25846.714285714286,20704.666666666668
12957.47619047619,31094.619047619046,27932.095238095237,15074.52380952381,14812.47619047619,17682.190476190477,20223.47619047619,18173.761904761905,25806.380952380954,20747.52380952381
12902.714285714286,30962.85714285714,27841.904761904763,15013.52380952381,14727.619047619048,17853.619047619046,20053.333333333332,18199.14285714286,25751.85714285714,20744.714285714286
13237.380952380952,30914.190476190477,28729.52380952381,15060.142857142857,14346.52380952381,17733.14285714286,19976.619047619046,18344.761904761905,25550.85714285714,21300.04761904762
13153.666666666666,30748.285714285714,28782.04761904762,15061.857142857143,14110.42857142857,17716.14285714286,19988.95238095238,18310.095238095237,25502.0,21284.904761904763
13250.095238095239,30568.95238095238,28671.95238095238,15004.285714285714,14086.619047619048,17642.04761904762,20058.666666666668,18322.238095238095,25050.380952380954,21264.85714285714
13227.904761904761,30484.0,28445.619047619046,15123.857142857143,14031.285714285714,17562.47619047619,19966.238095238095,18260.904761904763,25332.0,21171.14285714286
13140.142857142857,30367.809523809523,28537.571428571428,15070.238095238095,13953.47619047619,17423.904761904763,19938.761904761905,18257.095238095237,25161.714285714286,21046.095238095237
13056.238095238095,30173.85714285714,28578.809523809523,14993.333333333334,13750.666666666666,17309.285714285714,19805.666666666668,18219.14285714286,25042.095238095237,21005.619047619046
13129.952380952382,29971.47619047619,28534.52380952381,14882.0,13665.666666666666,17115.571428571428,19846.04761904762,18274.190476190477,24947.904761904763,20850.809523809523
13032.047619047618,29745.0,28422.666666666668,14871.952380952382,13583.666666666666,16970.428571428572,19840.761904761905,18291.238095238095,24944.714285714286,20769.238095238095
13055.47619047619,29712.666666666668,28394.238095238095,14878.142857142857,13540.095238095239,16804.52380952381,19919.285714285714,18116.571428571428,24803.380952380954,20731.285714285714
12942.238095238095,29761.904761904763,28300.904761904763,14830.333333333334,13455.857142857143,16655.238095238095,19882.904761904763,18178.571428571428,25174.95238095238,20637.333333333332
12917.619047619048,29696.619047619046,28088.238095238095,14708.57142857143,13369.0,16544.0,20206.85714285714,18081.761904761905,24489.95238095238,20614.238095238095
12384.380952380952,29058.333333333332,26847.95238095238,14361.238095238095,12957.047619047618,16368.904761904761,20244.95238095238,17552.380952380954,24110.14285714286,19540.333333333332
12336.52380952381,29023.04761904762,26722.0,14371.52380952381,12952.47619047619,16284.333333333334,20277.809523809523,17444.761904761905,24130.52380952381,19936.904761904763
12260.238095238095,28780.666666666668,26708.666666666668,14362.904761904761,12827.095238095239,16386.428571428572,20114.619047619046,17428.52380952381,23929.85714285714,19816.095238095237
12276.142857142857,28814.238095238095,26645.571428571428,14319.619047619048,12743.714285714286,16401.47619047619,20238.666666666668,17394.761904761905,23718.285714285714,19791.47619047619
12269.142857142857,28568.52380952381,26664.238095238095,14288.380952380952,12655.714285714286,16345.57142857143,20237.904761904763,17266.04761904762,23839.571428571428,19650.619047619046
12229.380952380952,28536.619047619046,26698.190476190477,14208.619047619048,12681.857142857143,16366.238095238095,20298.85714285714,17340.85714285714,23710.428571428572,19636.380952380954
12144.52380952381,28247.52380952381,26571.47619047619,14224.190476190477,12683.142857142857,16325.333333333334,20285.666666666668,17289.428571428572,23436.85714285714,19590.0
12158.761904761905,28112.619047619046,26647.809523809523,14108.809523809523,12662.904761904761,16302.285714285714,20341.761904761905,17283.809523809523,23511.095238095237,19477.380952380954
12229.619047619048,27958.190476190477,26559.47619047619,14151.714285714286,12572.142857142857,16237.57142857143,20409.238095238095,17199.52380952381,23385.619047619046,19403.85714285714
12191.095238095239,27715.904761904763,26611.285714285714,14133.952380952382,12570.095238095239,16284.285714285714,20419.190476190477,17161.14285714286,23469.095238095237,19423.761904761905
12109.857142857143,27488.14285714286,26574.714285714286,13967.333333333334,12508.238095238095,16324.190476190477,20378.190476190477,17111.571428571428,23023.95238095238,19265.095238095237
11918.52380952381,26695.333333333332,26554.238095238095,13945.57142857143,12380.42857142857,16393.428571428572,20537.85714285714,16950.571428571428,22658.238095238095,18812.85714285714
11851.619047619048,26568.285714285714,26550.571428571428,13948.57142857143,12342.380952380952,16435.85714285714,20428.47619047619,17010.095238095237,22601.571428571428,18930.85714285714
11850.761904761905,26304.904761904763,26550.809523809523,13954.857142857143,12321.47619047619,16536.904761904763,20533.904761904763,16959.285714285714,22682.14285714286,18902.904761904763
11838.952380952382,26134.14285714286,26537.14285714286,13927.714285714286,12139.619047619048,16598.809523809523,20491.14285714286,16883.04761904762,22549.52380952381,18843.904761904763
11859.285714285714,25934.04761904762,26446.095238095237,13812.190476190477,12152.47619047619,16576.095238095237,20417.47619047619,16829.714285714286,22481.380952380954,18779.190476190477
11871.0,25773.85714285714,26245.04761904762,13769.42857142857,12096.57142857143,16617.190476190477,20381.428571428572,16759.52380952381,22448.238095238095,18716.095238095237
11763.57142857143,25562.52380952381,26352.333333333332,13699.619047619048,12105.714285714286,16638.714285714286,20151.85714285714,16728.666666666668,22259.0,18650.714285714286
11679.809523809523,25463.238095238095,26245.52380952381,13652.142857142857,12118.42857142857,16712.0,20147.85714285714,16741.761904761905,22243.428571428572,18601.285714285714
11673.42857142857,25405.52380952381,26342.809523809523,13669.952380952382,12019.142857142857,16674.0,20084.761904761905,16667.85714285714,22247.380952380954,18571.095238095237
11595.47619047619,25356.380952380954,26322.619047619046,13618.714285714286,11912.380952380952,16685.85714285714,20066.04761904762,16693.47619047619,22175.190476190477,18579.285714285714
11646.666666666666,25141.47619047619,26228.761904761905,13529.238095238095,11927.095238095239,16735.190476190477,20071.619047619046,16593.428571428572,22082.571428571428,18561.85714285714
11588.333333333334,24810.47619047619,26157.238095238095,13335.857142857143,11774.714285714286,16672.809523809523,19845.14285714286,16616.619047619046,21604.666666666668,18462.809523809523
11570.57142857143,24682.095238095237,26114.428571428572,13214.666666666666,11685.952380952382,16746.95238095238,19937.190476190477,16562.85714285714,21415.47619047619,18431.0
11577.904761904761,24630.333333333332,26288.238095238095,13205.095238095239,11694.095238095239,16734.666666666668,19918.190476190477,16529.571428571428,21320.52380952381,18449.85714285714
11608.047619047618,24517.47619047619,26076.95238095238,13183.380952380952,11644.761904761905,16771.14285714286,19806.285714285714,16510.714285714286,21183.14285714286,18406.619047619046
11486.47619047619,24405.14285714286,26171.85714285714,13137.714285714286,11590.333333333334,16725.14285714286,19829.238095238095,16523.380952380954,21083.0,18369.0
11493.619047619048,24413.47619047619,26168.666666666668,13030.52380952381,11540.095238095239,16681.428571428572,19888.95238095238,16468.04761904762,20953.190476190477,18345.47619047619
11415.142857142857,24189.14285714286,26109.095238095237,13023.190476190477,11436.904761904761,16670.85714285714,19744.571428571428,16401.095238095237,20893.571428571428,18309.380952380954
11386.809523809523,24115.619047619046,26110.428571428572,12997.095238095239,11375.904761904761,16688.14285714286,19799.190476190477,16397.333333333332,20764.333333333332,18241.380952380954
11304.142857142857,24150.571428571428,25938.14285714286,12885.666666666666,11330.619047619048,16621.238095238095,19805.04761904762,16305.857142857143,20554.761904761905,18169.95238095238
11325.47619047619,24049.619047619046,26183.571428571428,12792.0,11222.42857142857,16658.333333333332,19690.47619047619,16325.57142857143,20571.666666666668,18154.333333333332
11225.714285714286,23908.380952380954,26001.380952380954,12756.142857142857,11232.42857142857,16653.904761904763,19649.47619047619,16256.619047619048,20374.809523809523,18129.380952380954
11241.857142857143,23862.428571428572,25805.95238095238,12562.809523809523,11245.285714285714,16719.428571428572,19419.619047619046,16115.666666666666,19780.571428571428,17928.238095238095
11294.095238095239,23958.52380952381,25790.428571428572,12556.714285714286,11096.333333333334,16729.0,19262.428571428572,16044.380952380952,19771.666666666668,17922.095238095237
11282.904761904761,24026.238095238095,25886.52380952381,12466.666666666666,11163.714285714286,16677.14285714286,19121.571428571428,15985.952380952382,19932.571428571428,17945.85714285714
11249.761904761905,24070.809523809523,25863.85714285714,12473.0,11155.857142857143,16619.761904761905,19129.238095238095,15909.666666666666,19860.380952380954,17900.380952380954
11272.857142857143,23627.85714285714,25728.0,12460.809523809523,11129.47619047619,16758.809523809523,19210.095238095237,15623.0,19659.85714285714,17820.190476190477
11153.714285714286,24002.285714285714,25728.333333333332,12430.238095238095,11145.952380952382,16557.380952380954,19074.95238095238,15773.666666666666,19492.380952380954,17800.380952380954
11180.666666666666,23897.14285714286,25553.52380952381,12397.904761904761,11198.095238095239,16598.619047619046,19179.95238095238,15753.857142857143,19203.714285714286,17738.14285714286
11045.42857142857,23949.095238095237,25703.190476190477,12506.190476190477,11232.619047619048,16601.85714285714,19212.52380952381,15760.380952380952,19164.95238095238,17709.0
11068.0,23846.95238095238,25499.190476190477,12282.761904761905,11197.142857142857,16552.95238095238,19287.47619047619,15705.333333333334,19102.571428571428,17721.428571428572
11006.952380952382,23948.714285714286,25446.619047619046,12302.666666666666,11249.52380952381,16496.380952380954,19306.52380952381,15692.238095238095,18921.0,17546.52380952381
10931.952380952382,23942.333333333332,25364.619047619046,12291.57142857143,11204.380952380952,16405.190476190477,19439.95238095238,15675.666666666666,18593.14285714286,17484.809523809523
10990.42857142857,24217.04761904762,26110.333333333332,12114.619047619048,11182.238095238095,16130.714285714286,19357.666666666668,15733.809523809523,18616.904761904763,17779.095238095237
10987.714285714286,24118.52380952381,26038.714285714286,12118.380952380952,11232.57142857143,16117.952380952382,19355.761904761905,15639.380952380952,18212.761904761905,17656.428571428572
10995.57142857143,24151.619047619046,26017.333333333332,12070.619047619048,11208.52380952381,16355.904761904761,19210.04761904762,15586.095238095239,18666.47619047619,17718.428571428572
10973.42857142857,24074.428571428572,26089.904761904763,11936.857142857143,11100.333333333334,16377.809523809523,19153.14285714286,15548.619047619048,18022.428571428572,17621.904761904763
11112.095238095239,24065.04761904762,26113.095238095237,11828.190476190477,11163.57142857143,16110.666666666666,19260.52380952381,15320.857142857143,17854.714285714286,17547.666666666668
11174.904761904761,23908.0,26055.761904761905,11895.952380952382,11087.238095238095,16363.857142857143,19175.428571428572,15241.095238095239,18202.95238095238,17494.52380952381
11164.904761904761,23862.428571428572,25939.190476190477,11847.0,11123.857142857143,16320.380952380952,19133.04761904762,15108.142857142857,18207.333333333332,17471.619047619046
11129.52380952381,23942.238095238095,25824.714285714286,11836.285714285714,11152.809523809523,16407.666666666668,19142.47619047619,14975.809523809523,17498.04761904762,17414.333333333332
11178.142857142857,23754.619047619046,25701.190476190477,11738.666666666666,11122.0,16262.190476190477,19211.714285714286,14918.809523809523,18072.14285714286,17405.85714285714
11046.714285714286,23758.52380952381,25402.85714285714,11733.57142857143,11118.952380952382,16251.809523809523,19183.761904761905,14785.42857142857,17855.190476190477,17405.85714285714
11113.809523809523,23637.333333333332,25468.428571428572,11641.333333333334,11124.761904761905,16226.857142857143,19030.714285714286,14805.238095238095,17838.95238095238,17467.285714285714
10593.666666666666,23557.0,24846.85714285714,11412.42857142857,10701.57142857143,16092.142857142857,18628.285714285714,14552.047619047618,17507.14285714286,17258.0
10605.333333333334,23438.428571428572,24885.571428571428,11351.380952380952,10724.380952380952,16072.238095238095,18614.04761904762,14440.52380952381,17389.95238095238,17182.714285714286
10665.333333333334,23395.619047619046,24840.95238095238,11302.47619047619,10748.047619047618,16090.47619047619,18573.809523809523,14328.047619047618,17207.238095238095,17175.904761904763
10726.42857142857,23310.619047619046,24927.85714285714,11360.809523809523,10797.42857142857,15956.190476190477,18567.95238095238,14286.285714285714,17201.666666666668,17459.333333333332
10795.761904761905,23398.666666666668,24723.571428571428,11230.619047619048,10756.380952380952,15948.285714285714,18334.95238095238,14148.52380952381,16991.47619047619,17336.428571428572
10839.619047619048,23204.428571428572,24852.14285714286,11202.42857142857,10761.857142857143,15991.47619047619,18275.85714285714,14096.333333333334,16972.238095238095,17372.85714285714
10881.952380952382,23271.571428571428,24753.238095238095,11201.666666666666,10822.57142857143,15983.952380952382,18140.571428571428,13957.190476190477,16831.190476190477,17326.619047619046
10938.857142857143,23168.428571428572,24707.904761904763,11145.047619047618,10774.238095238095,15861.190476190477,17954.85714285714,13760.095238095239,16582.238095238095,17337.52380952381
10908.857142857143,23067.761904761905,24642.95238095238,11074.952380952382,10800.42857142857,15825.619047619048,17886.04761904762,13684.761904761905,16631.238095238095,17318.04761904762
10932.666666666666,23106.714285714286,24613.714285714286,10978.047619047618,10751.761904761905,15762.904761904761,17785.04761904762,13594.714285714286,16401.380952380954,17283.190476190477
10982.714285714286,22991.04761904762,24615.809523809523,10922.190476190477,10714.666666666666,15671.619047619048,17763.619047619046,13453.714285714286,16293.761904761905,17196.04761904762
10933.42857142857,22849.428571428572,24315.904761904763,10878.57142857143,10603.42857142857,15569.333333333334,17686.809523809523,13324.285714285714,16069.142857142857,17183.85714285714
10934.095238095239,22775.761904761905,24247.809523809523,10775.047619047618,10614.666666666666,15457.142857142857,17619.428571428572,13169.190476190477,15800.42857142857,17033.761904761905
10925.714285714286,22741.761904761905,24296.52380952381,10698.0,10569.761904761905,15362.857142857143,17663.190476190477,13122.142857142857,15928.904761904761,17058.0
10938.952380952382,22682.714285714286,24311.761904761905,10716.57142857143,10584.761904761905,15300.47619047619,17563.428571428572,12994.952380952382,14612.42857142857,16951.714285714286
10969.285714285714,22655.666666666668,24209.095238095237,10683.238095238095,10552.952380952382,15292.666666666666,17512.666666666668,12938.52380952381,14555.904761904761,16826.619047619046
10953.238095238095,22727.47619047619,24104.85714285714,10670.952380952382,10536.095238095239,15278.238095238095,17435.238095238095,12912.190476190477,15374.142857142857,16706.333333333332
10935.142857142857,22694.238095238095,24236.809523809523,10586.57142857143,10504.904761904761,15235.857142857143,17451.666666666668,12749.0,14384.904761904761,16621.47619047619
10839.809523809523,22676.0,24191.285714285714,10532.666666666666,10461.857142857143,15173.952380952382,17245.04761904762,12620.809523809523,15368.047619047618,16512.428571428572
10862.52380952381,22784.95238095238,24142.85714285714,10486.333333333334,10453.857142857143,15100.57142857143,17172.666666666668,12557.809523809523,15347.095238095239,16529.47619047619
10766.47619047619,22791.333333333332,24195.95238095238,10441.57142857143,10456.0,15044.761904761905,17041.0,12497.952380952382,15352.809523809523,16376.761904761905
10768.0,22886.904761904763,24136.571428571428,10319.190476190477,10303.42857142857,15038.333333333334,16941.52380952381,12420.57142857143,14291.904761904761,16340.619047619048
10686.0,22724.380952380954,24049.380952380954,10269.380952380952,10340.47619047619,14930.333333333334,16608.380952380954,12128.809523809523,13966.42857142857,16158.333333333334
10639.095238095239,22705.904761904763,24098.666666666668,10239.333333333334,10362.57142857143,14819.952380952382,16594.380952380954,12087.761904761905,14031.619047619048,16248.666666666666
10683.0,22679.190476190477,23960.666666666668,10218.42857142857,10320.761904761905,14684.52380952381,16499.428571428572,11957.809523809523,14349.57142857143,16224.47619047619
10693.047619047618,22705.380952380954,24066.190476190477,10226.52380952381,10348.857142857143,14653.761904761905,16384.285714285714,11987.0,14916.238095238095,16120.285714285714
10687.095238095239,22630.095238095237,24022.52380952381,10161.761904761905,10311.57142857143,14596.42857142857,16350.047619047618,11857.42857142857,14877.714285714286,16071.857142857143
10749.285714285714,22528.52380952381,23949.0,10162.142857142857,10262.0,14439.666666666666,16126.619047619048,11724.809523809523,14854.285714285714,16024.52380952381
10637.142857142857,22388.333333333332,23815.190476190477,10095.238095238095,10212.52380952381,14409.047619047618,15968.57142857143,11664.52380952381,14248.57142857143,15854.333333333334
10706.666666666666,22474.285714285714,23982.809523809523,10001.0,10242.47619047619,14185.904761904761,15852.904761904761,11607.238095238095,13745.52380952381,15760.42857142857
10760.42857142857,22489.095238095237,23877.904761904763,9963.619047619048,10240.714285714286,14231.52380952381,15695.761904761905,11545.904761904761,13649.333333333334,15582.142857142857
10724.761904761905,22458.761904761905,23923.0,10014.42857142857,10221.0,14187.857142857143,15612.142857142857,11503.809523809523,14025.666666666666,15502.238095238095
10693.285714285714,22570.0,23644.714285714286,9899.57142857143,10222.0,13998.666666666666,15352.238095238095,11346.57142857143,13915.285714285714,15362.666666666666
10663.238095238095,22150.190476190477,23695.428571428572,9828.42857142857,10288.142857142857,13649.47619047619,14800.952380952382,11090.52380952381,13518.52380952381,15035.333333333334
10566.904761904761,22088.238095238095,23636.04761904762,9774.42857142857,10295.47619047619,13644.857142857143,14775.904761904761,11044.904761904761,13995.285714285714,14923.47619047619
10496.57142857143,22072.904761904763,23740.85714285714,9741.952380952382,10288.142857142857,13587.904761904761,14573.047619047618,10944.714285714286,13117.666666666666,14823.904761904761
10511.857142857143,21924.571428571428,23634.619047619046,9675.333333333334,10303.952380952382,13563.0,14484.047619047618,10837.47619047619,13028.42857142857,14743.904761904761
10513.857142857143,21928.761904761905,23505.095238095237,9720.095238095239,10303.047619047618,13481.52380952381,14390.52380952381,10735.952380952382,12941.095238095239,14663.190476190477
10491.857142857143,21971.0,23484.238095238095,9785.333333333334,10359.619047619048,13406.52380952381,14178.42857142857,10631.095238095239,12902.142857142857,14572.42857142857
10454.761904761905,21972.333333333332,23470.190476190477,9702.857142857143,10332.047619047618,13173.666666666666,14136.190476190477,10623.142857142857,12836.095238095239,14434.47619047619
10431.095238095239,21807.428571428572,23426.809523809523,9721.380952380952,10325.142857142857,12976.952380952382,13957.095238095239,10549.42857142857,12829.666666666666,14359.52380952381
10397.666666666666,21985.666666666668,23346.333333333332,9654.238095238095,10343.904761904761,12906.333333333334,13859.190476190477,10504.57142857143,12849.52380952381,14176.380952380952
10390.809523809523,21656.85714285714,23285.52380952381,9732.190476190477,10420.095238095239,12733.619047619048,13722.57142857143,10370.142857142857,12751.047619047618,14041.952380952382
10378.0,21734.285714285714,23285.190476190477,9794.238095238095,10466.095238095239,12659.904761904761,13610.095238095239,10361.142857142857,12704.714285714286,13924.333333333334
10684.333333333334,21626.04761904762,23625.52380952381,9860.285714285714,10421.904761904761,12161.714285714286,13191.761904761905,10141.666666666666,13011.761904761905,13417.095238095239
10674.47619047619,21622.333333333332,23911.285714285714,9834.619047619048,10311.380952380952,12082.857142857143,13175.47619047619,10062.857142857143,13054.238095238095,13469.809523809523
10692.47619047619,21613.52380952381,23913.0,9921.095238095239,10316.619047619048,11905.0,13096.857142857143,10045.0,13032.809523809523,13384.57142857143
10667.047619047618,21537.714285714286,23849.380952380954,9869.666666666666,10202.42857142857,11703.0,12872.952380952382,9961.47619047619,12752.904761904761,13290.857142857143
10692.285714285714,21530.714285714286,23844.714285714286,9734.190476190477,10285.380952380952,11535.952380952382,12725.714285714286,9901.904761904761,12818.42857142857,13202.47619047619
10737.809523809523,21449.0,23768.571428571428,9800.047619047618,10236.809523809523,11396.285714285714,12632.857142857143,9900.714285714286,12742.095238095239,13142.285714285714
10714.52380952381,21522.095238095237,23722.904761904763,9716.380952380952,10211.238095238095,11244.095238095239,12538.380952380952,9786.095238095239,12625.666666666666,13037.52380952381
10739.42857142857,21447.571428571428,23631.619047619046,9749.666666666666,10149.52380952381,11069.57142857143,12344.095238095239,9767.333333333334,12652.0,12967.714285714286
10765.952380952382,21544.380952380954,23692.619047619046,9716.190476190477,10123.57142857143,11005.57142857143,12238.142857142857,9678.238095238095,12573.857142857143,12903.142857142857
10750.142857142857,21414.904761904763,23736.14285714286,9737.285714285714,10046.809523809523,10827.857142857143,12053.095238095239,9679.761904761905,12496.666666666666,12778.190476190477
10789.952380952382,21481.238095238095,23597.333333333332,9722.238095238095,10038.333333333334,10678.47619047619,11931.0,9647.333333333334,12452.57142857143,12693.190476190477
10492.285714285714,21306.238095238095,22946.428571428572,9641.666666666666,9932.619047619048,10358.333333333334,11580.904761904761,9453.285714285714,12105.619047619048,12455.42857142857
10509.190476190477,21322.52380952381,22990.571428571428,9639.857142857143,9974.047619047618,10272.714285714286,11503.190476190477,9410.42857142857,12044.380952380952,12432.52380952381
10447.142857142857,21213.95238095238,22929.47619047619,9568.619047619048,10036.42857142857,10192.0,11363.047619047618,9312.285714285714,11990.285714285714,12381.42857142857
10475.714285714286,21163.428571428572,22953.52380952381,9574.333333333334,10011.142857142857,10099.285714285714,11192.57142857143,9265.095238095239,11969.666666666666,12280.57142857143
10398.238095238095,21249.809523809523,22975.285714285714,9524.095238095239,9967.666666666666,9986.619047619048,11137.57142857143,9247.714285714286,11877.714285714286,12243.0
10418.047619047618,21131.571428571428,23070.190476190477,9506.42857142857,9879.142857142857,9838.904761904761,10984.142857142857,9139.238095238095,11811.0,12179.857142857143
10374.952380952382,21211.095238095237,22888.380952380954,9502.238095238095,9848.42857142857,9780.761904761905,10937.095238095239,9079.952380952382,11794.142857142857,12103.238095238095
10315.57142857143,21212.714285714286,22863.0,9452.47619047619,9833.142857142857,9629.285714285714,10861.380952380952,9075.809523809523,11716.0,11952.714285714286
10305.714285714286,21143.190476190477,22690.238095238095,9508.714285714286,9796.666666666666,9584.0,10751.666666666666,9016.047619047618,11654.857142857143,11937.57142857143
10328.42857142857,21004.47619047619,22668.47619047619,9573.761904761905,9809.857142857143,9481.42857142857,10696.619047619048,8895.190476190477,11484.47619047619,11881.142857142857
10377.809523809523,20938.761904761905,22737.85714285714,9445.285714285714,9721.809523809523,9361.52380952381,10576.52380952381,8914.47619047619,11017.380952380952,11777.619047619048
10465.190476190477,21010.714285714286,23027.190476190477,9518.857142857143,9511.809523809523,9126.714285714286,10355.57142857143,8634.142857142857,11455.142857142857,11444.095238095239
10498.666666666666,20928.666666666668,23216.904761904763,9491.095238095239,9505.714285714286,9162.238095238095,10274.52380952381,8601.095238095239,11273.0,11407.190476190477
10484.095238095239,20832.380952380954,23111.52380952381,9502.047619047618,9530.0,9097.714285714286,10175.285714285714,8529.666666666666,11352.0,11286.333333333334
10422.52380952381,20735.14285714286,23099.95238095238,9520.57142857143,9516.190476190477,9118.42857142857,10023.047619047618,8457.904761904761,11261.190476190477,11260.190476190477
10492.238095238095,20694.714285714286,23275.380952380954,9566.190476190477,9624.47619047619,9039.52380952381,10001.333333333334,8399.952380952382,10651.809523809523,11222.761904761905
10398.904761904761,20619.809523809523,23177.47619047619,9541.952380952382,9538.761904761905,8941.42857142857,9932.0,8308.42857142857,11329.57142857143,11061.904761904761
10412.238095238095,20731.190476190477,23186.285714285714,9516.0,9485.190476190477,8940.952380952382,9872.57142857143,8231.333333333334,11196.095238095239,11057.952380952382
10426.57142857143,20737.238095238095,22989.52380952381,9494.42857142857,9469.0,8934.714285714286,9799.42857142857,8203.952380952382,11295.285714285714,11022.285714285714
10422.761904761905,20803.52380952381,23030.47619047619,9531.47619047619,9436.714285714286,8892.047619047618,9793.0,8153.952380952381,11280.52380952381,10832.047619047618
10522.380952380952,20603.904761904763,23031.333333333332,9538.952380952382,9481.142857142857,8886.42857142857,9675.380952380952,8056.476190476191,11294.714285714286,10781.095238095239
10503.761904761905,20492.95238095238,23048.04761904762,9467.0,9412.142857142857,8852.57142857143,9682.333333333334,7979.380952380952,11259.809523809523,10678.904761904761
10166.42857142857,20140.333333333332,22551.714285714286,9285.619047619048,9374.42857142857,8980.285714285714,9407.904761904761,7849.666666666667,10625.238095238095,10490.0
10170.190476190477,20019.095238095237,22531.333333333332,9348.761904761905,9286.857142857143,8977.047619047618,9407.238095238095,7825.619047619048,10584.619047619048,10389.666666666666
10211.238095238095,19993.85714285714,22472.52380952381,9396.238095238095,9200.0,9003.714285714286,9369.142857142857,7726.476190476191,11075.142857142857,10381.47619047619
10223.142857142857,19906.190476190477,22618.714285714286,9395.47619047619,9193.095238095239,8963.190476190477,9281.57142857143,7714.285714285715,10486.857142857143,10239.57142857143
10138.47619047619,19808.52380952381,22541.04761904762,9369.666666666666,9301.52380952381,9048.666666666666,9225.095238095239,7692.761904761905,10872.952380952382,10175.52380952381
10151.42857142857,19728.47619047619,22643.52380952381,9326.42857142857,9229.52380952381,9033.47619047619,9197.809523809523,7633.619047619048,10235.857142857143,10116.285714285714
10065.47619047619,19828.380952380954,22592.904761904763,9331.809523809523,9216.095238095239,9100.142857142857,9127.857142857143,7620.761904761905,10647.52380952381,10032.142857142857
9978.952380952382,19770.095238095237,22650.85714285714,9373.761904761905,9199.047619047618,9142.57142857143,9046.904761904761,7553.142857142857,10707.47619047619,10031.285714285714
10032.857142857143,19501.190476190477,22592.14285714286,9316.857142857143,9200.761904761905,9060.761904761905,8967.57142857143,7465.761904761905,10702.904761904761,9893.714285714286
9903.52380952381,19432.04761904762,22552.47619047619,9330.619047619048,9103.57142857143,9079.285714285714,8884.761904761905,7476.571428571428,10645.047619047618,9943.666666666666
9935.952380952382,19416.904761904763,22567.333333333332,9320.57142857143,9120.904761904761,9146.952380952382,8842.904761904761,7482.857142857143,10592.47619047619,9948.761904761905
9792.809523809523,19348.428571428572,22465.0,9322.57142857143,9106.238095238095,9108.52380952381,8577.285714285714,7302.857142857143,10377.57142857143,9766.42857142857
9752.380952380952,18971.85714285714,22396.380952380954,9307.047619047618,9103.952380952382,9094.142857142857,8560.809523809523,7280.809523809524,10308.714285714286,9693.095238095239
9849.666666666666,19058.761904761905,22525.714285714286,9324.619047619048,9075.285714285714,9068.857142857143,8560.52380952381,7242.380952380952,10333.52380952381,9674.333333333334
9819.52380952381,18981.285714285714,22469.85714285714,9306.333333333334,9099.0,9007.57142857143,8462.47619047619,7223.238095238095,10349.904761904761,9594.666666666666
9808.095238095239,18811.714285714286,22480.619047619046,9297.190476190477,9185.714285714286,9045.190476190477,8364.904761904761,7212.190476190476,10318.42857142857,9624.952380952382
9792.333333333334,18712.47619047619,22511.333333333332,9413.333333333334,9073.57142857143,9085.857142857143,8317.619047619048,7130.190476190476,10276.0,9627.095238095239
9703.761904761905,18717.904761904763,22432.761904761905,9367.095238095239,9225.761904761905,9098.142857142857,8265.761904761905,7065.523809523809,10283.142857142857,9658.809523809523
9740.952380952382,18638.809523809523,22494.571428571428,9437.190476190477,9209.42857142857,9074.47619047619,8251.42857142857,7069.571428571428,10278.904761904761,9622.52380952381
9710.52380952381,18249.809523809523,22497.47619047619,9503.904761904761,9206.285714285714,9100.619047619048,8201.238095238095,7055.0952380952385,10247.238095238095,9677.52380952381
9692.380952380952,18142.761904761905,22456.761904761905,9454.952380952382,9260.619047619048,9077.42857142857,8136.428571428572,6960.142857142857,10167.57142857143,9601.666666666666
9678.857142857143,18158.14285714286,22439.190476190477,9392.619047619048,9227.52380952381,9014.095238095239,8104.523809523809,6960.9047619047615,10102.714285714286,9621.190476190477
9700.0,18179.95238095238,22533.47619047619,9252.714285714286,9243.095238095239,8913.285714285714,7936.571428571428,6735.238095238095,9929.047619047618,9470.52380952381
9688.904761904761,18209.238095238095,22449.571428571428,9213.238095238095,9257.047619047618,8826.42857142857,7925.476190476191,6698.571428571428,9857.857142857143,9423.857142857143
9661.904761904761,18192.190476190477,22469.238095238095,9222.42857142857,9293.42857142857,8864.666666666666,7872.714285714285,6766.0952380952385,9968.952380952382,9474.285714285714
9572.333333333334,18222.04761904762,22480.52380952381,9160.904761904761,9305.095238095239,8884.42857142857,7865.333333333333,6739.523809523809,9876.57142857143,9416.761904761905
9586.42857142857,18114.85714285714,22502.190476190477,9148.285714285714,9318.42857142857,8887.666666666666,8061.952380952381,6703.809523809524,9738.761904761905,9334.809523809523
9501.857142857143,17983.904761904763,22476.761904761905,8991.52380952381,9290.190476190477,8914.142857142857,7943.809523809524,6611.666666666667,9794.666666666666,9259.190476190477
9556.380952380952,17927.761904761905,22618.619047619046,9020.761904761905,9348.904761904761,9031.619047619048,7908.571428571428,6545.666666666667,9745.42857142857,9204.333333333334
9617.285714285714,17851.714285714286,22713.714285714286,8922.42857142857,9376.142857142857,8978.47619047619,7878.0952380952385,6511.952380952381,9762.047619047618,9212.714285714286
9602.47619047619,17814.809523809523,22705.095238095237,8988.714285714286,9346.619047619048,9045.809523809523,7791.476190476191,6462.666666666667,9738.142857142857,9109.52380952381
9496.857142857143,17616.333333333332,22568.52380952381,9003.095238095239,9348.285714285714,8967.761904761905,7790.523809523809,6463.0952380952385,9645.142857142857,9156.238095238095
9476.619047619048,17653.809523809523,22607.95238095238,9028.809523809523,9369.047619047618,9019.857142857143,7704.190476190476,6486.428571428572,9788.904761904761,9097.809523809523
9356.619047619048,17258.95238095238,22618.761904761905,9079.238095238095,9395.190476190477,8938.52380952381,7531.380952380952,6325.190476190476,9651.47619047619,8970.047619047618
9341.809523809523,17235.571428571428,22626.95238095238,9073.142857142857,9471.666666666666,8956.142857142857,7563.809523809524,6301.571428571428,9617.57142857143,8961.714285714286
9300.809523809523,17400.238095238095,22534.85714285714,9057.333333333334,9478.952380952382,8961.904761904761,7523.714285714285,6203.0,9544.047619047618,8938.952380952382
9227.285714285714,17197.761904761905,22552.190476190477,9127.047619047618,9483.285714285714,8970.0,7473.0952380952385,6221.571428571428,9506.190476190477,8891.047619047618
9118.619047619048,17059.47619047619,22542.47619047619,9076.47619047619,9487.52380952381,9035.57142857143,7500.619047619048,6226.523809523809,9543.904761904761,8819.095238095239
9115.190476190477,17094.238095238095,22332.333333333332,9114.809523809523,9481.857142857143,9046.42857142857,7453.714285714285,6190.714285714285,9513.57142857143,8762.761904761905
9057.238095238095,17005.238095238095,22288.380952380954,9173.52380952381,9575.190476190477,9065.809523809523,7397.428571428572,6145.0952380952385,9473.904761904761,8701.809523809523
9093.380952380952,16997.52380952381,22266.714285714286,9174.809523809523,9498.285714285714,9103.857142857143,7379.190476190476,6104.666666666667,9370.809523809523,8618.285714285714
9005.095238095239,16950.380952380954,22204.285714285714,9121.42857142857,9553.095238095239,9153.0,7368.285714285715,6072.952380952381,9377.095238095239,8557.57142857143
9027.47619047619,16891.904761904763,22120.428571428572,9214.714285714286,9524.57142857143,9147.047619047618,7346.523809523809,6025.761904761905,9293.57142857143,8553.238095238095
8927.142857142857,16822.380952380954,22250.666666666668,9177.761904761905,9457.047619047618,9170.285714285714,7360.476190476191,6018.142857142857,9248.47619047619,8457.714285714286
8861.619047619048,16912.809523809523,22239.238095238095,9108.952380952382,9348.47619047619,9142.952380952382,7270.952380952381,5878.952380952381,9220.238095238095,8279.904761904761
8746.57142857143,16777.095238095237,22184.619047619046,9062.714285714286,9399.666666666666,9140.285714285714,7281.0952380952385,5828.047619047619,9203.0,8260.47619047619
8629.238095238095,16856.333333333332,22214.190476190477,8988.52380952381,9372.809523809523,9075.285714285714,7167.952380952381,5825.666666666667,9180.666666666666,8188.619047619048
8575.714285714286,16854.85714285714,22181.0,8990.333333333334,9373.666666666666,9115.285714285714,7167.523809523809,5767.619047619048,9072.952380952382,8217.857142857143
8569.380952380952,16676.380952380954,22116.04761904762,9085.714285714286,9495.42857142857,9118.52380952381,7171.047619047619,5801.714285714285,9159.666666666666,8129.952380952381
8551.809523809523,16656.52380952381,22083.04761904762,9075.57142857143,9464.285714285714,9047.0,7138.428571428572,5723.523809523809,9125.761904761905,8128.380952380952
8417.619047619048,16677.428571428572,22119.714285714286,9039.285714285714,9403.666666666666,9051.095238095239,7110.428571428572,5723.476190476191,9105.190476190477,8097.190476190476
8339.42857142857,16523.52380952381,22065.428571428572,9063.904761904761,9476.904761904761,9175.047619047618,7128.857142857143,5702.238095238095,9086.666666666666,8066.714285714285
8296.42857142857,16513.47619047619,22041.04761904762,9010.809523809523,9482.52380952381,9123.666666666666,7078.238095238095,5689.9047619047615,9079.380952380952,8083.761904761905
8213.52380952381,16497.619047619046,22022.04761904762,9057.952380952382,9401.47619047619,9058.666666666666,7066.047619047619,5730.476190476191,9003.904761904761,7984.714285714285
8187.666666666667,16398.85714285714,22045.14285714286,9028.190476190477,9365.714285714286,9097.619047619048,7021.571428571428,5656.0,8923.57142857143,7938.714285714285
8020.380952380952,16278.142857142857,21854.809523809523,8941.142857142857,9444.095238095239,9043.761904761905,6974.142857142857,5555.619047619048,8876.142857142857,7797.952380952381
8039.571428571428,16279.619047619048,21821.666666666668,8861.285714285714,9357.952380952382,8994.904761904761,6974.857142857143,5543.476190476191,8933.285714285714,7779.0952380952385
7999.761904761905,16172.857142857143,21745.04761904762,8847.285714285714,9304.714285714286,9013.42857142857,6951.476190476191,5664.714285714285,8879.047619047618,7795.9047619047615
7905.238095238095,16102.52380952381,21690.428571428572,8851.380952380952,9361.0,8958.857142857143,6745.619047619048,5592.571428571428,8977.285714285714,7766.571428571428
7923.714285714285,16177.761904761905,21630.095238095237,8811.047619047618,9315.047619047618,8933.809523809523,6766.523809523809,5614.666666666667,8858.285714285714,7669.190476190476
7945.0952380952385,16032.142857142857,21689.14285714286,8924.047619047618,9281.238095238095,8878.761904761905,6741.190476190476,5554.142857142857,8911.619047619048,7664.285714285715
7991.238095238095,15939.952380952382,21697.04761904762,8827.809523809523,9279.57142857143,8869.761904761905,6748.0952380952385,5530.0952380952385,8916.952380952382,7609.333333333333
8049.428571428572,15822.666666666666,21542.714285714286,8866.142857142857,9255.47619047619,8821.142857142857,6687.285714285715,5526.0952380952385,8902.333333333334,7545.666666666667
8089.238095238095,15691.333333333334,21581.238095238095,8762.714285714286,9245.952380952382,8855.57142857143,6724.714285714285,5491.9047619047615,8959.333333333334,7507.476190476191
8177.238095238095,15644.619047619048,21582.571428571428,8729.333333333334,9239.857142857143,8807.809523809523,6649.666666666667,5448.142857142857,8905.095238095239,7482.047619047619
8194.047619047618,15630.238095238095,21647.85714285714,8767.0,9177.380952380952,8798.52380952381,6677.285714285715,5376.428571428572,8891.809523809523,7461.333333333333
8280.809523809523,15962.619047619048,21734.619047619046,8792.238095238095,9135.857142857143,8761.095238095239,6574.380952380952,5330.523809523809,8761.47619047619,7239.333333333333
8317.47619047619,15889.57142857143,21666.428571428572,8816.42857142857,9116.761904761905,8769.42857142857,6614.142857142857,5330.333333333333,8786.714285714286,7208.9047619047615
8228.238095238095,15664.047619047618,21687.95238095238,8804.666666666666,9180.333333333334,8837.857142857143,6582.666666666667,5323.0952380952385,8732.190476190477,7224.285714285715
8116.476190476191,15630.190476190477,21586.190476190477,8757.619047619048,9120.047619047618,8814.952380952382,6544.809523809524,5283.476190476191,8753.57142857143,7138.0
8113.9047619047615,15621.666666666666,21539.095238095237,8796.0,9154.190476190477,8829.57142857143,6525.047619047619,5290.190476190476,8404.380952380952,7072.476190476191
8029.761904761905,15754.190476190477,21630.238095238095,8851.952380952382,9102.809523809523,8829.52380952381,6522.476190476191,5242.761904761905,8363.761904761905,7058.714285714285
7933.571428571428,15801.190476190477,21490.04761904762,8856.333333333334,9091.619047619048,8813.0,6534.285714285715,5207.619047619048,8330.095238095239,7050.476190476191
7865.238095238095,15695.190476190477,21513.85714285714,8895.42857142857,8961.333333333334,8808.0,6465.857142857143,5225.523809523809,8336.714285714286,7013.9047619047615
7831.666666666667,15668.47619047619,21394.47619047619,8846.952380952382,9004.904761904761,8835.57142857143,6538.857142857143,5258.285714285715,8375.285714285714,6979.380952380952
7848.047619047619,15756.904761904761,21549.904761904763,8829.714285714286,8822.285714285714,8877.809523809523,6548.476190476191,5221.142857142857,8488.095238095239,6958.714285714285
8058.952380952381,15736.809523809523,22166.238095238095,8803.714285714286,8770.714285714286,8795.190476190477,6554.380952380952,5141.190476190476,8306.47619047619,6925.523809523809
8609.952380952382,15827.047619047618,22727.85714285714,8291.142857142857,8436.42857142857,8589.714285714286,6115.047619047619,4817.238095238095,8519.714285714286,6533.952380952381
8721.904761904761,15796.619047619048,22825.428571428572,8316.809523809523,8384.47619047619,8515.666666666666,5979.238095238095,4777.952380952381,8575.42857142857,6447.476190476191
9012.095238095239,16142.142857142857,23192.571428571428,8310.952380952382,8368.380952380952,8481.190476190477,5889.0952380952385,4693.0952380952385,8435.0,6341.333333333333
9154.142857142857,16144.380952380952,23867.333333333332,8155.428571428572,8328.952380952382,8427.285714285714,5751.476190476191,4598.619047619048,8402.47619047619,6215.047619047619
9272.714285714286,16260.0,24523.190476190477,8138.190476190476,8282.809523809523,8492.380952380952,5616.619047619048,4546.761904761905,8287.42857142857,6121.666666666667
9416.047619047618,16419.333333333332,24485.904761904763,8024.619047619048,8224.47619047619,8390.0,5569.238095238095,4490.619047619048,8191.0952380952385,5992.714285714285
9653.904761904761,16382.47619047619,23976.47619047619,7970.9047619047615,8152.238095238095,8291.142857142857,5477.428571428572,4425.238095238095,8148.380952380952,5908.523809523809
9489.285714285714,16438.0,23618.190476190477,8019.0,8149.952380952381,8231.47619047619,5365.476190476191,4347.761904761905,8031.333333333333,5809.857142857143
9789.142857142857,16377.333333333334,22813.619047619046,7961.523809523809,7877.952380952381,8116.476190476191,5312.0,4330.761904761905,7970.857142857143,5664.380952380952
9870.285714285714,16388.666666666668,22407.761904761905,7806.0,7852.619047619048,8075.666666666667,5183.619047619048,4310.142857142857,7836.380952380952,5598.761904761905
9986.666666666666,16398.95238095238,22472.285714285714,7808.666666666667,7891.571428571428,8031.333333333333,5121.190476190476,4216.857142857143,7742.857142857143,5574.619047619048
10759.714285714286,15920.809523809523,24385.0,7645.714285714285,7868.571428571428,7864.380952380952,4993.571428571428,4080.5238095238096,7457.0952380952385,5352.761904761905
10890.380952380952,15967.761904761905,24622.14285714286,7657.428571428572,7878.761904761905,7801.142857142857,4913.666666666667,4080.714285714286,7336.571428571428,5313.9047619047615
11270.714285714286,16089.095238095239,24780.14285714286,7681.285714285715,7876.0,7836.285714285715,4886.761904761905,4028.0476190476193,7264.285714285715,5242.0952380952385
11464.333333333334,16154.904761904761,24890.619047619046,7574.571428571428,7864.857142857143,7766.666666666667,4857.238095238095,4019.4761904761904,7179.761904761905,5199.190476190476
11869.142857142857,16251.0,25076.238095238095,7617.0952380952385,7879.190476190476,7736.476190476191,4813.714285714285,3970.285714285714,7123.190476190476,5149.047619047619
12169.52380952381,16322.952380952382,25131.95238095238,7552.857142857143,7860.476190476191,7680.428571428572,4809.0,3959.714285714286,7111.0952380952385,5092.333333333333
12475.52380952381,16426.809523809523,25243.095238095237,7559.190476190476,7800.761904761905,7668.571428571428,4763.0952380952385,3957.5714285714284,7079.476190476191,5072.380952380952
12801.666666666666,16469.14285714286,25192.904761904763,7522.857142857143,7891.333333333333,7635.666666666667,4728.476190476191,3923.5238095238096,7005.523809523809,5027.9047619047615
13073.142857142857,16594.571428571428,25200.14285714286,7501.571428571428,7904.285714285715,7626.952380952381,4736.238095238095,3897.5714285714284,7033.285714285715,5013.0952380952385
13331.285714285714,16736.380952380954,25230.666666666668,7534.428571428572,7971.666666666667,7540.0952380952385,4688.285714285715,3883.3809523809523,6996.952380952381,4963.857142857143
13527.809523809523,16888.85714285714,25299.14285714286,7532.9047619047615,8106.333333333333,7520.380952380952,4656.619047619048,3864.7619047619046,7057.0952380952385,4909.714285714285
14216.714285714286,17609.666666666668,25481.04761904762,7501.190476190476,8651.380952380952,7561.571428571428,4587.571428571428,3804.904761904762,6931.428571428572,4855.142857142857
14311.047619047618,17923.190476190477,25554.85714285714,7446.857142857143,8650.666666666666,7576.523809523809,4573.142857142857,3797.5238095238096,6898.238095238095,4873.380952380952
14493.238095238095,18220.238095238095,25604.285714285714,7468.619047619048,8730.42857142857,7570.857142857143,4564.428571428572,3804.095238095238,6898.285714285715,4804.523809523809
14624.809523809523,18554.0,25787.238095238095,7491.666666666667,8869.380952380952,7520.142857142857,4553.523809523809,3760.285714285714,6900.0952380952385,4833.619047619048
14805.666666666666,18893.714285714286,25854.619047619046,7504.142857142857,8892.142857142857,7548.523809523809,4524.0952380952385,3755.4761904761904,6856.0952380952385,4773.285714285715
14925.904761904761,19121.428571428572,25819.190476190477,7533.142857142857,8978.52380952381,7570.714285714285,4521.619047619048,3749.904761904762,6923.809523809524,4778.666666666667
15102.42857142857,19470.380952380954,25839.0,7510.714285714285,9044.142857142857,7557.666666666667,4491.285714285715,3764.8571428571427,6889.666666666667,4744.285714285715
14943.619047619048,19649.761904761905,25814.571428571428,7509.666666666667,9091.857142857143,7574.857142857143,4523.0,3744.095238095238,6877.285714285715,4747.523809523809
15104.52380952381,19700.714285714286,25815.619047619046,7529.523809523809,9117.714285714286,7558.0952380952385,4507.619047619048,3739.809523809524,6845.476190476191,4764.571428571428
15210.714285714286,19869.619047619046,25258.238095238095,7523.809523809524,9103.0,7585.0952380952385,4478.523809523809,3739.190476190476,6809.857142857143,4736.142857142857
15294.57142857143,19871.0,25208.619047619046,7595.809523809524,9126.285714285714,7597.523809523809,4485.0952380952385,3747.7619047619046,6825.285714285715,4702.476190476191
15672.52380952381,20142.571428571428,25097.809523809523,7576.0,9442.714285714286,7657.428571428572,4450.428571428572,3717.190476190476,6643.809523809524,4697.761904761905
15634.857142857143,20158.761904761905,25021.333333333332,7618.523809523809,9471.52380952381,7670.380952380952,4414.714285714285,3729.714285714286,6627.857142857143,4676.476190476191
15726.380952380952,20222.95238095238,25069.571428571428,7599.761904761905,9539.666666666666,7665.666666666667,4414.333333333333,3712.5714285714284,6645.380952380952,4699.666666666667
15831.190476190477,20281.571428571428,25167.95238095238,7634.857142857143,9561.666666666666,7662.0952380952385,4425.9047619047615,3721.6666666666665,6681.809523809524,4680.428571428572
15790.666666666666,20441.619047619046,25130.619047619046,7675.428571428572,9642.42857142857,7688.380952380952,4395.761904761905,3708.190476190476,6723.047619047619,4641.952380952381
15836.952380952382,20539.95238095238,25021.428571428572,7733.047619047619,9733.142857142857,7737.714285714285,4424.285714285715,3710.809523809524,6844.190476190476,4648.714285714285
15907.047619047618,20632.666666666668,24992.333333333332,7711.9047619047615,9789.952380952382,7745.285714285715,4409.714285714285,3725.3333333333335,6864.380952380952,4647.761904761905
15914.047619047618,20510.761904761905,24950.761904761905,7771.476190476191,9781.333333333334,7688.047619047619,4371.047619047619,3720.904761904762,6862.952380952381,4660.619047619048
16040.333333333334,20643.52380952381,24911.238095238095,7795.619047619048,9801.047619047618,7699.0,4381.047619047619,3711.5238095238096,6993.857142857143,4644.428571428572
16081.857142857143,20861.47619047619,24856.333333333332,7830.523809523809,9913.333333333334,7709.333333333333,4409.190476190476,3705.6666666666665,7034.380952380952,4616.428571428572
16081.52380952381,19655.095238095237,24838.380952380954,7875.666666666667,9990.047619047618,7743.333333333333,4387.285714285715,3706.190476190476,6997.333333333333,4636.666666666667
16031.047619047618,19867.333333333332,24192.809523809523,7962.380952380952,10135.333333333334,7868.523809523809,4403.238095238095,3717.285714285714,6822.857142857143,4639.190476190476
16021.095238095239,19846.666666666668,24253.714285714286,7996.285714285715,10145.333333333334,7902.523809523809,4431.809523809524,3715.190476190476,6979.952380952381,4626.428571428572
16035.333333333334,19995.0,24265.238095238095,8028.476190476191,10237.047619047618,7925.285714285715,4432.333333333333,3659.285714285714,6974.428571428572,4642.142857142857
16058.190476190477,20002.333333333332,24346.619047619046,8007.571428571428,10294.714285714286,7968.666666666667,4421.523809523809,3671.4761904761904,6938.238095238095,4676.0952380952385
16095.47619047619,20055.52380952381,24390.47619047619,8092.714285714285,10268.47619047619,7985.857142857143,4388.285714285715,3678.190476190476,6974.333333333333,4637.809523809524
16139.238095238095,20108.619047619046,24434.714285714286,8129.428571428572,10359.666666666666,8031.523809523809,4409.285714285715,3687.7619047619046,6861.142857142857,4662.809523809524
16128.047619047618,20174.85714285714,24507.904761904763,8089.619047619048,10306.095238095239,8057.190476190476,4443.809523809524,3694.5238095238096,6903.142857142857,4682.809523809524
16260.42857142857,20318.190476190477,24584.285714285714,8191.333333333333,10472.666666666666,8121.952380952381,4451.380952380952,3673.3333333333335,6943.523809523809,4658.047619047619
16143.857142857143,20292.238095238095,24648.714285714286,8181.142857142857,10352.714285714286,8135.571428571428,4446.285714285715,3669.095238095238,6883.476190476191,4704.809523809524
16210.333333333334,20325.285714285714,24579.333333333332,8229.809523809523,10458.666666666666,8157.238095238095,4418.428571428572,3700.714285714286,6842.047619047619,4681.9047619047615
16190.285714285714,20493.619047619046,24542.809523809523,8242.619047619048,10441.761904761905,8197.857142857143,4432.809523809524,3669.714285714286,6893.333333333333,4660.857142857143
16400.95238095238,20763.095238095237,25544.571428571428,8404.42857142857,10588.0,8252.666666666666,4462.476190476191,3682.095238095238,6782.571428571428,4677.142857142857
