2911.8571428571427,3094.3809523809523,3322.714285714286,2959.2380952380954,2987.809523809524,3011.4761904761904,3046.9523809523807,2944.5714285714284,2992.190476190476,2872.1428571428573,2980.809523809524,3648.6666666666665
2889.5714285714284,3097.8571428571427,3317.0,2963.3333333333335,3008.6666666666665,2989.5238095238096,3038.6190476190477,2851.714285714286,2994.3809523809523,2830.7619047619046,2964.3809523809523,3630.2380952380954
2924.6190476190477,3096.809523809524,3317.9523809523807,2975.9523809523807,3011.9523809523807,2997.0,3034.904761904762,2846.3809523809523,2977.190476190476,2875.190476190476,2969.809523809524,3610.5238095238096
2928.190476190476,3090.2380952380954,3318.4761904761904,2984.904761904762,2997.1428571428573,2993.3809523809523,3029.714285714286,2825.9523809523807,2983.285714285714,2854.3333333333335,2978.5714285714284,3618.7619047619046
2957.809523809524,3086.4285714285716,3296.6666666666665,2969.3333333333335,3002.285714285714,2993.0,3038.0476190476193,2837.5714285714284,2953.904761904762,2862.3809523809523,2981.3333333333335,3585.285714285714
2928.714285714286,3080.0,3309.904761904762,2988.4761904761904,2986.5238095238096,3010.3809523809523,3045.3809523809523,2831.4285714285716,2971.0,2870.095238095238,2951.4285714285716,3660.809523809524
2959.4761904761904,3127.4761904761904,3282.6190476190477,2990.4285714285716,3056.4285714285716,3052.3333333333335,3041.714285714286,2937.5714285714284,3054.095238095238,2837.1428571428573,2988.2380952380954,3702.0
3131.8571428571427,3286.4761904761904,3509.3333333333335,3140.7619047619046,3286.285714285714,3240.4285714285716,3184.0476190476193,3090.1428571428573,3248.5238095238096,2984.714285714286,3095.3333333333335,3775.6190476190477
3243.4761904761904,3567.904761904762,3974.6666666666665,3370.6666666666665,3528.0476190476193,3428.095238095238,3483.6190476190477,3240.2380952380954,3429.5238095238096,3246.5714285714284,3304.904761904762,3942.5714285714284
3226.7619047619046,3818.6190476190477,4389.761904761905,3557.0476190476193,3742.7619047619046,3576.4285714285716,3612.3333333333335,3389.2380952380954,3393.3333333333335,3436.714285714286,3418.6190476190477,4131.476190476191
3184.809523809524,3852.809523809524,4640.761904761905,3642.809523809524,3837.4761904761904,3619.6190476190477,3662.6190476190477,3370.8571428571427,3368.904761904762,3471.2380952380954,3502.4285714285716,4266.571428571428
3191.0476190476193,3839.190476190476,4814.666666666667,3725.5238095238096,3853.7619047619046,3647.5238095238096,3665.095238095238,3298.809523809524,3320.5238095238096,3422.0,3466.6666666666665,3992.1428571428573
3156.5714285714284,3839.809523809524,4663.142857142857,3714.095238095238,3847.904761904762,3589.3809523809523,3637.3809523809523,3286.3333333333335,3294.285714285714,3448.7619047619046,3455.1428571428573,4080.2380952380954
3155.809523809524,3860.904761904762,4771.714285714285,3727.3809523809523,3867.2380952380954,3660.3809523809523,3670.5714285714284,3412.5714285714284,3332.095238095238,3489.2380952380954,3468.285714285714,4087.2380952380954
3157.904761904762,3870.4285714285716,4809.428571428572,3736.714285714286,3858.285714285714,3633.5714285714284,3696.190476190476,3443.4761904761904,3331.6666666666665,3478.190476190476,3471.904761904762,4100.238095238095
3168.6666666666665,3822.809523809524,4770.571428571428,3721.2380952380954,3828.6666666666665,3643.904761904762,3661.809523809524,3419.904761904762,3355.1428571428573,3415.3333333333335,3469.6190476190477,4111.857142857143
3137.5238095238096,3787.4285714285716,4726.714285714285,3665.9523809523807,3776.6666666666665,3591.5714285714284,3593.0,3394.190476190476,3312.4761904761904,3403.904761904762,3442.714285714286,4009.8571428571427
3178.4761904761904,3833.2380952380954,4706.0952380952385,3695.3809523809523,3786.904761904762,3588.3809523809523,3617.5238095238096,3375.4285714285716,3308.3333333333335,3405.3809523809523,3446.4761904761904,4001.0
3130.809523809524,3802.714285714286,4691.666666666667,3694.190476190476,3777.3809523809523,3568.904761904762,3623.0476190476193,3327.714285714286,3328.285714285714,3389.190476190476,3424.8571428571427,3979.0476190476193
3135.4761904761904,3769.904761904762,4651.952380952381,3680.095238095238,3752.714285714286,3568.4285714285716,3551.5238095238096,3299.095238095238,3288.4285714285716,3366.904761904762,3411.190476190476,4010.0476190476193
3136.095238095238,3811.8571428571427,4641.428571428572,3678.190476190476,3788.4285714285716,3542.7619047619046,3565.5238095238096,3284.4285714285716,3261.8571428571427,3356.4761904761904,3405.4761904761904,3977.6666666666665
3120.904761904762,3793.3333333333335,4662.571428571428,3678.714285714286,3739.5238095238096,3543.7619047619046,3564.4761904761904,3264.7619047619046,3259.0,3405.285714285714,3409.0,3997.714285714286
3099.4285714285716,3747.904761904762,4653.952380952381,3695.0476190476193,3737.190476190476,3542.9523809523807,3589.904761904762,3232.095238095238,3265.190476190476,3389.285714285714,3444.095238095238,4012.7619047619046
3100.904761904762,3759.809523809524,4677.619047619048,3687.5238095238096,3701.0,3511.095238095238,3580.4761904761904,3218.2380952380954,3249.6666666666665,3368.0476190476193,3446.4761904761904,4021.809523809524
3085.190476190476,3778.0476190476193,4634.142857142857,3635.6190476190477,3688.809523809524,3527.190476190476,3572.2380952380954,3255.2380952380954,3228.190476190476,3376.9523809523807,3434.190476190476,3992.0476190476193
3090.3809523809523,3750.809523809524,4638.857142857143,3632.285714285714,3743.7619047619046,3541.0,3590.5238095238096,3225.3333333333335,3233.190476190476,3383.809523809524,3401.714285714286,3971.2380952380954
3098.904761904762,3782.190476190476,4620.761904761905,3675.1428571428573,3711.0,3557.4761904761904,3576.1428571428573,3255.4285714285716,3228.0476190476193,3371.3809523809523,3419.5714285714284,3993.6666666666665
3099.3333333333335,3774.5238095238096,4640.761904761905,3617.3809523809523,3728.4761904761904,3540.0,3596.3333333333335,3373.0476190476193,3209.6190476190477,3350.3809523809523,3411.3333333333335,3985.809523809524
3074.6190476190477,3781.809523809524,4620.333333333333,3632.714285714286,3716.1428571428573,3537.1428571428573,3574.714285714286,3363.0476190476193,3264.190476190476,3350.5238095238096,3442.0,3967.5714285714284
3074.095238095238,3768.0476190476193,4654.142857142857,3628.3333333333335,3708.190476190476,3540.3333333333335,3575.4761904761904,3334.4285714285716,3237.8571428571427,3365.3333333333335,3407.9523809523807,3990.095238095238
3079.809523809524,3745.0476190476193,4620.761904761905,3641.7619047619046,3717.190476190476,3520.5714285714284,3579.095238095238,3316.6666666666665,3253.3333333333335,3369.8571428571427,3418.095238095238,4010.4761904761904
3059.904761904762,3774.285714285714,4600.809523809524,3623.6190476190477,3689.3809523809523,3524.9523809523807,3528.2380952380954,3321.8571428571427,3216.285714285714,3336.809523809524,3396.0,3965.3809523809523
3068.0,3715.6190476190477,4629.619047619048,3625.190476190476,3706.9523809523807,3542.714285714286,3551.3809523809523,3344.8571428571427,3241.7619047619046,3334.6666666666665,3417.9523809523807,3974.1428571428573
3100.4285714285716,3734.6190476190477,4575.761904761905,3637.5714285714284,3642.9523809523807,3516.7619047619046,3551.809523809524,3360.5238095238096,3295.904761904762,3361.095238095238,3416.809523809524,3951.0
3105.3333333333335,3729.714285714286,4539.238095238095,3633.3333333333335,3682.4285714285716,3524.3333333333335,3537.809523809524,3335.0476190476193,3235.6190476190477,3320.5714285714284,3405.190476190476,3954.095238095238
3115.7619047619046,3734.3809523809523,4591.857142857143,3626.3809523809523,3687.9523809523807,3526.6666666666665,3552.904761904762,3322.095238095238,3297.0476190476193,3325.8571428571427,3422.4761904761904,3962.4285714285716
3118.6666666666665,3713.095238095238,4554.571428571428,3635.4285714285716,3668.5238095238096,3518.4285714285716,3548.3333333333335,3308.4761904761904,3319.809523809524,3338.5714285714284,3421.1428571428573,3964.5238095238096
3105.3809523809523,3707.5238095238096,4555.714285714285,3612.7619047619046,3671.5714285714284,3522.8571428571427,3529.0476190476193,3313.8571428571427,3296.8571428571427,3312.904761904762,3399.2380952380954,3965.3333333333335
3097.285714285714,3682.4761904761904,4542.476190476191,3607.1428571428573,3687.4285714285716,3501.4285714285716,3550.904761904762,3326.095238095238,3289.8571428571427,3319.9523809523807,3391.8571428571427,3929.095238095238
3108.0,3727.095238095238,4532.9047619047615,3590.9523809523807,3646.2380952380954,3498.0,3550.8571428571427,3333.6666666666665,3298.0476190476193,3343.0476190476193,3392.095238095238,3910.5714285714284
3096.285714285714,3699.714285714286,4519.952380952381,3601.904761904762,3639.5238095238096,3492.6190476190477,3542.714285714286,3325.095238095238,3273.190476190476,3301.190476190476,3370.7619047619046,3930.4761904761904
3097.5714285714284,3684.3333333333335,4526.285714285715,3622.285714285714,3625.190476190476,3513.5238095238096,3534.4285714285716,3287.5714285714284,3283.0476190476193,3327.4761904761904,3387.285714285714,3923.6666666666665
3096.190476190476,3670.4761904761904,4472.571428571428,3621.190476190476,3636.285714285714,3501.6190476190477,3526.6190476190477,3302.095238095238,3286.714285714286,3297.904761904762,3398.809523809524,3942.7619047619046
3088.6190476190477,3686.0476190476193,4489.285714285715,3598.3809523809523,3648.095238095238,3485.904761904762,3510.3333333333335,3315.0476190476193,3281.6666666666665,3301.0476190476193,3386.190476190476,3942.285714285714
3106.3333333333335,3684.714285714286,4426.190476190476,3583.9523809523807,3662.6666666666665,3451.809523809524,3453.285714285714,3299.2380952380954,3259.285714285714,3298.285714285714,3330.3333333333335,3821.3333333333335
3086.8571428571427,3657.5238095238096,4379.666666666667,3600.3809523809523,3627.5714285714284,3466.8571428571427,3448.904761904762,3238.7619047619046,3238.9523809523807,3307.095238095238,3341.714285714286,3831.0
3089.0,3683.4285714285716,4393.047619047619,3610.6666666666665,3624.0476190476193,3460.904761904762,3494.4761904761904,3284.6666666666665,3264.5714285714284,3292.6666666666665,3308.285714285714,3863.6190476190477
3060.9523809523807,3701.0,4386.857142857143,3599.0,3641.1428571428573,3434.3809523809523,3465.7619047619046,3277.0476190476193,3235.0476190476193,3273.3809523809523,3332.6190476190477,3820.8571428571427
3078.3333333333335,3704.3809523809523,4338.714285714285,3577.714285714286,3596.904761904762,3464.0,3501.714285714286,3283.1428571428573,3282.2380952380954,3274.0,3297.190476190476,3824.5238095238096
3071.8571428571427,3707.1428571428573,4290.761904761905,3595.904761904762,3595.3809523809523,3443.714285714286,3434.904761904762,3284.190476190476,3259.095238095238,3301.3333333333335,3321.0,3829.9523809523807
3067.904761904762,3694.0,4288.714285714285,3557.1428571428573,3610.9523809523807,3467.7619047619046,3424.0,3234.6190476190477,3232.4285714285716,3269.4761904761904,3332.4285714285716,3807.809523809524
3056.3809523809523,3679.2380952380954,4323.0952380952385,3589.714285714286,3617.0476190476193,3450.9523809523807,3450.6190476190477,3245.2380952380954,3238.7619047619046,3289.190476190476,3338.7619047619046,3806.4761904761904
3037.3809523809523,3699.5238095238096,4302.285714285715,3583.8571428571427,3612.4761904761904,3453.0476190476193,3448.0,3222.5714285714284,3221.904761904762,3286.0476190476193,3302.6190476190477,3792.1428571428573
3061.285714285714,3712.6666666666665,4275.142857142857,3566.9523809523807,3611.1428571428573,3444.904761904762,3474.3809523809523,3252.809523809524,3236.809523809524,3262.904761904762,3311.6666666666665,3788.904761904762
3053.095238095238,3693.714285714286,4264.428571428572,3564.8571428571427,3564.0476190476193,3434.0,3446.5714285714284,3237.285714285714,3239.0,3262.714285714286,3318.6190476190477,3798.5714285714284
3045.0476190476193,3662.285714285714,4277.714285714285,3554.285714285714,3605.904761904762,3438.6666666666665,3454.5714285714284,3274.809523809524,3244.095238095238,3275.0,3319.2380952380954,3818.0476190476193
3042.809523809524,3641.095238095238,4238.0952380952385,3533.4285714285716,3586.5714285714284,3453.0476190476193,3444.2380952380954,3230.9523809523807,3236.714285714286,3259.714285714286,3317.285714285714,3821.1428571428573
3034.285714285714,3656.9523809523807,4283.619047619048,3513.714285714286,3574.904761904762,3437.4285714285716,3437.0,3233.4761904761904,3208.809523809524,3262.0476190476193,3322.0476190476193,3780.6190476190477
3058.4285714285716,3649.3809523809523,4221.571428571428,3564.190476190476,3580.190476190476,3433.095238095238,3417.285714285714,3200.8571428571427,3186.8571428571427,3305.0476190476193,3325.0,3782.5238095238096
3041.4761904761904,3647.5238095238096,4309.380952380952,3600.190476190476,3580.285714285714,3480.6190476190477,3428.714285714286,3239.5238095238096,3215.0476190476193,3301.1428571428573,3312.7619047619046,3824.7619047619046
3030.6666666666665,3646.2380952380954,4199.333333333333,3539.3809523809523,3560.190476190476,3454.095238095238,3426.190476190476,3224.2380952380954,3229.285714285714,3272.9523809523807,3283.0476190476193,3766.8571428571427
3030.3333333333335,3635.809523809524,4188.523809523809,3568.5238095238096,3557.4285714285716,3436.9523809523807,3421.8571428571427,3216.4285714285716,3184.9523809523807,3267.0476190476193,3273.3809523809523,3803.9523809523807
3054.1428571428573,3644.5714285714284,4218.761904761905,3574.2380952380954,3533.285714285714,3416.714285714286,3407.8571428571427,3231.8571428571427,3213.095238095238,3271.904761904762,3294.5238095238096,3789.714285714286
3025.285714285714,3665.285714285714,4191.142857142857,3561.5714285714284,3524.9523809523807,3404.904761904762,3402.3333333333335,3219.0,3194.0476190476193,3252.714285714286,3281.904761904762,3763.4761904761904
3025.190476190476,3628.095238095238,4193.142857142857,3574.4285714285716,3567.4285714285716,3417.5238095238096,3412.904761904762,3199.809523809524,3177.3809523809523,3273.9523809523807,3280.1428571428573,3763.714285714286
3007.8571428571427,3635.2380952380954,4205.666666666667,3520.2380952380954,3532.285714285714,3410.6666666666665,3403.0,3217.285714285714,3184.3333333333335,3240.8571428571427,3277.8571428571427,3755.285714285714
3010.4761904761904,3626.2380952380954,4241.666666666667,3553.2380952380954,3542.0476190476193,3381.095238095238,3334.2380952380954,3197.190476190476,3181.6190476190477,3258.9523809523807,3266.3333333333335,3711.809523809524
2988.7619047619046,3610.1428571428573,4230.142857142857,3535.9523809523807,3531.4761904761904,3390.5238095238096,3336.809523809524,3181.809523809524,3174.809523809524,3230.1428571428573,3250.190476190476,3748.285714285714
3036.095238095238,3648.0,4239.714285714285,3505.3333333333335,3514.7619047619046,3364.0476190476193,3359.3809523809523,3163.3809523809523,3191.714285714286,3237.2380952380954,3279.3333333333335,3764.8571428571427
3039.0476190476193,3612.9523809523807,4225.619047619048,3533.2380952380954,3511.1428571428573,3366.3809523809523,3365.190476190476,3155.904761904762,3161.9523809523807,3205.9523809523807,3248.1428571428573,3706.5714285714284
3017.809523809524,3643.4285714285716,4231.190476190476,3521.4761904761904,3518.3809523809523,3360.7619047619046,3338.4285714285716,3158.809523809524,3199.190476190476,3243.190476190476,3243.285714285714,3727.4761904761904
3011.1428571428573,3596.7619047619046,4264.0,3521.9523809523807,3511.6190476190477,3366.285714285714,3341.8571428571427,3182.3809523809523,3202.0,3204.9523809523807,3266.190476190476,3722.6190476190477
3022.095238095238,3617.4285714285716,4245.333333333333,3515.5238095238096,3502.5238095238096,3383.5238095238096,3355.1428571428573,3161.8571428571427,3196.3333333333335,3211.0,3246.6666666666665,3739.714285714286
2996.3333333333335,3604.7619047619046,4238.952380952381,3518.714285714286,3525.095238095238,3373.4285714285716,3337.190476190476,3127.714285714286,3157.2380952380954,3196.0,3287.809523809524,3754.095238095238
3015.2380952380954,3586.2380952380954,4249.9047619047615,3507.4285714285716,3510.2380952380954,3357.9523809523807,3315.904761904762,3131.2380952380954,3163.6666666666665,3166.6666666666665,3259.3333333333335,3736.3809523809523
2986.095238095238,3599.095238095238,4230.952380952381,3508.285714285714,3507.809523809524,3339.5238095238096,3310.2380952380954,3153.714285714286,3172.0476190476193,3178.809523809524,3237.904761904762,3756.9523809523807
2997.3333333333335,3560.2380952380954,4256.047619047619,3514.0,3479.3333333333335,3343.5714285714284,3315.2380952380954,3098.714285714286,3160.0,3179.714285714286,3240.809523809524,3760.8571428571427
2991.809523809524,3561.6666666666665,4232.238095238095,3502.5714285714284,3479.285714285714,3335.714285714286,3310.904761904762,3101.4761904761904,3170.1428571428573,3171.1428571428573,3263.9523809523807,3729.3809523809523
2972.190476190476,3567.7619047619046,4215.523809523809,3507.190476190476,3488.2380952380954,3343.9523809523807,3291.095238095238,3082.3809523809523,3150.809523809524,3170.809523809524,3275.5238095238096,3744.3333333333335
2990.4761904761904,3510.3809523809523,4264.0952380952385,3483.9523809523807,3514.285714285714,3334.2380952380954,3268.1428571428573,3069.3333333333335,3166.5714285714284,3142.904761904762,3234.904761904762,3727.7619047619046
2975.2380952380954,3486.0476190476193,4238.809523809524,3457.714285714286,3453.1428571428573,3304.190476190476,3289.3809523809523,3092.714285714286,3173.190476190476,3138.190476190476,3241.4761904761904,3742.3333333333335
2978.1428571428573,3512.3333333333335,4217.857142857143,3480.1428571428573,3484.904761904762,3314.0,3317.714285714286,3074.809523809524,3161.5238095238096,3126.4285714285716,3256.904761904762,3721.285714285714
2965.809523809524,3501.1428571428573,4213.761904761905,3453.904761904762,3463.5238095238096,3325.285714285714,3311.190476190476,3075.714285714286,3136.6666666666665,3143.285714285714,3216.1428571428573,3745.8571428571427
2983.8571428571427,3486.0,4228.666666666667,3469.5238095238096,3466.6190476190477,3300.809523809524,3268.3809523809523,3035.0,3150.6190476190477,3140.6666666666665,3229.714285714286,3705.904761904762
2980.904761904762,3517.2380952380954,4223.476190476191,3453.1428571428573,3499.714285714286,3296.4285714285716,3290.285714285714,3046.714285714286,3154.4761904761904,3117.6190476190477,3228.809523809524,3720.3809523809523
2967.6666666666665,3491.1428571428573,4199.714285714285,3445.1428571428573,3496.4285714285716,3310.1428571428573,3291.6666666666665,3072.285714285714,3151.190476190476,3106.5714285714284,3231.6666666666665,3732.285714285714
2985.714285714286,3489.6190476190477,4201.571428571428,3478.0476190476193,3465.5714285714284,3305.285714285714,3256.5714285714284,3048.6190476190477,3170.095238095238,3117.4761904761904,3254.809523809524,3728.3333333333335
2989.9523809523807,3454.714285714286,4196.428571428572,3430.0476190476193,3474.7619047619046,3306.285714285714,3273.190476190476,3019.4761904761904,3128.8571428571427,3097.4285714285716,3228.8571428571427,3724.9523809523807
3001.6190476190477,3462.095238095238,4174.428571428572,3415.6190476190477,3446.5238095238096,3285.3333333333335,3277.3809523809523,3010.714285714286,3164.095238095238,3091.0,3248.7619047619046,3699.9523809523807
2953.285714285714,3462.285714285714,4202.619047619048,3407.2380952380954,3441.7619047619046,3270.4761904761904,3266.285714285714,3013.4761904761904,3141.904761904762,3111.6666666666665,3236.4761904761904,3680.714285714286
2979.1428571428573,3451.5238095238096,4191.857142857143,3396.190476190476,3492.2380952380954,3268.5238095238096,3273.7619047619046,3022.1428571428573,3138.714285714286,3096.190476190476,3212.1428571428573,3712.5714285714284
2965.285714285714,3466.2380952380954,4215.952380952381,3390.5238095238096,3485.0,3279.2380952380954,3267.5238095238096,2999.9523809523807,3160.6190476190477,3100.9523809523807,3226.1428571428573,3712.9523809523807
2967.5714285714284,3476.809523809524,4191.666666666667,3381.3333333333335,3463.6666666666665,3309.6666666666665,3251.1428571428573,3007.904761904762,3146.190476190476,3082.4761904761904,3242.5238095238096,3720.6666666666665
2968.6190476190477,3474.5238095238096,4164.142857142857,3360.5714285714284,3470.2380952380954,3260.3809523809523,3265.3333333333335,2997.714285714286,3150.6666666666665,3098.904761904762,3222.190476190476,3684.714285714286
2968.5714285714284,3484.3809523809523,4173.190476190476,3354.095238095238,3431.3809523809523,3250.1428571428573,3255.3809523809523,3011.7619047619046,3143.8571428571427,3089.809523809524,3225.4285714285716,3703.904761904762
2974.5238095238096,3492.285714285714,4156.0952380952385,3356.5238095238096,3465.0476190476193,3274.2380952380954,3256.0476190476193,2995.095238095238,3151.5714285714284,3091.3333333333335,3238.095238095238,3687.285714285714
2991.3333333333335,3462.2380952380954,4147.571428571428,3342.6666666666665,3455.5238095238096,3227.4761904761904,3249.2380952380954,2996.3333333333335,3171.0476190476193,3070.1428571428573,3229.9523809523807,3695.4285714285716
2962.3809523809523,3472.0,4172.380952380952,3354.0,3460.095238095238,3246.809523809524,3244.190476190476,2991.5714285714284,3134.095238095238,3074.4285714285716,3233.6666666666665,3693.3809523809523
2988.095238095238,3461.3809523809523,4105.571428571428,3374.6666666666665,3447.8571428571427,3251.0476190476193,3242.3809523809523,2988.4761904761904,3145.5238095238096,3054.4761904761904,3199.9523809523807,3694.6190476190477
2988.8571428571427,3436.4761904761904,4150.666666666667,3338.809523809524,3456.285714285714,3240.5238095238096,3238.4285714285716,2989.2380952380954,3128.904761904762,3053.1428571428573,3216.9523809523807,3690.0476190476193
3025.809523809524,3440.5714285714284,4117.714285714285,3332.1428571428573,3470.8571428571427,3240.8571428571427,3209.6666666666665,2996.0,3119.2380952380954,3041.8571428571427,3229.5238095238096,3667.714285714286
3048.1428571428573,3474.7619047619046,4154.238095238095,3333.095238095238,3452.0476190476193,3238.7619047619046,3233.285714285714,2953.1428571428573,3150.5714285714284,3025.6190476190477,3234.0476190476193,3710.190476190476
2964.4761904761904,3438.714285714286,4144.9047619047615,3322.7619047619046,3473.1428571428573,3245.1428571428573,3214.0476190476193,2997.1428571428573,3142.5238095238096,3054.6190476190477,3230.6666666666665,3695.4285714285716
3030.190476190476,3421.5714285714284,4138.333333333333,3308.904761904762,3465.095238095238,3217.4761904761904,3211.5238095238096,2985.0476190476193,3142.3333333333335,3040.190476190476,3220.3809523809523,3678.4285714285716
3043.7619047619046,3433.285714285714,4107.9047619047615,3317.714285714286,3441.809523809524,3210.6666666666665,3250.714285714286,2977.4761904761904,3131.4761904761904,3007.4761904761904,3232.904761904762,3674.190476190476
3012.6190476190477,3445.3333333333335,4135.380952380952,3321.5238095238096,3444.095238095238,3223.809523809524,3219.9523809523807,2973.5714285714284,3126.190476190476,3029.095238095238,3222.285714285714,3692.3333333333335
3033.190476190476,3431.0,4092.3809523809523,3333.0476190476193,3427.3809523809523,3226.095238095238,3230.095238095238,2977.904761904762,3133.6190476190477,3032.6666666666665,3212.285714285714,3672.6190476190477
3030.5714285714284,3426.0,4099.714285714285,3352.6666666666665,3440.5238095238096,3232.4761904761904,3242.095238095238,2971.5714285714284,3124.7619047619046,3038.4285714285716,3201.3333333333335,3690.9523809523807
2999.1428571428573,3432.3333333333335,4107.0,3315.809523809524,3459.0476190476193,3227.5238095238096,3196.3809523809523,2993.0476190476193,3132.3809523809523,3034.2380952380954,3198.0,3689.285714285714
3052.3809523809523,3445.714285714286,4092.1428571428573,3339.9523809523807,3425.0476190476193,3226.7619047619046,3219.0476190476193,2975.7619047619046,3123.095238095238,3020.6190476190477,3224.714285714286,3681.3333333333335
3064.3333333333335,3404.9523809523807,4082.714285714286,3304.714285714286,3425.714285714286,3203.9523809523807,3185.7619047619046,2975.714285714286,3130.3333333333335,3001.285714285714,3196.0,3665.809523809524
3052.6666666666665,3414.190476190476,4035.6190476190477,3279.285714285714,3435.4761904761904,3210.9523809523807,3198.714285714286,2957.1428571428573,3195.1428571428573,3012.095238095238,3206.6666666666665,3664.5238095238096
3077.5238095238096,3427.3809523809523,4031.7619047619046,3333.190476190476,3433.4285714285716,3210.5714285714284,3213.0476190476193,2945.2380952380954,3126.1428571428573,3014.6666666666665,3233.4761904761904,3712.190476190476
3054.0,3409.6190476190477,4051.9523809523807,3334.285714285714,3402.2380952380954,3208.809523809524,3199.7619047619046,2953.4761904761904,3174.3809523809523,2969.190476190476,3215.4761904761904,3702.1428571428573
3080.285714285714,3418.3333333333335,4038.8571428571427,3311.6190476190477,3410.1428571428573,3190.5238095238096,3202.904761904762,2976.095238095238,3074.3809523809523,3017.0476190476193,3218.3809523809523,3658.190476190476
3063.6190476190477,3413.095238095238,4038.4285714285716,3297.8571428571427,3399.3333333333335,3187.3333333333335,3177.714285714286,2957.714285714286,3175.6666666666665,3007.4285714285716,3172.095238095238,3697.904761904762
3066.1428571428573,3380.809523809524,4030.4761904761904,3312.5714285714284,3417.5238095238096,3189.095238095238,3211.8571428571427,2967.3333333333335,3092.7619047619046,2987.095238095238,3196.6190476190477,3698.6666666666665
3076.190476190476,3397.2380952380954,4066.3333333333335,3301.095238095238,3430.095238095238,3190.7619047619046,3230.3333333333335,2976.8571428571427,3120.5238095238096,2996.5238095238096,3241.0476190476193,3678.904761904762
3074.285714285714,3394.190476190476,4030.8571428571427,3301.809523809524,3400.904761904762,3191.4285714285716,3181.6666666666665,2961.6190476190477,3186.4761904761904,2995.3333333333335,3197.6190476190477,3701.285714285714
3080.5238095238096,3388.1428571428573,4030.8571428571427,3316.714285714286,3395.5238095238096,3175.2380952380954,3195.1428571428573,2960.1428571428573,3194.1428571428573,2986.2380952380954,3200.904761904762,3677.6666666666665
3075.809523809524,3375.904761904762,4032.904761904762,3335.904761904762,3397.3333333333335,3174.9523809523807,3174.6666666666665,2955.8571428571427,3112.5714285714284,2988.190476190476,3206.1428571428573,3703.0
3047.4761904761904,3343.5238095238096,4021.2380952380954,3301.190476190476,3365.2380952380954,3186.0,3199.9523809523807,2925.8571428571427,3117.7619047619046,2970.0476190476193,3206.4761904761904,3699.0
3073.809523809524,3375.095238095238,3992.6190476190477,3271.4761904761904,3385.6666666666665,3149.714285714286,3189.3809523809523,2933.285714285714,3168.1428571428573,2967.8571428571427,3192.3809523809523,3677.8571428571427
3047.285714285714,3382.5238095238096,4025.4761904761904,3295.1428571428573,3377.5238095238096,3182.0476190476193,3201.9523809523807,2927.3809523809523,3115.095238095238,2975.095238095238,3202.714285714286,3702.1428571428573
3061.095238095238,3369.190476190476,4030.714285714286,3279.904761904762,3364.190476190476,3186.9523809523807,3204.3809523809523,2929.7619047619046,3138.9523809523807,2982.4761904761904,3189.2380952380954,3690.095238095238
3093.904761904762,3353.4761904761904,4016.2380952380954,3272.6666666666665,3379.0,3157.1428571428573,3184.9523809523807,2940.3809523809523,3109.190476190476,2995.9523809523807,3211.3809523809523,3700.7619047619046
3063.6666666666665,3326.285714285714,4014.6190476190477,3273.8571428571427,3371.0,3153.4285714285716,3192.5714285714284,2948.3809523809523,3103.6666666666665,2968.1428571428573,3184.7619047619046,3702.285714285714
3069.809523809524,3366.1428571428573,4047.3809523809523,3291.0,3359.6666666666665,3163.8571428571427,3197.3333333333335,2944.714285714286,3086.3333333333335,2988.6666666666665,3227.714285714286,3692.9523809523807
3060.190476190476,3391.714285714286,3987.9523809523807,3275.285714285714,3366.190476190476,3139.095238095238,3181.9523809523807,2926.5714285714284,3182.285714285714,2966.3333333333335,3194.5714285714284,3702.4761904761904
3070.6190476190477,3360.4761904761904,4004.285714285714,3281.4285714285716,3363.6666666666665,3150.809523809524,3200.3333333333335,2952.809523809524,3109.3809523809523,2958.3333333333335,3214.1428571428573,3698.285714285714
3038.4285714285716,3349.1428571428573,4001.809523809524,3292.7619047619046,3352.4285714285716,3150.809523809524,3204.095238095238,2935.6190476190477,3096.190476190476,2973.5714285714284,3167.9523809523807,3697.8571428571427
3065.6190476190477,3328.5714285714284,4002.904761904762,3243.9523809523807,3324.190476190476,3159.7619047619046,3175.0,2952.5714285714284,3102.904761904762,2977.285714285714,3210.9523809523807,3673.7619047619046
3051.285714285714,3364.285714285714,3973.714285714286,3267.7619047619046,3352.190476190476,3159.7619047619046,3188.0,2942.190476190476,3160.0476190476193,2970.4761904761904,3208.2380952380954,3680.3333333333335
3053.7619047619046,3327.4761904761904,3975.904761904762,3261.3333333333335,3325.190476190476,3123.3809523809523,3183.4285714285716,2921.8571428571427,3161.714285714286,2940.8571428571427,3200.904761904762,3700.809523809524
3039.0,3344.4285714285716,3940.5714285714284,3292.8571428571427,3317.904761904762,3113.6666666666665,3174.714285714286,2941.714285714286,3149.5714285714284,2941.714285714286,3214.809523809524,3715.0
3058.904761904762,3349.904761904762,3983.3333333333335,3276.5238095238096,3315.285714285714,3134.0476190476193,3159.6190476190477,3057.2380952380954,3128.5238095238096,2955.1428571428573,3198.190476190476,3695.3809523809523
3026.0476190476193,3363.1428571428573,3997.5714285714284,3263.714285714286,3304.809523809524,3120.8571428571427,3194.809523809524,2921.809523809524,3111.5714285714284,2951.7619047619046,3162.714285714286,3675.809523809524
3039.7619047619046,3337.6190476190477,3965.0,3274.0476190476193,3330.809523809524,3124.904761904762,3187.6190476190477,2953.5238095238096,3138.6190476190477,2934.5238095238096,3183.4285714285716,3679.4285714285716
3044.6190476190477,3325.904761904762,3943.809523809524,3283.190476190476,3295.8571428571427,3139.0,3171.0476190476193,2948.3333333333335,3124.7619047619046,2955.7619047619046,3185.6666666666665,3713.6666666666665
3019.904761904762,3352.6190476190477,3962.285714285714,3258.095238095238,3286.4761904761904,3127.714285714286,3193.6666666666665,2928.3809523809523,3125.7619047619046,2952.8571428571427,3154.0476190476193,3660.095238095238
3029.809523809524,3340.904761904762,3939.2380952380954,3268.2380952380954,3284.714285714286,3135.285714285714,3165.714285714286,2944.3333333333335,3139.7619047619046,2959.3809523809523,3178.714285714286,3685.3333333333335
3034.0,3331.6190476190477,3950.6190476190477,3280.9523809523807,3273.5714285714284,3122.285714285714,3194.8571428571427,3025.3809523809523,3136.809523809524,2958.714285714286,3191.8571428571427,3719.285714285714
3052.190476190476,3359.1428571428573,3947.7619047619046,3256.3333333333335,3294.6666666666665,3115.0476190476193,3194.5238095238096,2906.4761904761904,3112.714285714286,2964.2380952380954,3191.4285714285716,3721.8571428571427
3023.0476190476193,3311.6666666666665,3929.8571428571427,3274.0,3255.285714285714,3132.2380952380954,3196.4761904761904,2904.3809523809523,3106.6666666666665,2946.904761904762,3164.904761904762,3701.5238095238096
3015.4761904761904,3304.904761904762,3912.6190476190477,3277.5238095238096,3244.6666666666665,3125.0476190476193,3208.3333333333335,2929.3333333333335,3116.190476190476,2950.3333333333335,3167.285714285714,3686.1428571428573
3049.3809523809523,3323.3809523809523,3932.4761904761904,3264.0,3273.1428571428573,3133.6190476190477,3189.6666666666665,3029.2380952380954,3093.190476190476,2947.4761904761904,3179.809523809524,3686.8571428571427
3011.095238095238,3321.4761904761904,3936.2380952380954,3285.0476190476193,3250.0,3112.4285714285716,3180.1428571428573,3032.904761904762,3086.0476190476193,2945.3809523809523,3176.190476190476,3707.0476190476193
3022.6666666666665,3317.7619047619046,3932.904761904762,3274.7619047619046,3287.3809523809523,3131.4285714285716,3186.4285714285716,3055.9523809523807,3103.285714285714,2942.6666666666665,3174.4761904761904,3716.1428571428573
3035.4285714285716,3304.6190476190477,3924.3809523809523,3272.1428571428573,3252.0476190476193,3113.1428571428573,3203.285714285714,3020.6190476190477,3096.095238095238,2941.0,3141.8571428571427,3701.095238095238
3021.190476190476,3299.9523809523807,3910.095238095238,3305.095238095238,3245.095238095238,3087.190476190476,3199.4285714285716,3009.3333333333335,3121.4285714285716,2934.4761904761904,3150.0,3709.3333333333335
3046.8571428571427,3295.6666666666665,3890.3333333333335,3277.7619047619046,3246.5714285714284,3092.4761904761904,3186.4761904761904,3020.4285714285716,3065.4761904761904,2929.095238095238,3167.9523809523807,3707.4285714285716
3022.2380952380954,3307.4761904761904,3900.190476190476,3269.5714285714284,3234.714285714286,3108.2380952380954,3203.2380952380954,3042.6190476190477,3106.190476190476,2937.904761904762,3126.0,3696.4761904761904
3042.0,3277.809523809524,3913.0476190476193,3253.7619047619046,3242.5714285714284,3095.6666666666665,3190.714285714286,3009.285714285714,3098.6190476190477,2929.5714285714284,3138.9523809523807,3690.714285714286
3026.9523809523807,3302.095238095238,3913.3333333333335,3274.9523809523807,3243.1428571428573,3087.285714285714,3183.6190476190477,2998.095238095238,3105.904761904762,2917.0,3137.4761904761904,3683.190476190476
3026.9523809523807,3306.5714285714284,3936.190476190476,3254.0476190476193,3180.5714285714284,3095.2380952380954,3211.9523809523807,3000.3333333333335,3072.809523809524,2921.5714285714284,3107.6190476190477,3683.2380952380954
3013.904761904762,3279.4285714285716,3912.5714285714284,3260.5714285714284,3194.9523809523807,3092.6190476190477,3191.714285714286,3017.0,3082.904761904762,2924.714285714286,3096.4761904761904,3705.285714285714
3024.0,3303.6190476190477,3900.2380952380954,3252.7619047619046,3199.2380952380954,3088.809523809524,3168.6190476190477,3050.0476190476193,3084.0476190476193,2951.285714285714,3117.0476190476193,3674.095238095238
3045.6190476190477,3292.0,3853.6666666666665,3262.5238095238096,3178.5238095238096,3077.285714285714,3194.4285714285716,3012.5238095238096,3078.0476190476193,2925.5714285714284,3087.5714285714284,3655.714285714286
3027.9523809523807,3281.0,3904.809523809524,3270.0476190476193,3152.3809523809523,3083.3809523809523,3180.0,3008.6190476190477,3070.3809523809523,2917.5714285714284,3089.285714285714,3672.3333333333335
3021.5714285714284,3283.095238095238,3912.1428571428573,3278.0476190476193,3190.9523809523807,3084.3809523809523,3179.3809523809523,3020.8571428571427,3084.8571428571427,2928.0476190476193,3080.6190476190477,3680.0
3020.095238095238,3275.6190476190477,3877.8571428571427,3253.0,3174.4761904761904,3056.7619047619046,3168.3333333333335,2997.9523809523807,3069.7619047619046,2910.5238095238096,3090.5238095238096,3694.5714285714284
3003.5714285714284,3285.4761904761904,3879.2380952380954,3283.1428571428573,3143.714285714286,3058.2380952380954,3186.6666666666665,2999.5714285714284,3060.8571428571427,2896.904761904762,3123.3809523809523,3657.809523809524
3007.8571428571427,3264.0,3914.0,3264.6666666666665,3125.4285714285716,3051.0,3177.190476190476,3006.7619047619046,3062.2380952380954,2926.809523809524,3075.4285714285716,3662.8571428571427
3017.5714285714284,3289.190476190476,3884.714285714286,3250.2380952380954,3129.9523809523807,3058.809523809524,3165.6190476190477,2981.809523809524,3045.095238095238,2934.5714285714284,3079.6666666666665,3690.809523809524
2995.6190476190477,3296.285714285714,3886.6190476190477,3261.5714285714284,3128.3333333333335,3052.6190476190477,3202.0,2998.9523809523807,3053.095238095238,2930.6666666666665,3069.9523809523807,3701.0
3011.3809523809523,3261.0476190476193,3882.4761904761904,3276.0,3136.3809523809523,3070.7619047619046,3176.1428571428573,3000.4761904761904,3039.3809523809523,2951.6190476190477,3063.4761904761904,3677.7619047619046
2990.285714285714,3255.7619047619046,3899.4761904761904,3222.809523809524,3115.0,3061.3809523809523,3180.6190476190477,2978.4285714285716,3053.9523809523807,2928.2380952380954,3081.0,3693.3809523809523
3002.2380952380954,3259.3333333333335,3898.3333333333335,3247.190476190476,3132.714285714286,3046.5714285714284,3183.904761904762,2989.7619047619046,3063.7619047619046,2927.190476190476,3095.714285714286,3694.9523809523807
3027.2380952380954,3285.4285714285716,3881.9523809523807,3229.2380952380954,3090.5714285714284,3078.4761904761904,3172.285714285714,2990.5714285714284,3052.6190476190477,2935.714285714286,3070.0,3696.190476190476
3009.9523809523807,3246.285714285714,3895.3333333333335,3241.3809523809523,3103.0,3053.285714285714,3156.3809523809523,2972.9523809523807,3041.904761904762,2933.904761904762,3067.8571428571427,3670.5238095238096
2993.3809523809523,3273.6190476190477,3883.9523809523807,3253.6666666666665,3121.190476190476,3037.5714285714284,3189.2380952380954,2970.4285714285716,3074.6190476190477,2934.095238095238,3053.6666666666665,3702.285714285714
3016.0,3282.7619047619046,3866.4285714285716,3268.095238095238,3118.0,3033.9523809523807,3187.3333333333335,2987.1428571428573,3069.8571428571427,2929.2380952380954,3066.3809523809523,3685.9523809523807
2997.5714285714284,3293.2380952380954,3880.8571428571427,3264.904761904762,3114.714285714286,3064.2380952380954,3157.809523809524,2985.6190476190477,3042.3809523809523,2939.6190476190477,3073.4285714285716,3672.6190476190477
2984.3333333333335,3275.0,3859.7619047619046,3260.0476190476193,3091.809523809524,3043.1428571428573,3164.190476190476,2984.4761904761904,3044.2380952380954,2924.904761904762,3045.5238095238096,3662.190476190476
2987.4761904761904,3273.2380952380954,3865.3333333333335,3261.190476190476,3091.0,3042.190476190476,3193.095238095238,2979.3333333333335,3041.3809523809523,2914.2380952380954,3055.6190476190477,3691.2380952380954
3009.285714285714,3268.6190476190477,3872.0476190476193,3255.1428571428573,3087.5238095238096,3053.0,3170.4761904761904,2977.0,3020.4285714285716,2928.1428571428573,3052.6190476190477,3664.809523809524
3006.3333333333335,3274.0,3830.6666666666665,3281.809523809524,3124.3809523809523,3035.4761904761904,3136.714285714286,2958.6666666666665,3026.0476190476193,2916.809523809524,3053.3809523809523,3647.8571428571427
2980.4285714285716,3273.4285714285716,3851.285714285714,3263.904761904762,3096.190476190476,3029.2380952380954,3160.285714285714,2960.6190476190477,3007.9523809523807,2910.6190476190477,3041.4761904761904,3662.904761904762
2992.0,3282.3809523809523,3820.3333333333335,3248.714285714286,3073.9523809523807,3023.190476190476,3176.7619047619046,2975.0,3029.7619047619046,2914.6190476190477,3038.714285714286,3647.2380952380954
2974.809523809524,3276.095238095238,3843.3333333333335,3272.9523809523807,3094.6190476190477,3024.4285714285716,3152.0,2982.4761904761904,3024.2380952380954,2911.3333333333335,3022.1428571428573,3651.5714285714284
2978.3809523809523,3260.0476190476193,3838.7619047619046,3243.0,3091.3333333333335,3008.095238095238,3153.3809523809523,2963.4761904761904,3006.4761904761904,2904.3333333333335,3030.4761904761904,3604.4761904761904
2980.5238095238096,3272.0,3809.809523809524,3260.4285714285716,3060.714285714286,3009.1428571428573,3174.4285714285716,2947.5238095238096,2984.9523809523807,2906.904761904762,3046.3333333333335,3645.3333333333335
2975.5714285714284,3291.190476190476,3840.3333333333335,3259.7619047619046,3082.714285714286,3010.190476190476,3133.5714285714284,2941.5238095238096,3005.6666666666665,2913.8571428571427,3042.2380952380954,3637.5238095238096
3001.6666666666665,3284.0476190476193,3829.4761904761904,3264.6666666666665,3094.4285714285716,2994.0,3157.095238095238,2930.8571428571427,2996.6190476190477,2900.3333333333335,3049.190476190476,3644.3809523809523
2975.714285714286,3251.0,3817.2380952380954,3273.5238095238096,3076.190476190476,2999.5238095238096,3154.4285714285716,2976.5238095238096,3007.4761904761904,2906.9523809523807,3022.904761904762,3631.6666666666665
2968.3333333333335,3255.1428571428573,3850.904761904762,3254.9523809523807,3105.4285714285716,2985.9523809523807,3187.714285714286,2951.095238095238,2999.5714285714284,2908.7619047619046,3059.1428571428573,3647.5714285714284
2983.1428571428573,3250.0476190476193,3852.6190476190477,3261.9523809523807,3060.7619047619046,3008.904761904762,3127.9523809523807,2952.190476190476,3001.714285714286,2908.1428571428573,3033.7619047619046,3650.809523809524
2982.4285714285716,3251.190476190476,3821.714285714286,3261.6666666666665,3066.1428571428573,2975.0,3133.2380952380954,2947.095238095238,3004.904761904762,2913.2380952380954,2989.6666666666665,3641.0
2952.714285714286,3258.714285714286,3825.809523809524,3244.6190476190477,3075.809523809524,2983.3809523809523,3138.904761904762,2932.9523809523807,2992.0476190476193,2886.904761904762,3003.7619047619046,3627.6190476190477
2969.0476190476193,3256.0476190476193,3812.3333333333335,3254.4761904761904,3061.285714285714,2978.714285714286,3153.2380952380954,2940.190476190476,2985.904761904762,2912.9523809523807,3034.714285714286,3649.285714285714
2970.0476190476193,3237.3809523809523,3816.7619047619046,3235.6190476190477,3074.190476190476,2976.7619047619046,3142.285714285714,2934.190476190476,2988.5714285714284,2909.7619047619046,2989.3809523809523,3608.285714285714
2969.0476190476193,3229.714285714286,3824.4761904761904,3246.2380952380954,3068.285714285714,2996.0476190476193,3130.2380952380954,2936.095238095238,2996.714285714286,2880.6666666666665,3021.7619047619046,3628.3333333333335
3004.190476190476,3258.4761904761904,3789.4285714285716,3271.3809523809523,3068.8571428571427,2994.5238095238096,3133.4761904761904,2919.3333333333335,2995.8571428571427,2889.9523809523807,3015.0476190476193,3614.0
2979.5714285714284,3254.4285714285716,3809.7619047619046,3278.904761904762,3044.6666666666665,2973.714285714286,3110.6190476190477,2931.4285714285716,2978.6666666666665,2903.1428571428573,2997.8571428571427,3610.3333333333335
2980.5238095238096,3272.8571428571427,3810.5238095238096,3254.8571428571427,3079.809523809524,3009.1428571428573,3115.6190476190477,2918.2380952380954,2972.0,2891.285714285714,3004.095238095238,3624.4285714285716
3002.8571428571427,3238.904761904762,3790.9523809523807,3285.3333333333335,3036.3333333333335,2999.2380952380954,3140.2380952380954,2934.1428571428573,2996.2380952380954,2888.904761904762,3006.4285714285716,3622.190476190476
2992.1428571428573,3262.4761904761904,3809.809523809524,3253.3333333333335,3063.4285714285716,2975.9523809523807,3140.1428571428573,2935.5714285714284,2990.904761904762,2904.3333333333335,3001.714285714286,3645.3333333333335
2985.0,3282.5714285714284,3781.6666666666665,3245.2380952380954,3051.6190476190477,3000.3809523809523,3124.6666666666665,2905.904761904762,3000.5238095238096,2902.714285714286,2984.714285714286,3628.3809523809523
2987.1428571428573,3245.0,3803.4285714285716,3265.8571428571427,3028.904761904762,3003.0476190476193,3152.809523809524,2901.5238095238096,2989.285714285714,2906.6666666666665,2992.285714285714,3627.0476190476193
2991.285714285714,3225.1428571428573,3780.714285714286,3257.3809523809523,3059.5714285714284,2979.9523809523807,3120.190476190476,2911.3809523809523,2962.8571428571427,2897.8571428571427,2993.3333333333335,3606.809523809524
2995.3333333333335,3240.285714285714,3799.285714285714,3245.190476190476,3034.904761904762,2985.714285714286,3132.809523809524,2901.904761904762,2981.190476190476,2876.714285714286,2999.4761904761904,3599.4761904761904
2992.1428571428573,3236.1428571428573,3752.3809523809523,3251.7619047619046,3012.809523809524,2982.8571428571427,3102.0,2908.809523809524,2995.8571428571427,2882.714285714286,3025.2380952380954,3603.8571428571427
3004.5238095238096,3256.4761904761904,3790.6666666666665,3256.809523809524,3029.190476190476,2982.095238095238,3128.809523809524,2883.6666666666665,2975.8571428571427,2891.9523809523807,2999.4285714285716,3592.6666666666665
2964.0476190476193,3211.5714285714284,3776.0,3255.0476190476193,3024.5714285714284,2985.190476190476,3097.5238095238096,2910.3333333333335,2968.8571428571427,2882.285714285714,3001.0,3611.2380952380954
2966.6190476190477,3253.285714285714,3748.8571428571427,3237.190476190476,3036.3333333333335,2996.0,3131.7619047619046,2921.5714285714284,2976.285714285714,2869.809523809524,3017.190476190476,3571.5714285714284
2975.3809523809523,3241.0476190476193,3768.6666666666665,3265.7619047619046,3054.5238095238096,2970.4285714285716,3143.190476190476,2904.0,2980.4761904761904,2872.8571428571427,2979.8571428571427,3610.3333333333335
2958.904761904762,3263.904761904762,3751.3809523809523,3218.0,3036.3333333333335,2968.904761904762,3122.0476190476193,2893.4285714285716,2986.4285714285716,2878.809523809524,2986.6666666666665,3586.9523809523807
2971.0,3246.4761904761904,3790.4285714285716,3253.0,3029.904761904762,2945.714285714286,3135.8571428571427,2892.4285714285716,2972.904761904762,2896.0,2979.809523809524,3594.3809523809523
2968.7619047619046,3239.4761904761904,3803.0476190476193,3249.0,3041.1428571428573,2977.809523809524,3126.3809523809523,2901.5238095238096,2987.2380952380954,2889.4285714285716,2984.8571428571427,3589.6190476190477
2972.2380952380954,3242.4761904761904,3830.904761904762,3242.8571428571427,3047.1428571428573,2989.5238095238096,3117.8571428571427,2896.4761904761904,2967.714285714286,2870.9523809523807,2994.3333333333335,3595.6190476190477
2992.2380952380954,3234.714285714286,3808.714285714286,3229.9523809523807,3024.0476190476193,2964.4285714285716,3131.190476190476,2903.190476190476,2977.4761904761904,2856.904761904762,2990.714285714286,3594.6190476190477
2978.3809523809523,3219.3333333333335,3793.5238095238096,3230.3333333333335,3012.285714285714,2955.0476190476193,3139.4285714285716,2900.714285714286,2960.9523809523807,2883.904761904762,2988.095238095238,3579.190476190476
2961.7619047619046,3215.095238095238,3788.190476190476,3235.8571428571427,3020.8571428571427,2969.5238095238096,3127.3333333333335,2892.6666666666665,2944.0,2879.2380952380954,2976.4285714285716,3596.3809523809523
2965.9523809523807,3222.904761904762,3812.190476190476,3246.5238095238096,3028.8571428571427,2966.3333333333335,3122.0476190476193,2895.285714285714,2966.904761904762,2884.3333333333335,2975.2380952380954,3594.6190476190477
2978.3333333333335,3232.4761904761904,3787.9523809523807,3235.285714285714,3031.1428571428573,2966.0476190476193,3143.8571428571427,2893.3333333333335,2968.5714285714284,2892.8571428571427,2974.9523809523807,3557.4285714285716
2985.0476190476193,3233.714285714286,3807.285714285714,3248.9523809523807,3032.6190476190477,2951.714285714286,3096.2380952380954,2891.1428571428573,2947.6190476190477,2894.7619047619046,2965.1428571428573,3589.190476190476
2967.7619047619046,3208.5238095238096,3812.2380952380954,3221.8571428571427,3034.3809523809523,2959.4761904761904,3134.190476190476,2894.3809523809523,2943.0476190476193,2861.3809523809523,2975.8571428571427,3570.285714285714
2962.5238095238096,3177.1428571428573,3824.5714285714284,3217.5714285714284,3015.4761904761904,2979.8571428571427,3144.0476190476193,2874.6666666666665,2943.285714285714,2883.7619047619046,2971.3809523809523,3576.904761904762
2975.190476190476,3232.285714285714,3793.0,3231.6666666666665,3004.5238095238096,2969.4285714285716,3108.4285714285716,2891.2380952380954,2938.7619047619046,2886.285714285714,2974.809523809524,3585.0
2967.4761904761904,3215.809523809524,3768.809523809524,3227.4761904761904,3004.8571428571427,2961.5238095238096,3114.5714285714284,2891.904761904762,2942.4285714285716,2857.4761904761904,2955.9523809523807,3577.5714285714284
2997.285714285714,3186.190476190476,3772.1428571428573,3198.7619047619046,3002.190476190476,2954.0,3171.5714285714284,2876.2380952380954,2980.3333333333335,2884.7619047619046,2980.904761904762,3576.5238095238096
2978.1428571428573,3178.285714285714,3777.3809523809523,3215.714285714286,3012.4285714285716,2972.3333333333335,3142.4285714285716,2880.3809523809523,2974.095238095238,2870.3809523809523,2949.1428571428573,3571.1428571428573
2968.2380952380954,3188.190476190476,3765.3333333333335,3214.0476190476193,3001.6666666666665,2972.8571428571427,3141.904761904762,2850.7619047619046,2965.714285714286,2872.9523809523807,2954.2380952380954,3538.6666666666665
2967.904761904762,3222.904761904762,3785.714285714286,3217.6190476190477,3007.6190476190477,2982.6190476190477,3160.5714285714284,2883.6190476190477,2984.4285714285716,2865.5238095238096,2963.4761904761904,3569.5238095238096
2945.904761904762,3190.190476190476,3762.285714285714,3228.190476190476,3028.0,2981.3333333333335,3144.9523809523807,2857.6190476190477,2987.6666666666665,2871.3333333333335,2976.285714285714,3558.3333333333335
2976.5714285714284,3183.6666666666665,3758.6666666666665,3222.809523809524,3020.5238095238096,2981.8571428571427,3115.190476190476,2858.7619047619046,2972.6666666666665,2862.5238095238096,2951.4285714285716,3581.714285714286
2976.3809523809523,3200.5238095238096,3781.4761904761904,3221.5714285714284,3015.2380952380954,2983.0476190476193,3145.095238095238,2879.4285714285716,2967.4285714285716,2873.3333333333335,2934.6666666666665,3554.285714285714
2969.6666666666665,3197.285714285714,3783.3809523809523,3221.6190476190477,3003.809523809524,2970.190476190476,3135.8571428571427,2856.095238095238,2963.3333333333335,2871.1428571428573,2964.9523809523807,3523.3333333333335
2974.7619047619046,3162.3333333333335,3792.904761904762,3217.0476190476193,3009.8571428571427,2967.190476190476,3155.6666666666665,2854.3333333333335,2994.5714285714284,2871.4761904761904,2942.5238095238096,3534.8571428571427
2970.809523809524,3205.5714285714284,3771.0476190476193,3225.190476190476,3008.3333333333335,2985.4761904761904,3126.904761904762,2848.5714285714284,2980.3809523809523,2882.4285714285716,2937.1428571428573,3573.6666666666665
2974.904761904762,3205.0,3763.809523809524,3189.4761904761904,2976.0,2973.6190476190477,3139.904761904762,2854.0,2981.0,2856.4761904761904,2944.0,3515.3809523809523
2970.4285714285716,3176.5714285714284,3743.6666666666665,3194.904761904762,3003.714285714286,2953.904761904762,3122.4285714285716,2841.2380952380954,2953.0,2875.5714285714284,2951.4285714285716,3580.904761904762
2960.3809523809523,3135.7619047619046,3742.809523809524,3191.5238095238096,3013.3809523809523,2986.285714285714,3117.5714285714284,2855.3333333333335,2982.6666666666665,2877.5714285714284,2928.3809523809523,3572.6666666666665
2976.6190476190477,3152.5714285714284,3745.095238095238,3198.285714285714,2981.5238095238096,2952.8571428571427,3111.3809523809523,2848.190476190476,2990.0476190476193,2889.0476190476193,2963.5714285714284,3602.0476190476193
2951.8571428571427,3165.809523809524,3756.6666666666665,3228.904761904762,3024.5238095238096,2978.6190476190477,3117.809523809524,2855.190476190476,2970.0,2903.285714285714,2955.904761904762,3593.4285714285716
2961.6666666666665,3152.5238095238096,3762.2380952380954,3194.6666666666665,2999.8571428571427,2954.5238095238096,3125.1428571428573,2870.9523809523807,2982.8571428571427,2855.4285714285716,2944.3333333333335,3579.904761904762
2973.5238095238096,3136.5714285714284,3733.5238095238096,3228.6190476190477,2986.714285714286,2977.5238095238096,3142.0476190476193,2850.6190476190477,2964.0,2890.9523809523807,2948.5714285714284,3571.4285714285716
2974.904761904762,3162.8571428571427,3732.190476190476,3226.3333333333335,3010.904761904762,2978.095238095238,3117.714285714286,2836.6190476190477,2950.904761904762,2871.9523809523807,2939.0476190476193,3544.2380952380954
2958.0,3144.5714285714284,3719.7619047619046,3211.0,2989.095238095238,2975.809523809524,3117.6666666666665,2849.809523809524,2989.904761904762,2880.3333333333335,2949.6666666666665,3572.4761904761904
2969.4761904761904,3163.190476190476,3741.714285714286,3193.0,2990.904761904762,2972.190476190476,3129.2380952380954,2845.3809523809523,2985.3333333333335,2831.4761904761904,2947.5714285714284,3549.7619047619046
2981.9523809523807,3150.714285714286,3744.809523809524,3197.5238095238096,3011.5238095238096,2978.904761904762,3124.0476190476193,2818.0,2972.6190476190477,2874.904761904762,2927.285714285714,3553.4285714285716
2957.190476190476,3125.285714285714,3760.4761904761904,3194.190476190476,3001.6666666666665,2972.809523809524,3124.809523809524,2839.4285714285716,2980.0476190476193,2878.3809523809523,2948.8571428571427,3550.904761904762
2950.714285714286,3138.8571428571427,3733.190476190476,3194.5714285714284,2964.904761904762,2956.9523809523807,3147.095238095238,2838.714285714286,2970.7619047619046,2876.5238095238096,2949.5238095238096,3556.0476190476193
2953.8571428571427,3099.3809523809523,3715.285714285714,3179.7619047619046,3014.0476190476193,2981.5714285714284,3150.7619047619046,2850.190476190476,2964.285714285714,2878.4761904761904,2934.0,3546.4285714285716
2933.095238095238,3128.6666666666665,3716.5238095238096,3200.190476190476,3016.7619047619046,2979.3333333333335,3141.904761904762,2814.9523809523807,2966.7619047619046,2868.1428571428573,2947.4285714285716,3546.3333333333335
2935.9523809523807,3124.0476190476193,3751.0,3195.0476190476193,2969.6190476190477,2964.0476190476193,3131.0,2822.095238095238,2979.8571428571427,2856.5238095238096,2941.285714285714,3567.714285714286
2960.1428571428573,3134.9523809523807,3747.6190476190477,3195.4761904761904,3007.2380952380954,3003.190476190476,3147.0,2810.095238095238,2963.2380952380954,2876.4761904761904,2950.190476190476,3548.9523809523807
2956.5714285714284,3135.4285714285716,3701.4285714285716,3206.0476190476193,2987.1428571428573,2972.6666666666665,3117.904761904762,2812.3333333333335,2965.7619047619046,2865.8571428571427,2953.6666666666665,3563.095238095238
2956.6190476190477,3133.7619047619046,3707.9523809523807,3214.5238095238096,2996.285714285714,2993.5714285714284,3120.904761904762,2816.714285714286,2976.190476190476,2886.904761904762,2944.3333333333335,3513.5238095238096
2930.7619047619046,3105.285714285714,3709.5238095238096,3190.5714285714284,2994.5714285714284,2974.9523809523807,3114.6190476190477,2817.0,2961.904761904762,2873.3809523809523,2932.714285714286,3504.8571428571427
2948.190476190476,3107.4285714285716,3707.0,3199.904761904762,2979.6666666666665,2977.7619047619046,3142.6666666666665,2807.3333333333335,2971.4761904761904,2867.3809523809523,2946.2380952380954,3545.285714285714
2942.4285714285716,3114.5238095238096,3717.714285714286,3211.5714285714284,2985.4285714285716,2955.1428571428573,3159.0476190476193,2810.1428571428573,2967.2380952380954,2866.4761904761904,2953.095238095238,3536.714285714286
2936.190476190476,3132.2380952380954,3702.5714285714284,3189.285714285714,2989.4285714285716,2940.6666666666665,3139.3333333333335,2801.4285714285716,2948.904761904762,2888.809523809524,2929.095238095238,3520.904761904762
2957.4761904761904,3095.0476190476193,3723.3809523809523,3215.904761904762,2944.190476190476,2978.1428571428573,3117.8571428571427,2790.7619047619046,2933.1428571428573,2861.4761904761904,2932.095238095238,3456.2380952380954
2925.4285714285716,3135.4761904761904,3692.714285714286,3173.7619047619046,2952.5714285714284,2977.4761904761904,3090.0476190476193,2810.1428571428573,2925.9523809523807,2868.3333333333335,2905.8571428571427,3491.1428571428573
2952.2380952380954,3123.714285714286,3701.904761904762,3204.095238095238,2995.6666666666665,2965.095238095238,3115.9523809523807,2794.2380952380954,2964.5714285714284,2855.0476190476193,2920.904761904762,3485.095238095238
2941.1428571428573,3117.7619047619046,3694.2380952380954,3180.2380952380954,2991.2380952380954,2983.1428571428573,3117.3809523809523,2795.714285714286,2962.9523809523807,2865.8571428571427,2906.6190476190477,3476.4285714285716
2937.0,3109.5238095238096,3688.7619047619046,3199.4285714285716,2948.3333333333335,2964.9523809523807,3126.5714285714284,2815.904761904762,2953.7619047619046,2881.4285714285716,2924.0476190476193,3475.8571428571427
2944.5714285714284,3110.4761904761904,3686.904761904762,3186.5238095238096,2982.2380952380954,2963.3333333333335,3132.5714285714284,2806.7619047619046,2960.1428571428573,2862.4285714285716,2919.809523809524,3501.5238095238096
2945.5714285714284,3109.3333333333335,3688.190476190476,3199.5238095238096,2956.285714285714,2974.8571428571427,3144.6666666666665,2797.0,2938.6190476190477,2858.4285714285716,2918.809523809524,3486.2380952380954
2939.809523809524,3108.5714285714284,3711.6190476190477,3174.4761904761904,2940.809523809524,2973.3333333333335,3112.3333333333335,2788.0,2940.095238095238,2849.4761904761904,2918.4761904761904,3512.4761904761904
2939.0476190476193,3092.714285714286,3676.5714285714284,3154.6190476190477,2933.285714285714,2965.7619047619046,3119.809523809524,2800.3333333333335,2958.7619047619046,2869.0,2918.2380952380954,3482.0476190476193
2910.8571428571427,3108.809523809524,3645.9523809523807,3164.3809523809523,2957.809523809524,2956.0,3116.190476190476,2791.5238095238096,2951.7619047619046,2856.285714285714,2907.285714285714,3471.095238095238
2923.9523809523807,3120.3333333333335,3666.190476190476,3172.2380952380954,2938.904761904762,2967.4761904761904,3120.1428571428573,2808.6190476190477,2918.285714285714,2851.9523809523807,2918.190476190476,3457.5714285714284
2924.4285714285716,3068.095238095238,3672.190476190476,3143.3809523809523,2948.9523809523807,2992.7619047619046,3131.3809523809523,2788.285714285714,2937.4761904761904,2854.2380952380954,2917.3809523809523,3534.6666666666665
2910.809523809524,3084.3333333333335,3638.809523809524,3180.5238095238096,2960.6666666666665,2993.095238095238,3137.5714285714284,2783.714285714286,2938.4761904761904,2859.285714285714,2927.1428571428573,3523.4285714285716
2909.4761904761904,3086.4285714285716,3683.2380952380954,3144.3333333333335,2944.0476190476193,2974.0476190476193,3119.6666666666665,2772.190476190476,2932.1428571428573,2883.0,2919.5238095238096,3512.904761904762
2888.809523809524,3092.7619047619046,3678.2380952380954,3170.1428571428573,2957.0,2993.0476190476193,3104.3333333333335,2785.4761904761904,2950.1428571428573,2858.285714285714,2915.4285714285716,3476.7619047619046
2903.6190476190477,3100.190476190476,3658.190476190476,3181.0476190476193,2944.904761904762,2990.1428571428573,3105.5238095238096,2787.9523809523807,2955.4285714285716,2888.8571428571427,2915.4285714285716,3511.6666666666665
2900.8571428571427,3072.714285714286,3683.714285714286,3155.3333333333335,2963.285714285714,2989.0,3097.5714285714284,2811.1428571428573,2961.2380952380954,2856.095238095238,2934.1428571428573,3503.8571428571427
2931.6190476190477,3099.1428571428573,3690.809523809524,3176.904761904762,2994.0,3011.5238095238096,3136.714285714286,2811.0,2970.190476190476,2889.2380952380954,2952.904761904762,3552.4761904761904
2938.2380952380954,3160.3809523809523,3710.0,3220.7619047619046,3003.6190476190477,3006.1428571428573,3155.4285714285716,2837.095238095238,2999.095238095238,2911.809523809524,2970.8571428571427,3556.7619047619046
2980.7619047619046,3251.6666666666665,3787.0476190476193,3253.7619047619046,3057.4761904761904,3037.4285714285716,3142.190476190476,2874.4761904761904,3042.095238095238,2944.4761904761904,2992.4285714285716,3598.714285714286
2968.0,3344.190476190476,3793.4285714285716,3283.9523809523807,3086.6190476190477,3101.904761904762,3192.7619047619046,2875.285714285714,3064.6666666666665,2964.6190476190477,3025.2380952380954,3635.8571428571427
3018.3333333333335,3384.7619047619046,3820.0476190476193,3294.2380952380954,3100.5238095238096,3088.4761904761904,3201.8571428571427,2865.4285714285716,3094.4285714285716,2988.8571428571427,3068.5714285714284,3650.190476190476
3125.714285714286,3427.4761904761904,3929.4761904761904,3367.1428571428573,3145.0,3138.904761904762,3300.1428571428573,3063.3333333333335,3175.4285714285716,3024.3333333333335,3182.6190476190477,3789.1428571428573
3144.4285714285716,3435.2380952380954,3958.4761904761904,3362.6666666666665,3166.6190476190477,3147.285714285714,3286.190476190476,3060.190476190476,3182.7619047619046,3049.0476190476193,3227.714285714286,3699.904761904762
3163.8571428571427,3455.1428571428573,3991.9523809523807,3391.285714285714,3166.714285714286,3195.904761904762,3302.714285714286,3070.1428571428573,3214.714285714286,3027.5714285714284,3234.095238095238,3839.3809523809523
3151.4285714285716,3497.285714285714,4001.3809523809523,3424.095238095238,3206.4285714285716,3210.9523809523807,3316.6666666666665,3079.809523809524,3190.6666666666665,3048.095238095238,3241.095238095238,3845.904761904762
3165.7619047619046,3496.6666666666665,4012.1428571428573,3398.809523809524,3209.0,3221.6190476190477,3331.904761904762,3103.190476190476,3235.095238095238,3086.3809523809523,3247.8571428571427,3914.1428571428573
3174.8571428571427,3494.095238095238,4024.904761904762,3420.0476190476193,3208.5714285714284,3239.6666666666665,3359.8571428571427,3094.6190476190477,3232.6666666666665,3072.3809523809523,3277.904761904762,3879.4285714285716
3179.190476190476,3496.809523809524,4017.714285714286,3477.095238095238,3209.190476190476,3247.190476190476,3340.0,3095.190476190476,3257.1428571428573,3101.9523809523807,3264.4761904761904,3859.8571428571427
3217.3333333333335,3534.9523809523807,4079.190476190476,3494.9523809523807,3244.0,3258.0476190476193,3352.5238095238096,3133.285714285714,3255.4761904761904,3108.9523809523807,3301.4761904761904,3927.809523809524
3239.285714285714,3524.904761904762,4078.6190476190477,3496.5238095238096,3263.904761904762,3247.904761904762,3362.0476190476193,3139.8571428571427,3265.7619047619046,3111.285714285714,3302.809523809524,3894.285714285714
3223.4285714285716,3505.904761904762,4047.1428571428573,3499.2380952380954,3255.809523809524,3264.5714285714284,3368.8571428571427,3150.4761904761904,3261.0,3087.9523809523807,3295.0,3859.6190476190477
3196.9523809523807,3491.904761904762,4071.9523809523807,3527.3333333333335,3277.8571428571427,3277.5238095238096,3377.5714285714284,3135.1428571428573,3272.5714285714284,3091.4285714285716,3295.3333333333335,3822.809523809524
3257.7619047619046,3549.0,4055.9523809523807,3489.904761904762,3310.190476190476,3245.9523809523807,3400.5238095238096,3136.5238095238096,3276.4285714285716,3111.714285714286,3264.4761904761904,3804.1428571428573
3243.904761904762,3555.7619047619046,4056.809523809524,3488.4761904761904,3280.0476190476193,3259.5238095238096,3369.0476190476193,3136.809523809524,3289.9523809523807,3116.095238095238,3286.904761904762,3790.7619047619046
3268.714285714286,3546.5714285714284,4069.3809523809523,3489.7619047619046,3302.6666666666665,3277.5714285714284,3363.3333333333335,3148.809523809524,3292.904761904762,3151.714285714286,3250.714285714286,3804.4285714285716
3277.809523809524,3521.285714285714,4114.428571428572,3495.285714285714,3293.904761904762,3292.9523809523807,3395.190476190476,3122.3333333333335,3308.809523809524,3139.2380952380954,3240.2380952380954,3792.285714285714
3257.0476190476193,3497.6190476190477,4095.5238095238096,3495.9523809523807,3325.1428571428573,3276.5238095238096,3368.8571428571427,3159.1428571428573,3305.5714285714284,3139.5714285714284,3294.8571428571427,3815.0476190476193
3283.3809523809523,3560.9523809523807,4122.333333333333,3529.714285714286,3324.5714285714284,3283.0,3391.6666666666665,3126.3809523809523,3281.5714285714284,3121.0476190476193,3298.190476190476,3828.809523809524
3261.904761904762,3549.190476190476,4084.7619047619046,3522.9523809523807,3281.904761904762,3262.0476190476193,3378.2380952380954,3156.9523809523807,3297.5714285714284,3109.095238095238,3274.3809523809523,3866.3333333333335
3280.3333333333335,3563.2380952380954,4079.714285714286,3522.0,3327.095238095238,3333.6666666666665,3363.0476190476193,3173.5238095238096,3288.809523809524,3145.809523809524,3277.095238095238,3818.095238095238
3270.0,3569.285714285714,4106.238095238095,3506.285714285714,3315.6190476190477,3282.714285714286,3400.4761904761904,3186.6666666666665,3303.6666666666665,3130.1428571428573,3295.7619047619046,3835.3333333333335
3295.190476190476,3533.190476190476,4106.238095238095,3521.1428571428573,3311.6190476190477,3283.6666666666665,3363.8571428571427,3134.809523809524,3287.809523809524,3113.809523809524,3286.190476190476,3843.0
3274.190476190476,3538.5714285714284,4117.476190476191,3528.4761904761904,3308.714285714286,3298.0476190476193,3404.2380952380954,3148.0,3302.6190476190477,3128.285714285714,3266.7619047619046,3840.8571428571427
3275.2380952380954,3546.6666666666665,4105.047619047619,3575.285714285714,3330.3809523809523,3289.5714285714284,3422.809523809524,3150.0476190476193,3305.190476190476,3138.1428571428573,3314.1428571428573,3907.190476190476
3291.190476190476,3538.7619047619046,4136.857142857143,3515.4761904761904,3313.0476190476193,3288.285714285714,3444.2380952380954,3122.4761904761904,3316.809523809524,3120.285714285714,3289.5714285714284,3891.7619047619046
3301.7619047619046,3524.9523809523807,4139.9047619047615,3512.7619047619046,3327.095238095238,3301.095238095238,3417.4761904761904,3143.4285714285716,3318.4761904761904,3131.8571428571427,3331.3333333333335,3944.0476190476193
3272.3333333333335,3543.6190476190477,4118.0,3532.714285714286,3339.904761904762,3343.0,3421.0476190476193,3145.9523809523807,3317.1428571428573,3162.9523809523807,3302.5714285714284,3936.190476190476
3312.5714285714284,3555.809523809524,4126.714285714285,3534.8571428571427,3322.285714285714,3303.904761904762,3425.5714285714284,3134.285714285714,3285.0,3179.0476190476193,3326.190476190476,3922.714285714286
3287.3333333333335,3554.3809523809523,4131.142857142857,3524.0476190476193,3343.0476190476193,3336.9523809523807,3373.0476190476193,3128.9523809523807,3292.6666666666665,3124.9523809523807,3318.285714285714,3969.5238095238096
3255.809523809524,3548.1428571428573,4164.571428571428,3565.0476190476193,3334.5238095238096,3324.714285714286,3425.8571428571427,3149.7619047619046,3312.6190476190477,3146.7619047619046,3321.5714285714284,3928.6190476190477
3275.0,3522.0,4134.523809523809,3562.4285714285716,3338.7619047619046,3321.809523809524,3422.7619047619046,3117.0476190476193,3294.095238095238,3176.2380952380954,3320.809523809524,3949.3333333333335
3285.2380952380954,3530.4761904761904,4113.666666666667,3571.1428571428573,3335.4761904761904,3341.0476190476193,3450.0,3118.6666666666665,3316.2380952380954,3160.5238095238096,3309.5714285714284,3968.9523809523807
3293.904761904762,3535.3809523809523,4125.619047619048,3574.4761904761904,3353.7619047619046,3340.1428571428573,3432.0476190476193,3124.0,3317.0476190476193,3148.095238095238,3319.904761904762,3964.7619047619046
3307.809523809524,3523.8571428571427,4163.047619047619,3564.8571428571427,3341.9523809523807,3322.0,3433.095238095238,3133.9523809523807,3317.190476190476,3165.4285714285716,3320.095238095238,3980.5238095238096
3290.285714285714,3539.809523809524,4159.238095238095,3607.285714285714,3336.3333333333335,3322.6190476190477,3456.190476190476,3111.9523809523807,3293.5238095238096,3153.0476190476193,3269.714285714286,3944.6190476190477
3294.4285714285716,3513.6666666666665,4145.857142857143,3623.9523809523807,3332.904761904762,3329.5238095238096,3425.3333333333335,3102.3333333333335,3299.4285714285716,3142.3333333333335,3260.6666666666665,3922.7619047619046
3294.0476190476193,3592.3809523809523,4139.9047619047615,3613.0476190476193,3356.5714285714284,3316.4285714285716,3414.0476190476193,3187.190476190476,3310.714285714286,3126.3333333333335,3272.285714285714,3946.095238095238
3362.6190476190477,3608.5238095238096,4167.428571428572,3621.5714285714284,3321.2380952380954,3321.0,3469.2380952380954,3204.9523809523807,3284.1428571428573,3172.3809523809523,3267.9523809523807,3939.4285714285716
3377.5238095238096,3559.6190476190477,4150.238095238095,3609.809523809524,3340.9523809523807,3355.8571428571427,3439.1428571428573,3102.2380952380954,3299.0,3162.190476190476,3245.4285714285716,3960.4285714285716
3370.6190476190477,3567.1428571428573,4155.0952380952385,3628.6190476190477,3383.4285714285716,3310.0,3415.9523809523807,3207.8571428571427,3287.0,3132.9523809523807,3271.714285714286,3957.3333333333335
3389.6190476190477,3586.6666666666665,4160.0952380952385,3615.4761904761904,3346.0,3348.714285714286,3430.904761904762,3198.5714285714284,3298.1428571428573,3116.5714285714284,3259.4285714285716,4033.9523809523807
3373.6666666666665,3616.095238095238,4129.0952380952385,3603.7619047619046,3359.9523809523807,3315.904761904762,3431.5714285714284,3076.3333333333335,3287.9523809523807,3151.3333333333335,3271.2380952380954,4017.5238095238096
3367.3809523809523,3558.4285714285716,4132.714285714285,3625.1428571428573,3346.5714285714284,3344.1428571428573,3432.6190476190477,3111.190476190476,3311.904761904762,3144.1428571428573,3259.8571428571427,3992.6666666666665
3367.8571428571427,3594.5238095238096,4170.142857142857,3655.5714285714284,3361.1428571428573,3324.904761904762,3432.904761904762,3196.190476190476,3283.0476190476193,3156.285714285714,3285.8571428571427,3956.8571428571427
3385.0476190476193,3578.6666666666665,4152.428571428572,3664.4761904761904,3325.904761904762,3325.809523809524,3454.285714285714,3204.4761904761904,3329.285714285714,3129.6190476190477,3259.285714285714,4015.714285714286
3403.2380952380954,3530.7619047619046,4147.809523809524,3634.6666666666665,3364.4285714285716,3346.1428571428573,3451.2380952380954,3222.809523809524,3322.5714285714284,3176.7619047619046,3301.1428571428573,4062.9523809523807
3377.8571428571427,3550.2380952380954,4183.9047619047615,3645.190476190476,3337.3809523809523,3351.190476190476,3407.3333333333335,3220.2380952380954,3337.5714285714284,3177.0476190476193,3301.5714285714284,4049.3809523809523
3376.5238095238096,3573.5238095238096,4169.761904761905,3635.190476190476,3338.6190476190477,3340.4761904761904,3421.6190476190477,3237.3333333333335,3348.3333333333335,3154.0476190476193,3290.809523809524,4048.809523809524
3418.4285714285716,3561.6190476190477,4170.0,3678.3809523809523,3334.5238095238096,3336.714285714286,3448.3809523809523,3206.5238095238096,3345.6190476190477,3184.7619047619046,3312.809523809524,4049.6666666666665
3368.809523809524,3562.809523809524,4157.857142857143,3671.0,3357.3333333333335,3347.4285714285716,3437.6666666666665,3213.809523809524,3345.4761904761904,3168.3333333333335,3303.285714285714,4076.1428571428573
3400.7619047619046,3517.190476190476,4161.333333333333,3680.4761904761904,3326.190476190476,3363.904761904762,3428.0476190476193,3221.904761904762,3342.0476190476193,3173.5714285714284,3284.285714285714,4089.809523809524
3403.0476190476193,3521.6190476190477,4170.0952380952385,3640.9523809523807,3371.3809523809523,3348.904761904762,3422.9523809523807,3197.6666666666665,3341.904761904762,3158.6666666666665,3322.6190476190477,4080.095238095238
3419.7619047619046,3538.4285714285716,4184.523809523809,3680.5714285714284,3320.3333333333335,3312.190476190476,3425.190476190476,3227.904761904762,3323.3809523809523,3152.9523809523807,3288.3333333333335,4071.6666666666665
3403.6666666666665,3540.285714285714,4164.428571428572,3659.904761904762,3329.0476190476193,3341.095238095238,3416.6666666666665,3202.1428571428573,3352.095238095238,3145.4285714285716,3272.3333333333335,3983.904761904762
3418.095238095238,3532.3333333333335,4188.428571428572,3663.3333333333335,3320.6190476190477,3311.809523809524,3414.190476190476,3206.5238095238096,3316.904761904762,3165.904761904762,3316.714285714286,4070.3333333333335
3425.714285714286,3572.6190476190477,4176.476190476191,3651.8571428571427,3339.5714285714284,3321.809523809524,3437.809523809524,3202.095238095238,3329.904761904762,3146.190476190476,3312.904761904762,3983.6666666666665
3395.6190476190477,3572.8571428571427,4156.0952380952385,3653.095238095238,3338.714285714286,3328.7619047619046,3409.0,3210.0476190476193,3342.0,3149.0476190476193,3255.904761904762,3976.4761904761904
