32167.750,8211.750,29837.750,9607.223,12895.667,18906.334,9974.500,23294.500
31443.416,7588.875,28929.375,9488.444,12175.333,18076.500,9660.667,22207.166
29986.084,7022.375,27831.250,9512.444,11394.111,17559.500,9330.333,21175.166
31116.750,6874.125,27201.500,9404.556,11012.223,16924.334,9037.000,20768.834
36563.418,9127.250,31081.250,9462.111,15422.667,21487.334,10779.167,25473.500
37834.082,10500.500,34017.125,9650.444,18209.000,25163.000,13208.500,27625.000
36312.668,9736.625,33240.375,9763.000,17538.111,24295.500,12729.000,26522.834
34495.918,8848.125,32131.500,9657.333,16438.555,23350.334,12294.833,25314.000
33731.250,8083.750,30930.125,9563.000,15401.333,22311.834,11825.167,23891.000
34804.168,8657.875,30190.875,9415.777,14934.556,21470.500,11590.667,24917.666
33999.082,8706.500,30028.250,9389.333,14615.667,21024.500,11264.500,24912.166
32535.416,7917.625,28831.375,9280.333,13548.444,20091.500,10767.000,23389.834
32509.834,7648.500,27989.500,9209.556,12909.111,19259.666,10175.500,22923.834
33280.582,8186.000,28149.625,9131.444,13051.223,19249.834,10294.000,23835.500
31914.750,7618.000,27055.125,9057.777,12439.111,18496.500,9948.167,22675.834
30428.334,7043.375,26104.750,9006.333,11990.556,17777.834,9772.333,21811.166
30950.750,6962.875,25496.500,9005.000,11343.111,17173.000,9461.833,21432.334
29703.250,6536.875,25083.000,9051.111,10978.667,16612.166,9064.167,20903.334
28128.584,6101.125,24014.375,8997.667,10456.223,16020.333,8835.500,19858.834
29326.916,6127.250,23743.500,9026.223,10179.000,15622.667,8657.500,19811.166
30796.500,6754.250,24482.875,9011.444,10484.111,15750.667,8465.333,21037.334
28982.834,6334.875,23956.250,8932.111,10042.444,15119.500,8298.500,20000.500
28628.416,5893.875,23095.750,8982.333,9731.667,14744.500,8147.167,19371.500
31019.084,6404.125,23541.375,8865.223,9954.333,14952.333,8081.667,20545.666
30147.416,6468.875,23573.125,8949.777,10150.444,15053.167,7994.000,20808.166
28502.084,5952.125,22706.375,8869.111,9720.333,14456.333,7905.833,19867.334
29041.666,5834.875,22030.625,8850.444,9447.444,14152.333,7718.667,19138.500
31477.584,6762.625,22893.875,8853.667,10090.667,14155.000,7757.500,20847.334
30903.000,7150.375,23280.250,8757.333,10617.667,14222.500,7879.667,21902.000
29230.500,6628.875,22777.875,8726.000,10087.111,13796.167,7346.333,20670.334
30944.584,6986.375,22885.750,8724.444,10129.444,13796.833,7351.167,21210.334
29503.084,6689.625,22504.625,8680.667,9989.000,13411.167,7359.333,20686.166
28203.250,6073.875,21770.000,8551.333,9650.667,13121.667,7333.667,19817.834
29309.500,6253.500,21439.500,8459.223,9455.444,12862.833,7248.833,19905.666
32152.500,7379.125,23260.750,8565.000,10889.667,13859.500,7765.833,22045.334
30863.250,7244.500,23228.750,8540.556,10915.889,13877.500,8073.167,21571.334
29045.166,6685.125,22407.750,8529.667,10428.777,13487.167,7713.667,20681.000
30240.166,6765.250,22084.500,8698.333,10104.777,13327.667,7652.667,20878.000
32851.250,7860.750,23044.625,8650.556,11354.667,14513.833,8176.000,23668.666
31321.416,7535.875,22929.375,8672.111,11329.444,14291.167,8167.833,22693.334
29888.500,6932.375,22197.500,8629.667,10740.777,13767.000,7938.500,21667.834
31430.584,7263.750,21971.375,8600.000,10537.000,13455.833,8063.000,22069.000
33194.582,8059.625,23452.625,8501.333,11548.444,14841.000,8870.667,23760.166
31292.250,7587.125,22902.125,8556.889,11163.111,14240.667,8625.833,22955.166
31319.666,7256.500,22030.250,8449.889,10704.111,13734.167,8291.833,22063.000
32925.168,8121.750,22898.500,8403.777,11322.889,14357.667,8653.500,23690.666
33629.500,8867.375,24290.500,8494.223,12702.667,16000.667,9333.000,25238.500
31423.500,8310.250,23617.750,8449.000,12008.556,15246.333,8990.833,23981.500
30700.916,7568.000,22676.375,8426.444,11315.667,14534.667,8681.500,22848.500
32425.916,7905.875,22443.125,8442.000,11106.777,14297.500,8596.667,23419.500
34181.750,8956.125,23619.875,8550.333,12206.111,15424.667,9362.667,25430.166
32751.834,8327.000,23100.875,8540.667,11701.444,15089.000,9096.500,24297.500
32134.166,7767.500,22335.000,8449.333,11045.444,14663.500,8892.167,23534.166
33838.918,8603.000,22936.000,8546.444,11310.777,14896.333,8919.500,24879.166
32802.250,8634.125,23180.375,8705.000,11330.667,14925.333,9087.500,24818.666
31312.834,8042.500,22228.750,8682.777,10760.111,14249.500,8722.000,23591.666
32734.416,8373.750,21987.625,8718.667,10656.111,14053.167,8796.333,24189.334
34493.250,9652.500,23699.625,8796.333,11933.111,15427.500,9519.500,26409.666
33214.332,9005.250,23467.625,8865.667,11751.333,15413.333,9480.833,25439.000
31553.084,8243.000,22490.625,8866.889,11186.444,14517.167,9141.833,24117.666
31702.084,7902.000,21534.875,8862.667,10434.333,14060.500,8727.333,23784.166
34067.918,8820.125,22567.250,8815.889,10942.111,14415.333,9073.833,25262.334
35243.000,9869.000,24261.375,8747.223,12466.889,16689.166,9859.333,27213.166
33795.168,9095.875,23523.500,8657.667,11988.000,15982.000,9753.667,25998.666
34054.000,8881.250,22936.750,8566.444,11456.777,15496.667,9556.167,25671.834
34790.250,9448.875,23657.000,8660.223,12044.889,15955.833,9696.000,27066.166
33121.332,8765.125,23157.125,8683.889,11488.667,15607.667,9317.333,25604.500
31794.250,7952.500,22052.500,8592.889,10928.777,14786.333,9054.000,24266.500
32898.082,8206.500,21480.625,8623.667,10366.333,14268.333,8792.667,24696.334
34946.082,9364.625,23221.750,8596.777,11180.777,15455.000,9245.833,26530.334
34220.668,9725.000,24155.000,8541.444,11702.223,16028.833,9853.167,27066.166
33993.000,9353.125,23679.375,8655.667,11243.000,15433.833,9523.167,26313.834
36122.582,10109.375,25089.750,8583.333,12258.223,16507.834,10249.833,27655.500
35787.082,10457.250,26009.750,8663.777,12927.777,17742.666,10816.833,28104.166
34060.332,9423.875,25113.000,8591.000,12277.889,17115.666,10345.167,26617.166
33866.000,9048.625,24345.375,8516.444,11720.556,16355.167,10018.333,25745.000
35448.832,9678.375,24704.625,8500.889,12210.111,16853.500,10205.833,27050.166
34583.168,9421.125,24556.000,8504.777,12403.556,16685.000,10214.667,26894.500
33264.418,8521.750,23740.125,8403.556,11486.444,15782.833,9579.333,25364.834
33717.750,8378.875,23067.500,8264.223,11122.111,15298.167,9434.333,25437.334
35098.332,9270.625,24079.625,8335.223,11977.333,15882.667,9808.833,26783.334
33602.082,8819.750,23745.375,8508.333,11697.444,15434.167,9570.333,26136.166
33966.500,8847.250,23271.625,8510.223,11409.111,14995.833,9182.167,25685.000
35768.000,10129.375,24838.000,8544.777,12816.889,16229.500,9980.333,27688.666
34290.168,9852.375,24499.625,8528.223,12616.667,16287.167,10007.167,26836.834
32934.168,8963.750,23718.000,8676.111,11986.777,15465.500,9687.833,25548.334
33307.250,8759.625,23066.375,8652.333,11414.000,14981.167,9330.833,25389.500
35345.918,9651.000,24111.375,8749.667,12266.223,15539.000,9606.333,27519.834
34467.332,9844.625,24589.875,8795.223,12482.777,15782.500,9918.667,27177.500
32820.082,9109.000,23578.625,8811.333,11773.111,15132.833,9632.167,25865.166
33276.418,8681.750,22758.375,8630.556,11195.444,14640.500,9398.000,25234.500
35053.582,9512.375,23354.500,8654.556,11879.889,15127.167,9651.167,27162.500
33599.750,8914.125,22678.250,8661.444,11383.777,14654.000,9266.000,26237.334
32297.916,8113.750,21885.875,8539.000,10811.777,14280.333,9154.167,24722.834
34097.500,8595.875,22137.000,8471.889,10845.889,14136.667,9103.000,25494.166
33029.250,8590.125,21975.625,8496.333,10789.000,13835.167,9090.333,25395.334
31397.666,7838.000,21038.375,8465.333,10174.000,13517.667,8792.667,24158.166
31594.166,7578.625,20396.375,8477.667,9814.223,13032.333,8592.500,23952.334
34167.750,8436.500,21215.000,8461.333,10212.000,13070.833,8646.000,25301.666
35713.750,9502.000,22938.875,8587.777,11806.111,15022.333,9279.833,27562.834
34125.500,8750.875,22355.625,8600.777,11537.333,14677.167,9113.000,26452.334
33923.918,8402.375,21650.000,8603.889,10960.333,13978.500,8915.833,25742.500
35386.000,9120.000,22487.625,8600.556,11677.889,14324.000,9117.833,27039.666
33991.832,8656.750,22105.125,8574.444,11339.667,14099.500,8996.833,26010.000
33081.750,8080.625,21252.000,8566.889,10741.223,13452.833,8770.000,24491.000
34493.418,8564.500,21519.250,8499.889,10861.667,13563.333,8817.667,25666.166
34098.332,8667.375,21878.250,8560.556,11047.556,13938.000,8971.333,27011.000
32741.916,7896.250,21001.125,8535.556,10374.777,13347.333,8682.000,25000.000
34183.168,8143.250,20880.125,8547.333,10310.000,13077.000,8655.333,25315.500
33166.582,8252.875,20604.375,8357.556,10273.556,13023.833,8546.000,25162.834
31473.334,7565.750,19861.625,8451.333,9833.777,12419.667,8256.000,23533.000
32202.166,7618.250,19555.875,8382.889,9446.667,12222.833,8227.333,23659.166
33176.418,8355.750,20175.500,8328.223,9909.556,12689.667,8186.500,25116.166
31312.834,7655.000,19241.000,8355.777,9623.667,12305.167,8038.167,24075.166
30740.666,7346.000,18893.500,8358.223,9304.111,11986.667,7848.667,23292.000
33983.668,8289.125,19684.500,8353.333,9869.223,12411.500,7902.833,24989.666
34772.332,9248.375,21445.375,8428.556,11172.000,14218.833,8773.167,26323.500
33052.168,8583.375,20844.000,8472.223,10710.667,13907.833,8526.667,24917.834
32514.416,8012.250,20056.875,8459.333,10206.111,13257.500,8275.500,24503.166
34282.832,8659.000,20588.625,8405.556,10691.111,13288.167,8141.333,24753.666
35184.000,9364.875,22349.000,8550.667,11949.223,14992.667,8985.000,26262.500
33532.832,8588.625,21486.625,8472.000,11561.556,14764.500,8775.500,24918.334
33766.082,8560.250,21065.625,8442.777,11049.667,14128.833,8601.500,24614.166
35090.250,9291.000,21725.125,8552.667,11721.777,15071.500,8841.500,25866.834
33387.582,8696.375,21030.750,8534.223,11283.777,14485.167,8754.500,24665.666
34035.250,8791.375,20764.875,8625.667,11019.223,14139.333,8668.333,24726.000
35645.250,9963.500,22163.625,8573.777,12305.667,16149.333,9426.500,26680.166
34240.582,9297.750,21672.250,8499.000,11863.667,15748.500,9513.333,25621.500
33193.500,8532.000,20717.375,8611.556,11237.556,15151.667,9242.333,24592.666
34920.332,8980.000,20889.875,8586.889,11358.333,14959.167,9155.167,25380.500
33498.668,8659.000,20577.625,8576.444,10889.333,14807.000,9026.000,25376.834
32780.500,7973.250,20017.500,8574.889,10338.223,14123.000,8737.167,23653.334
35009.082,8619.500,20682.750,8601.111,10399.111,14245.167,8892.833,24874.334
34383.832,8899.250,21119.375,8651.223,10855.111,14651.333,9226.500,25130.500
32455.084,8101.375,20320.500,8507.000,10364.667,14117.333,8853.500,23733.500
32562.834,7613.500,19589.750,8479.889,9841.333,13625.500,8601.667,22735.000
33779.000,8095.250,19868.500,8510.777,9995.556,13821.333,8441.833,24034.500
32002.084,7501.125,19106.250,8552.889,9594.556,13349.500,8315.667,22909.834
30572.584,6957.375,18556.875,8456.111,9118.223,12797.667,7988.000,21602.666
32278.666,7094.125,18266.500,8356.889,9016.000,12437.000,7940.000,21526.166
34885.668,7959.250,19692.125,8491.777,9937.000,13614.667,8295.500,23829.500
33076.418,7439.750,19478.000,8350.889,9644.000,13431.000,8068.667,22680.000
34620.918,7979.000,19571.750,8405.333,9673.777,13388.833,8272.833,23132.500
34511.668,8395.375,20172.250,8324.556,9838.000,13997.667,8455.667,23350.166
32327.000,7802.750,19590.500,8282.777,9478.223,13300.833,8117.500,22228.166
31578.250,7117.500,18840.750,8297.667,8959.777,12973.833,7901.500,21746.834
32679.416,7558.125,18644.250,8226.223,8906.667,12607.167,7755.667,21413.334
31180.334,7205.250,17991.000,8221.889,8538.223,12130.500,7708.500,20246.666
29502.334,6648.625,17454.750,8201.889,8215.667,11764.500,7685.833,19315.500
31312.084,6942.250,17007.875,8231.556,8208.777,11611.500,7493.000,19799.334
33055.418,7980.500,18336.500,8169.333,9112.556,12429.000,7935.833,21968.334
31590.666,7344.375,17954.375,8238.777,8901.889,12107.833,7780.333,20729.000
30580.000,7092.125,17481.750,8193.667,8532.667,11750.167,7508.167,19633.666
32914.250,7825.125,17554.375,8194.444,8878.111,12102.667,7634.000,21132.334
32296.166,7998.500,18340.875,8173.667,8872.556,12348.833,7698.667,21303.334
30493.000,7291.625,17851.125,8148.889,8551.556,12071.833,7485.333,20225.166
31148.334,7395.250,17662.125,8090.889,8254.444,11869.667,7462.333,20004.500
32782.250,8243.500,18589.750,8107.444,9392.333,12453.333,7664.833,21672.166
31111.334,7643.625,17876.375,8055.667,9034.000,12099.000,7445.333,20408.666
30307.834,7022.875,17453.625,8077.778,8674.889,11685.667,7298.000,19327.334
31800.750,7372.750,17278.375,8110.444,8403.556,11684.667,7229.167,19728.000
33637.832,8548.375,18856.500,8059.667,9609.777,12712.333,7738.167,21664.000
31719.334,7932.500,18363.625,8094.889,9247.777,12391.333,7624.833,20344.834
30562.084,7357.750,17794.250,8113.667,8820.889,12049.000,7409.500,19261.000
32051.834,8102.750,18293.750,7998.667,9159.777,12309.167,7566.667,20187.334
32862.500,9248.000,20275.500,8077.444,10876.889,14596.667,8695.333,22252.666
30927.666,8567.000,19589.000,8083.556,10644.111,14272.667,8562.500,22019.334
29731.334,7854.500,18811.500,8035.222,9914.111,13636.167,8386.000,20039.000
31186.084,8111.375,18523.875,7976.222,9836.000,13330.500,8120.000,20753.334
32366.000,9145.625,20083.750,8128.889,11114.000,14468.000,8907.333,22469.000
30726.166,8603.500,19943.250,8101.222,10850.000,14245.833,8523.333,21130.166
29194.584,7902.500,19242.500,8064.778,10138.556,13826.667,8431.333,19860.000
30399.834,7944.500,18851.875,8088.444,9909.777,13537.833,8343.667,20155.666
31794.666,8667.000,20116.750,8066.222,10619.444,14287.500,8592.333,21409.500
30112.584,8041.750,19295.875,8022.222,10182.777,13836.000,8245.000,20164.000
30414.666,7829.125,18756.875,7984.556,9688.111,13399.167,8028.333,19539.000
32420.834,8757.250,20181.625,8034.333,10389.444,13802.167,8433.167,21060.000
30612.416,8288.125,19972.750,7960.000,10259.000,13652.333,8530.333,20209.334
30988.334,8015.125,19556.625,7979.778,9829.000,13329.167,8444.833,19557.666
33162.168,9011.625,21262.750,7998.556,11282.777,14888.500,9018.500,21334.834
31517.584,8524.750,20902.125,8078.111,11121.556,14458.333,8956.333,20434.666
30344.334,7797.875,20084.375,7940.333,10635.444,13809.667,8771.333,19138.666
32110.750,8097.250,20008.375,7939.444,10574.777,13631.500,8545.167,19756.666
32928.332,8884.250,21426.750,8005.556,11808.889,14432.667,9086.167,20665.000
31269.166,8171.125,20727.125,7928.222,11135.111,13955.500,8883.333,19411.000
30492.500,7525.875,20080.125,7857.444,10602.889,13378.667,8676.667,18510.666
32146.416,8150.125,20583.250,7926.000,10602.667,13452.333,8640.833,19581.334
31351.750,8107.250,20738.250,7888.889,10634.000,13280.167,8683.833,19394.000
29662.666,7433.250,19864.125,7826.444,10140.667,12687.833,8291.500,18073.334
30952.416,7488.750,19590.875,7843.333,9828.444,12484.333,8097.000,18432.000
32091.750,8063.000,20671.500,7881.111,10518.777,12834.333,8457.500,19408.166
30350.166,7444.625,20277.750,7749.667,10053.777,12356.833,8247.000,18231.500
30593.416,7207.500,19636.500,7716.000,9770.223,12045.167,8212.333,17982.834
31912.084,7908.625,20149.625,7694.556,10292.444,12198.500,8263.000,18901.166
29907.666,7247.750,19603.625,7693.556,9981.111,11799.833,8031.000,17817.834
28897.416,6729.000,19069.750,7688.222,9436.667,11481.000,7715.667,16760.166
30270.500,7121.625,18744.125,7659.444,9279.777,11210.667,7636.833,17332.000
32667.916,8194.375,20759.625,7705.222,10888.444,12173.333,8369.833,19904.500
31021.084,7804.375,20751.625,7656.444,11007.333,12194.667,8376.000,19404.666
29126.834,7116.250,19973.750,7743.222,10372.111,11739.167,8087.833,18132.334
29308.000,6879.875,19268.500,7617.111,9900.556,11258.833,7905.000,17439.834
30112.084,7233.500,19379.750,7674.222,9964.556,11247.833,7688.833,18043.500
28674.000,6759.625,18795.125,7602.000,9564.000,10724.667,7512.000,16840.000
27670.500,6297.000,17999.750,7517.222,9026.889,10650.833,7264.000,16245.000
29555.500,6799.000,18288.625,7527.778,9125.889,10544.333,7438.167,16902.666
28349.166,6493.625,18082.250,7498.333,8929.223,10261.333,7357.167,16246.000
26937.000,6010.750,17409.375,7417.556,8544.000,10058.500,7076.167,15603.833
28228.250,6154.500,17293.750,7436.556,8333.667,9784.000,7007.667,15319.667
30028.916,6923.625,18601.125,7476.333,8939.000,10137.833,7124.333,16988.000
28433.416,6431.625,18226.375,7616.333,8707.667,9910.500,7080.167,16164.000
27260.334,6041.625,17480.250,7486.222,8303.777,9526.500,6958.833,15069.833
29117.250,6234.875,17673.500,7544.333,8328.777,9436.167,6869.167,15553.000
31845.334,7314.375,19894.875,7383.889,10075.223,11110.333,7499.000,18193.666
30495.250,7054.500,20319.625,7481.889,10123.889,11365.333,7693.167,17497.666
29840.084,6744.875,19548.125,7498.222,9872.444,10870.000,7505.500,16644.166
30178.666,7010.625,19817.375,7535.333,9848.556,10783.167,7589.500,16692.334
28560.584,6363.625,19030.375,7545.111,9423.000,10266.000,7304.833,15683.167
27470.416,5986.750,18400.500,7487.667,8928.777,9991.333,7167.667,14738.500
29279.166,6205.375,17922.500,7452.667,8791.667,9748.333,7056.667,15484.667
31433.416,7023.000,19507.125,7542.778,9917.333,10524.667,7469.500,17791.500
29862.084,6632.125,19286.625,7503.778,9784.777,10180.500,7255.000,17092.834
29622.250,6348.125,18667.500,7461.111,9347.667,9860.167,7151.000,16244.833
32120.834,7198.625,19569.250,7445.778,10110.333,10481.667,7374.333,17620.334
31475.666,7300.250,20010.375,7405.111,10351.111,10775.000,7590.000,17677.334
31239.416,6949.375,19491.875,7376.000,10046.223,10637.333,7564.500,17277.666
31879.916,7450.750,19701.375,7490.111,10116.667,10823.333,7817.500,17493.834
30022.416,6787.000,19038.625,7383.778,9766.333,10471.333,7638.167,16378.333
29974.834,6494.250,18292.500,7412.222,9208.556,10046.833,7377.000,15521.333
32109.916,7167.375,19011.375,7411.778,9779.333,10366.500,7516.833,17317.000
30834.000,6963.125,18812.500,7456.222,9608.667,9989.833,7505.833,16697.500
29165.834,6307.875,17885.625,7353.333,9332.444,9749.000,7222.000,15566.167
30433.000,6565.750,18333.625,7404.000,9064.889,9655.833,7149.500,15822.167
31055.834,7071.625,19144.125,7429.333,9623.000,10142.667,7467.167,16793.000
29315.666,6608.125,18599.250,7366.889,9237.556,9810.833,7183.500,15778.000
29616.166,6360.125,18046.875,7402.444,8766.777,9608.167,6962.167,15091.167
31928.666,7207.875,19451.625,7370.444,9726.223,10083.000,7084.000,17056.500
30847.166,7246.875,20175.250,7372.444,9992.777,10209.000,7230.667,16677.334
29269.666,6698.375,19556.250,7333.667,9547.223,9911.167,7044.000,15782.167
29928.416,6502.500,19187.500,7297.556,9173.777,9768.667,6766.167,15677.833
32208.166,7448.125,20593.625,7313.667,10176.556,10406.333,6866.000,17619.166
30586.166,6886.375,20313.125,7291.444,9962.777,10222.167,6866.333,16737.334
28861.166,6395.375,19516.250,7346.111,9561.889,9840.500,6737.000,15556.833
28850.666,6018.625,18829.125,7212.111,9156.223,9592.167,6487.500,14967.000
30972.250,6972.875,19519.500,7262.778,9392.777,9613.167,6616.333,17016.834
30277.334,6882.625,19607.375,7281.889,9548.777,9799.333,6483.333,17308.166
28800.000,6414.875,18932.250,7201.333,9104.223,9299.000,6469.000,16431.666
30907.666,6867.000,19158.125,7212.778,9049.223,9566.000,6453.167,17364.666
30964.334,7167.375,19999.625,7198.444,9587.223,9623.333,6506.000,17883.000
29196.416,6657.750,19311.500,7218.444,9040.333,9350.667,6405.333,16728.166
29572.166,6527.875,18727.000,7086.444,8662.223,9034.167,6288.000,16269.000
31354.584,7315.750,20049.500,7096.778,9314.556,9485.000,6478.500,17797.166
29815.584,6944.125,19632.625,7100.222,8986.444,9261.333,6304.333,16840.666
28229.250,6429.500,18817.875,7057.556,8623.223,9032.167,6320.000,15896.333
28375.166,6072.375,18457.375,6975.222,8229.333,8697.167,6067.500,15382.333
27968.166,6060.875,17826.125,6987.222,7985.111,8671.333,6028.667,14942.500
26226.000,5632.750,17279.625,6979.778,7732.111,8446.833,5894.833,13994.000
26565.750,5478.250,16986.875,6869.111,7438.667,8255.500,5792.500,13580.500
29286.666,6410.625,17568.250,6908.222,7919.000,8540.333,5897.833,15280.333
31647.334,7538.875,19412.625,6919.889,9417.556,10348.000,6288.167,17424.500
29949.334,7156.625,19316.500,6973.778,9235.000,10354.667,6259.333,16496.334
29963.834,6905.875,18936.875,6992.000,8806.000,9824.833,6162.167,16111.167
30835.084,7438.375,19722.375,6899.444,9102.000,10147.167,6278.833,16883.334
29147.334,6897.625,19152.250,6875.333,8792.556,9669.000,6203.500,15871.333
28180.666,6426.625,18571.875,6936.111,8396.889,9416.167,5985.667,14792.000
29934.916,6789.000,18433.125,6971.444,8119.778,9310.333,5956.167,15901.333
32051.834,7906.875,20485.750,7077.556,9197.667,10713.167,6354.667,18346.834
30465.666,7702.125,20383.000,7121.111,9155.223,10815.333,6298.500,17695.500
29370.000,7077.625,19816.375,7105.889,8727.333,10303.667,6132.833,16501.500
31145.834,7718.625,20080.875,7083.889,8783.777,10282.833,6259.500,17247.000
29432.334,7259.750,19861.375,7154.222,8600.889,10100.167,6183.167,16441.334
28037.666,6662.375,19073.500,7081.778,8168.556,9791.500,6062.333,15305.167
29039.500,6877.875,18691.250,7034.333,7981.778,9547.667,6016.333,15474.500
31228.334,8134.750,20780.250,7010.556,8727.333,10765.333,6359.167,17518.666
29738.916,7689.125,20543.875,7064.444,8593.223,10493.833,6358.667,16684.500
28218.416,7083.125,19684.625,7014.000,8265.000,10099.000,6172.500,15411.000
28983.334,6782.500,19242.750,6958.333,8242.333,9855.167,6144.833,14964.500
31381.416,7765.500,20636.750,6934.444,8741.889,10310.167,6379.167,18007.666
31852.000,8706.250,22912.125,6922.111,9790.000,11404.667,7083.333,19478.500
30035.834,7994.625,22132.625,6906.444,9410.223,11162.500,6834.167,18123.500
29505.416,7444.250,21418.500,6857.556,8958.777,10652.000,6717.333,17194.834
31862.166,8089.250,22248.875,6872.111,9228.667,10866.333,6831.167,18453.500
30943.000,8216.625,22754.000,6889.556,9397.444,11168.167,7125.333,18442.834
29021.250,7574.750,22126.375,6869.000,9006.000,10799.833,6838.833,17133.834
29375.334,7188.625,21469.750,6829.889,8653.889,10363.833,6792.333,16628.666
31424.084,8047.875,22405.750,6809.667,8961.556,10583.500,6869.833,18102.834
30107.834,7803.000,22375.375,6840.111,8901.777,10613.333,6798.333,17590.834
29454.500,7327.750,21657.125,6929.333,8483.777,10265.167,6724.333,16757.166
29168.916,7402.875,21148.375,6932.556,8337.556,10004.833,6687.667,16645.000
27405.166,6718.625,20418.875,6821.333,7943.111,9752.667,6648.167,15496.000
28171.416,6659.625,19854.375,6757.778,7778.778,9474.000,6425.833,15129.500
29640.834,7629.750,20853.750,6828.333,8042.222,9763.833,6485.000,16422.166
28125.416,7167.625,20395.750,6857.333,7896.222,9537.500,6358.333,15613.000
27107.416,6691.000,19503.375,6857.556,7670.889,9192.333,6292.167,14574.500
28818.084,7284.875,19677.500,6774.111,7588.000,9341.833,6265.167,15808.667
27449.084,6880.875,19240.500,6785.556,7352.889,9091.167,6143.667,15053.667
25797.000,6337.250,18513.250,6672.222,7255.667,8853.167,6129.333,14053.833
26216.666,6058.500,18274.875,6705.667,6990.556,8555.833,5968.667,13544.000
30048.500,6995.625,19414.625,6749.000,7332.111,8964.000,6043.333,15458.000
30084.000,7576.000,20838.875,6738.111,8256.667,9482.833,6415.167,16695.834
28512.584,6965.125,20200.750,6756.222,8001.111,9292.333,6321.333,15767.500
29202.250,7127.000,19967.250,6637.778,7829.111,8954.000,6261.000,15507.667
30931.834,8393.250,21901.000,6691.667,9047.111,10351.500,6887.667,18040.334
29617.750,8049.625,22085.500,6663.778,8888.223,10570.500,7012.333,17311.500
27891.750,7353.000,21309.625,6648.111,8445.333,10100.333,6719.000,16227.333
26115.750,6751.625,20474.875,6662.222,8131.889,9787.500,6487.167,14910.833
24767.834,6221.125,19760.375,6571.222,7743.556,9370.833,6461.167,13864.833
24190.584,5933.750,18939.000,6567.889,7465.222,9130.500,6279.333,13070.667
22411.084,5496.875,18263.000,6441.111,7270.111,8833.833,6111.167,12272.000
21461.416,5271.500,17943.500,6401.667,6946.333,8621.833,5994.833,11624.000
20454.416,5002.500,17304.625,6392.667,6870.000,8485.167,5876.167,11054.667
19299.834,4734.125,16781.125,6384.556,6610.667,8238.167,5893.833,10607.500
18318.666,4515.000,16370.375,6322.111,6473.556,7880.500,5818.667,10032.500
17435.250,4453.000,15813.500,6283.556,6269.444,7861.167,5720.333,9525.500
19688.750,4428.250,15535.625,6273.333,6201.222,7684.167,5590.000,9406.500
18996.750,4296.625,14976.625,6267.444,5992.556,7551.833,5593.500,9079.000
17707.834,4150.500,14529.375,6210.889,5827.111,7387.000,5528.333,8645.833
17931.834,4064.500,14076.750,6182.111,5746.333,7163.667,5453.000,8431.500
20352.416,4444.500,13947.000,6212.556,5716.222,7113.500,5450.667,9167.833
23388.166,5341.375,14652.875,6201.444,5911.222,7087.167,5490.000,11169.167
21778.250,5059.875,14159.000,6186.333,5747.111,7009.667,5359.500,10800.333
20160.916,4808.000,13695.625,6124.556,5602.000,6874.167,5323.500,10096.167
19741.416,4573.125,13360.125,6124.667,5553.778,6732.833,5247.167,9461.667
18622.584,4382.625,13040.500,6138.889,5482.222,6678.500,5146.333,8889.667
17549.334,4280.625,12484.000,6071.778,5419.444,6575.833,5203.833,8535.833
16729.000,4160.500,12219.000,6005.444,5290.333,6365.000,5160.333,8089.500
16101.333,4079.875,12114.375,6084.778,5231.222,6409.167,5088.167,7749.833
15991.417,3961.125,11818.250,6017.778,5180.556,6285.000,5022.667,7568.333
15137.167,3897.500,11617.875,5979.889,5041.444,6232.500,4930.167,7139.000
14337.833,3815.250,11301.125,5917.111,4953.444,6114.500,4940.500,6839.500
13601.500,3810.750,10998.750,5886.333,4905.333,6102.333,4913.833,6647.500
13030.250,3791.000,10853.625,5868.667,4907.556,6063.333,4891.833,6491.833
12466.500,3696.000,10640.375,5843.667,4800.222,5960.500,4908.833,6227.000
12005.833,3672.250,10396.625,5812.222,4765.889,5843.167,4829.333,6030.500
11598.917,3681.625,10087.750,5805.778,4715.889,5791.167,4752.500,5874.167
11131.000,3598.875,9801.250,5758.667,4694.667,5787.833,4719.000,5760.333
10776.667,3583.625,9740.125,5714.222,4599.333,5735.000,4774.667,5559.833
10372.000,3593.875,9412.125,5636.333,4545.333,5651.667,4747.333,5460.667
10026.917,3525.000,9313.250,5691.222,4544.111,5610.333,4725.000,5342.667
9680.833,3530.125,9158.000,5691.444,4530.556,5587.333,4794.833,5113.667
9519.167,3531.250,8934.500,5693.333,4487.667,5502.667,4675.667,5059.167
9327.250,3465.875,8747.625,5585.444,4477.556,5535.000,4701.167,5019.833
9086.083,3482.125,8605.250,5645.778,4377.222,5508.333,4692.667,4933.000
8751.167,3501.125,8464.625,5616.222,4338.444,5390.000,4583.833,4719.333
8622.000,3484.500,8206.875,5591.111,4321.889,5413.500,4594.833,4766.000
8350.417,3498.750,8161.750,5512.222,4334.889,5359.167,4612.333,4740.333
8239.000,3515.125,7973.875,5559.556,4296.667,5316.667,4527.333,4650.167
8089.333,3477.000,7852.750,5498.333,4224.778,5237.833,4572.833,4637.500
7947.750,3432.125,7784.500,5536.222,4257.222,5182.333,4537.667,4608.167
7837.917,3482.750,7604.750,5499.444,4276.000,5134.833,4553.500,4576.333
7701.583,3426.125,7482.750,5407.111,4226.556,5182.167,4583.500,4440.667
7605.667,3436.625,7291.375,5409.000,4188.111,5179.167,4549.667,4525.167
7592.917,3486.750,7208.125,5362.556,4158.778,5103.333,4539.667,4493.000
7446.500,3441.250,7105.250,5388.222,4194.444,5089.833,4564.833,4403.833
7316.250,3481.000,7126.875,5282.778,4180.333,5122.833,4524.333,4463.500
7208.167,3430.125,6985.750,5331.000,4139.333,5095.167,4531.333,4362.167
7100.833,3452.250,6892.875,5265.444,4161.000,5024.500,4563.667,4338.667
7066.750,3485.500,6832.875,5246.222,4113.556,5006.333,4491.833,4311.667
7056.583,3464.125,6738.000,5242.889,4111.667,5051.000,4438.000,4279.500
6922.917,3473.750,6692.000,5197.444,4130.556,5045.167,4460.833,4244.333
6813.750,3487.000,6621.875,5204.222,4087.333,4945.667,4468.833,4361.333
6829.083,3418.875,6388.750,5158.556,4070.333,4884.833,4392.167,4246.000
6771.083,3439.625,6382.000,5111.111,4109.111,4873.667,4432.500,4275.333
6754.000,3524.750,6304.000,5110.444,4009.222,4896.833,4439.833,4230.667
6727.667,3437.000,6198.750,5062.556,4071.667,4970.000,4361.500,4276.833
6652.333,3409.500,6155.250,5079.444,4011.667,4867.667,4435.333,4235.000
6608.750,3431.375,6091.375,4996.444,3999.556,4920.500,4442.000,4197.500
6512.250,3453.125,6040.125,4993.889,4010.000,4823.667,4346.333,4179.167
6476.333,3444.500,5933.250,4987.444,4028.222,4822.000,4331.667,4158.000
6528.583,3462.125,5923.375,5002.556,3997.556,4806.000,4310.167,4260.000
6433.833,3446.750,5900.000,4976.222,4004.111,4795.167,4382.000,4216.333
6422.500,3419.375,5765.125,4941.667,3978.667,4757.333,4353.833,4246.167
6347.750,3447.125,5802.375,4966.333,3987.667,4789.167,4347.000,4295.333
6312.167,3419.375,5728.375,4967.444,3983.556,4744.000,4312.833,4180.333
6262.417,3465.000,5659.625,4916.778,3992.111,4798.000,4283.000,4195.667
6292.500,3416.625,5601.625,4903.444,3997.222,4740.500,4318.333,4220.333
6224.250,3417.125,5522.375,4863.111,3996.111,4790.000,4317.167,4208.333
6226.333,3410.125,5473.875,4869.111,4007.444,4741.000,4332.833,4184.833
6272.667,3394.875,5444.375,4849.667,3978.778,4731.000,4352.833,4253.333
6231.583,3439.250,5409.000,4850.333,3958.444,4729.500,4347.833,4206.333
6153.333,3408.750,5371.750,4806.778,3982.333,4732.667,4321.667,4181.667
6192.750,3412.750,5370.875,4813.556,3945.333,4654.833,4315.667,4165.667
6139.417,3455.250,5328.125,4826.667,3992.333,4668.167,4280.500,4185.500
6128.500,3388.250,5307.750,4797.778,4007.667,4694.333,4311.167,4141.833
6152.583,3401.625,5233.375,4757.556,3968.000,4601.000,4311.500,4188.000
6127.917,3395.500,5221.750,4705.222,3961.667,4622.333,4296.167,4201.000
6050.417,3433.250,5119.500,4770.333,3935.778,4644.833,4268.333,4152.500
6099.333,3455.000,5159.125,4768.667,3919.444,4613.667,4314.000,4177.833
6095.833,3464.500,5103.750,4762.333,3986.333,4616.500,4282.500,4208.833
6108.833,3398.750,5046.875,4712.111,3969.778,4555.167,4257.500,4162.667
6066.917,3440.750,5043.750,4653.222,3914.444,4601.000,4310.333,4244.833
6123.417,3430.500,5036.125,4680.333,3924.222,4599.667,4298.500,4221.833
6027.333,3408.875,5038.250,4650.444,3944.444,4626.833,4292.833,4264.333
6012.667,3455.625,4991.250,4662.889,3928.889,4625.000,4317.167,4278.833
6042.250,3396.875,5005.375,4616.000,3918.667,4608.500,4261.167,4182.000
6022.083,3440.000,4929.500,4634.889,3956.889,4599.500,4289.333,4176.167
6012.167,3443.000,4908.375,4620.667,3897.444,4598.333,4244.167,4181.667
6038.917,3440.375,4932.250,4596.889,3904.111,4643.833,4300.333,4239.833
6047.000,3394.125,4882.000,4619.111,3901.222,4520.833,4274.500,4227.333
6071.250,3444.750,4848.500,4604.556,3913.000,4555.333,4221.333,4271.000
6030.417,3421.250,4852.625,4648.111,3907.667,4521.333,4192.000,4183.333
6013.833,3435.625,4780.500,4627.444,3952.333,4527.500,4281.500,4244.333
5983.667,3388.875,4808.750,4560.444,3880.111,4488.833,4230.333,4271.167
5991.583,3404.375,4826.000,4574.444,3907.889,4527.500,4170.000,4218.500
5990.917,3419.750,4730.000,4567.222,3908.667,4549.000,4201.500,4227.833
5982.917,3440.125,4811.000,4548.333,3946.222,4549.333,4260.167,4250.667
5949.417,3457.625,4747.125,4549.333,3856.222,4547.333,4228.667,4229.000
5972.083,3439.625,4703.250,4518.667,3887.556,4600.500,4272.000,4233.167
5932.583,3400.125,4699.125,4569.444,3871.667,4600.833,4223.667,4279.000
5953.333,3411.875,4714.000,4528.444,3900.111,4509.167,4270.500,4403.167
5905.667,3410.625,4749.500,4545.889,3872.556,4515.667,4207.167,4220.167
5970.833,3406.875,4712.375,4507.778,3890.111,4542.333,4225.167,4213.333
5899.333,3392.000,4695.000,4484.556,3887.667,4528.333,4234.333,4285.500
5909.250,3434.250,4669.125,4494.222,3838.222,4497.167,4185.000,4297.167
5881.583,3419.875,4707.375,4469.111,3894.667,4503.000,4188.833,4286.500
5874.750,3383.875,4629.500,4498.556,3901.889,4529.167,4208.333,4251.167
5992.917,3373.125,4550.250,4462.111,3913.444,4477.167,4212.333,4239.000
5857.750,3394.875,4643.750,4414.000,3894.889,4515.833,4196.333,4240.667
5957.917,3386.375,4544.500,4437.000,3887.333,4543.167,4234.667,4443.833
5902.917,3397.250,4577.500,4454.222,3921.444,4484.500,4271.167,4203.333
5912.917,3407.875,4577.625,4410.000,3846.556,4477.000,4195.167,4271.333
5934.917,3406.500,4554.875,4393.556,3860.889,4504.500,4204.500,4334.333
5841.000,3413.000,4552.500,4351.556,3915.222,4515.333,4189.667,4298.500
5914.750,3343.250,4606.000,4356.222,3889.111,4555.333,4228.667,4260.500
5939.917,3389.125,4587.500,4386.556,3883.111,4509.667,4216.500,4275.333
5874.667,3420.375,4612.625,4337.889,3819.778,4533.667,4244.333,4320.333
5916.667,3371.250,4571.000,4319.000,3888.111,4505.333,4163.500,4305.667
5880.750,3390.500,4603.000,4294.000,3854.556,4493.500,4198.333,4276.333
5950.667,3353.875,4578.375,4288.556,3927.222,4499.333,4182.333,4243.833
5974.917,3393.250,4571.750,4300.778,3882.667,4520.167,4265.833,4228.500
5977.250,3409.250,4593.750,4279.444,3893.556,4516.000,4199.167,4285.333
5953.000,3374.375,4628.000,4298.333,3913.889,4452.667,4238.333,4270.833
5953.500,3378.625,4546.375,4268.333,3893.000,4462.500,4227.833,4228.333
5926.250,3425.000,4612.375,4270.333,3842.667,4501.833,4157.667,4258.667
5938.083,3436.125,4560.500,4293.000,3886.889,4502.667,4219.333,4234.833
5901.583,3361.875,4573.875,4216.889,3857.222,4454.833,4212.500,4219.500
5910.750,3385.375,4494.250,4271.889,3890.444,4542.500,4219.833,4257.000
5935.500,3366.375,4514.875,4192.889,3848.778,4404.833,4270.000,4220.333
5937.333,3362.375,4512.500,4257.111,3832.000,4410.833,4189.833,4228.000
5945.750,3351.000,4535.375,4252.778,3875.556,4407.833,4233.500,4220.833
5916.000,3416.125,4499.875,4219.556,3822.556,4469.000,4192.833,4260.167
5933.333,3335.375,4527.750,4223.333,3890.000,4485.667,4187.833,4261.833
5919.000,3344.250,4497.750,4196.444,3874.000,4409.000,4175.833,4235.500
5905.417,3388.250,4532.875,4217.000,3887.889,4419.833,4185.833,4247.167
5927.083,3363.625,4483.250,4218.444,3867.333,4444.667,4204.167,4259.667
5982.583,3378.250,4466.125,4230.333,3892.889,4444.667,4175.000,4286.833
5946.250,3365.000,4499.000,4176.889,3860.556,4438.333,4199.333,4191.333
5983.750,3390.875,4488.375,4204.222,3856.000,4399.833,4219.000,4229.833
5962.250,3391.125,4486.875,4216.222,3860.333,4440.833,4198.833,4200.833
5952.083,3399.500,4482.125,4166.000,3884.444,4430.333,4223.667,4227.000
5962.750,3418.625,4502.375,4189.667,3855.778,4399.667,4193.667,4185.167
5999.500,3379.625,4454.375,4200.556,3848.889,4447.833,4240.167,4195.333
5965.833,3403.375,4504.000,4155.667,3882.000,4458.833,4226.167,4190.000
5930.833,3397.000,4436.375,4136.111,3817.556,4459.667,4210.667,4266.500
5944.417,3391.500,4467.000,4197.444,3879.889,4442.500,4184.667,4215.167
5978.000,3423.750,4415.625,4124.444,3880.333,4393.833,4183.500,4199.500
6515.917,3442.000,4478.750,4151.778,3824.111,4435.833,4194.333,4214.000
6467.250,3405.125,4464.875,4147.000,3852.556,4406.667,4178.500,4196.333
6314.667,3417.750,4438.875,4179.000,3888.444,4491.167,4185.500,4143.833
6182.250,3387.125,4429.750,4101.222,3861.111,4402.333,4192.000,4226.000
6202.250,3389.375,4428.250,4063.333,3900.444,4396.833,4179.833,4161.833
6109.750,3393.875,4417.625,4129.000,3853.667,4412.167,4198.833,4193.333
6121.250,3385.500,4412.625,4117.000,3862.778,4411.000,4143.000,4186.833
6085.833,3413.750,4385.250,4087.778,3860.000,4462.500,4183.833,4178.333
6060.667,3388.750,4418.875,4110.556,3855.444,4414.333,4158.833,4164.667
6035.167,3399.250,4413.625,4057.000,3891.111,4466.500,4141.167,4138.000
6037.917,3394.375,4403.250,4102.667,3873.889,4390.000,4223.833,4173.333
6014.000,3392.125,4403.000,4007.778,3885.556,4390.667,4168.333,4189.667
6007.417,3403.000,4386.125,4038.667,3849.333,4470.000,4189.833,4138.000
6029.917,3371.625,4385.625,3998.889,3880.000,4485.333,4228.500,4085.500
7022.000,3474.000,4398.875,4074.000,3872.667,4388.667,4204.833,4146.500
14720.500,4343.500,4433.875,4051.333,4051.000,4423.833,4160.500,4223.333
19317.916,4755.250,4519.125,4092.444,4139.111,4431.333,4273.167,4713.167
18077.416,4530.500,4559.375,4048.667,4137.000,4450.167,4246.000,4767.833
17016.750,4231.250,4578.750,3992.222,4068.000,4370.000,4081.333,4663.333
17582.500,4207.125,4485.500,4035.778,4005.556,4408.667,4198.000,4521.500
17543.084,4107.625,4460.875,4047.778,3989.000,4381.500,4129.167,4540.167
16688.916,3995.125,4479.625,4003.222,3961.889,4396.333,4208.833,4487.500
16261.000,3935.250,4482.625,3977.333,3956.111,4411.833,4103.833,4491.333
15788.583,3830.875,4469.250,4031.333,3965.222,4432.833,4102.167,4456.500
17880.750,3995.000,4475.750,4000.667,3899.667,4447.500,4118.833,4891.000
17036.166,3895.750,4482.750,4001.000,3903.444,4395.833,4160.000,4870.833
20416.584,4240.000,4586.875,3994.111,4032.333,4387.667,4199.833,5390.167
27138.916,5856.125,6222.625,4024.222,5604.000,4651.000,4720.667,9707.167
30818.500,7657.625,9267.250,3994.444,8884.667,6286.167,6218.500,16886.834
33240.418,8908.875,12848.125,4037.667,11738.111,9303.167,8160.167,22685.166
32956.332,8599.375,13298.625,4141.111,11538.223,10260.833,8291.833,23225.500
34087.750,9737.250,13643.500,4178.444,11320.556,10876.833,8366.333,24629.834
32381.834,9110.625,13520.875,4169.556,10585.333,10515.333,8250.000,23501.666
32966.582,8862.500,13101.750,4183.000,9967.111,10052.000,7742.833,22761.500
36768.500,10401.875,14755.500,4314.778,11117.444,11168.000,8539.167,24953.000
38559.668,11731.875,17585.250,4453.667,13530.333,13837.333,10310.333,27032.834
39821.582,12966.000,20596.375,4651.667,14715.111,16734.334,12102.333,27928.000
38781.582,12993.375,21847.375,4775.222,15074.777,17876.000,12852.500,27131.500
37096.000,11975.250,21030.250,4920.222,13896.333,17112.500,12354.500,25410.166
37191.750,11400.250,20631.250,4934.444,13125.111,16715.500,11828.333,24342.166
40561.582,12803.125,22739.750,5077.889,14503.000,17744.334,12749.333,25741.334
41876.668,13876.375,26124.625,5296.333,16440.555,19737.500,14604.333,26933.666
41659.832,13926.250,27381.375,5451.444,16706.111,20372.666,15219.000,26533.334
42113.418,13969.500,28000.875,5609.222,16493.555,20118.000,15102.667,26232.500
43751.250,14493.750,30919.000,5733.333,18658.000,22302.834,16815.334,27441.000
44659.668,14762.250,34465.375,5968.333,21774.334,25528.000,19859.666,27961.334
44572.168,14724.750,35162.125,6207.667,22491.889,27853.166,21200.834,28097.000
43360.500,13921.125,35360.000,6316.000,21797.555,27139.000,20751.500,26308.500
42746.332,12821.125,34236.750,6408.889,20602.555,26061.666,19712.000,25119.500
42882.168,13128.250,34227.500,6413.889,20569.111,26007.666,19592.666,25499.000
43645.918,13712.750,35624.750,6548.333,21897.889,27346.334,20957.500,26803.666
43670.000,14082.750,37021.625,6660.111,23037.777,28820.500,22311.334,27306.334
43531.500,14055.875,37293.875,6884.333,23731.445,29691.834,22950.834,27208.166
43901.832,13935.625,37608.875,6968.000,24393.000,30492.834,23455.500,27195.666
44116.500,13793.625,37299.250,7002.667,24533.223,31620.166,23827.834,27080.834
44641.168,13502.125,37309.625,7036.667,25113.000,32716.666,24906.834,26764.166
44598.918,13966.125,37269.125,7194.000,26529.777,35687.832,26868.500,27344.666
44859.582,13796.250,37540.750,7221.333,26900.111,36673.168,28478.666,27545.500
44843.000,13977.500,37653.750,7269.889,27183.223,37822.168,29593.666,27095.166
44990.582,13961.750,37560.500,7342.222,27538.889,39029.332,31258.500,27372.500
44945.832,13996.750,37504.625,7562.889,27636.111,40573.832,32414.334,27237.334
44559.582,13892.250,37504.250,7650.556,27861.666,41135.332,33330.500,27271.000
43948.918,13247.625,36454.125,7785.444,27304.666,40147.668,32687.834,26387.500
43264.500,12655.500,35453.500,7860.444,25884.000,38799.832,31532.834,25700.834
43981.668,13021.500,35217.375,8030.667,25657.666,38842.332,30708.834,26919.500
44514.332,13710.125,35103.500,8121.556,26688.777,40331.500,32012.834,27152.166
43953.250,13774.125,35592.625,8260.111,26756.445,40716.332,33050.500,26687.834
44139.832,13727.000,35453.500,8327.444,26332.889,40773.832,32876.168,26582.500
43902.418,13547.125,35478.625,8468.444,25921.111,40335.000,32527.000,26769.166
44178.250,13444.000,35293.125,8575.444,25887.889,40552.668,32571.834,26904.334
43915.750,13408.375,35180.250,8590.111,26048.111,40072.332,32763.834,27352.166
43717.082,12948.875,34834.000,8595.223,25640.111,39919.832,32506.000,26725.166
43508.082,12876.750,34606.875,8592.444,25575.000,39496.500,32154.666,26594.834
43558.000,12771.875,34298.625,8745.777,25270.223,39452.332,31875.500,26328.166
43469.418,12763.500,34251.250,8763.667,25234.445,39391.500,31861.834,26393.834
43318.250,12818.375,34084.250,8784.111,25485.334,39555.000,31969.000,26475.666
43499.418,12959.750,34305.125,8823.889,25726.555,39569.832,32633.500,26527.334
43154.750,12796.875,33759.625,8742.667,25778.777,39718.000,32656.834,25875.334
42600.250,12297.000,33596.750,8796.889,25013.000,38884.668,31873.334,25865.000
42724.082,12345.875,33069.375,8840.111,24662.777,38597.168,31291.666,25652.834
42820.250,12646.875,33246.750,8749.333,24868.223,39125.668,31314.834,25957.834
42719.082,12681.125,33492.375,8828.667,25083.000,39027.000,31610.500,26233.500
42532.832,12395.625,33345.875,8880.111,24671.445,39224.668,31146.000,26107.166
42000.582,11938.750,32713.625,8836.444,23800.334,38374.332,30358.666,25369.834
42519.168,11853.250,32251.875,8678.444,23274.555,37661.168,29707.666,25461.500
42902.582,12066.000,32719.000,8840.000,23846.889,38232.168,29329.666,25892.500
43013.500,12109.750,32871.375,8875.667,23835.111,38032.500,29451.834,25819.834
42453.582,11884.375,32728.625,8842.223,23338.666,37558.000,28747.500,25766.334
42729.332,11954.875,32796.000,8865.444,23548.777,37622.332,28761.000,26156.500
42407.500,12012.500,32599.750,8748.223,23366.445,37782.500,28505.500,26695.500
42527.918,11979.000,32589.250,8734.000,23604.777,37907.332,28411.666,25781.000
42704.832,11895.250,32737.125,8694.889,23761.889,37917.332,28695.500,26012.834
42475.332,11991.250,32806.875,8808.667,24115.223,38554.332,28684.000,25916.000
42010.250,11532.875,32261.125,8689.889,23480.334,37864.832,28289.500,25219.000
42247.000,11526.625,31888.750,8749.111,23119.223,37518.500,27595.666,25382.166
42366.582,11841.125,32094.500,8598.667,23892.223,38546.000,28144.000,25532.334
42265.082,11867.750,32261.250,8642.889,24196.000,38301.500,28480.166,25645.834
41818.750,11434.125,31916.625,8599.667,23484.445,37906.168,27935.166,25010.000
41414.168,10940.375,31284.250,8606.223,22745.666,37156.500,27162.500,24847.666
42025.832,11184.750,31366.500,8526.444,22746.334,36947.332,26282.334,25348.834
41866.832,11242.250,31857.000,8512.333,22940.555,36987.000,26424.334,25600.666
41955.500,11395.750,31691.125,8513.667,23287.555,37351.000,26410.500,25598.500
42181.250,11356.750,31941.000,8496.000,23480.666,37579.168,26598.000,25603.666
41934.832,11162.500,31579.875,8388.889,23278.555,37407.832,26325.000,25481.166
42196.168,11294.250,30915.500,8414.777,23398.111,36755.500,26130.000,25598.000
42113.168,11608.625,31281.625,8512.889,23308.666,37060.332,25945.500,25831.666
41956.000,11511.250,31117.375,8460.777,23325.666,37027.832,26059.166,25898.666
41949.168,11437.750,30739.000,8516.777,23645.445,37073.668,25902.334,25703.500
41415.750,11253.125,30665.750,8494.111,23370.334,36566.668,25944.334,25260.500
41068.082,10757.000,30091.000,8423.444,22801.223,35778.832,25254.000,25215.334
41383.168,10986.125,30029.125,8480.777,22780.000,35625.000,25171.666,25701.500
40725.500,10682.000,29501.250,8376.223,22338.445,35084.832,24582.334,25041.334
40304.000,10160.000,28661.000,8345.667,21512.666,34175.500,23886.334,24425.000
40337.918,9709.125,27945.000,8355.889,20634.445,33152.000,23204.834,24622.834
40385.832,9510.375,27355.875,8351.333,20015.445,32108.334,22335.334,24463.334
40873.832,9650.625,26874.375,8293.111,19471.666,31425.500,21894.834,25033.000
41497.918,10313.875,27555.000,8205.777,20098.000,31845.334,21936.666,25776.834
42580.750,10976.375,28397.375,8150.111,21558.334,32917.668,22630.500,25999.000
42196.250,11319.125,29449.625,8107.222,23083.445,34684.332,23762.000,26019.334
42128.082,11456.750,30181.000,8091.111,23589.334,35737.000,24211.834,25931.834
42369.332,11422.875,30676.875,8101.778,23696.111,36187.332,24394.500,26508.500
42067.168,11400.000,31039.875,8097.667,24173.445,36378.832,25103.666,26605.666
42128.500,11170.125,30839.375,8058.778,24209.889,36623.668,25448.334,26146.334
41462.668,10718.500,30340.500,7988.333,23683.777,35903.000,25090.000,25996.166
41704.918,10305.875,29749.250,8091.222,23064.334,35246.668,24480.666,25769.834
42570.750,10438.625,30088.375,7900.889,22986.334,35074.500,24226.500,26252.166
42080.918,10405.500,30149.875,7941.556,23176.334,35176.332,23960.334,25821.500
41159.918,10012.625,29678.125,7875.333,22155.223,34732.832,23585.334,25383.166
40588.000,9398.625,28649.375,7880.889,21404.000,33662.332,22824.000,24703.000
41186.918,9535.000,28393.750,7796.667,20919.223,32824.000,22520.666,25228.500
40718.332,9447.625,28073.125,7805.222,20418.223,32545.500,22010.000,25009.834
39546.500,8861.000,27333.500,7743.556,19513.777,31745.166,21427.334,23804.666
40135.582,8705.875,26595.875,7764.333,18694.666,30825.666,20797.500,23779.000
40676.668,8992.500,26175.000,7742.333,18343.334,29855.000,20531.834,24553.834
40609.582,9339.125,26297.875,7726.667,18125.666,30049.500,20159.334,24636.834
39772.582,9173.125,26112.875,7690.778,17832.445,29559.834,19860.000,24173.166
39634.250,8734.000,25503.250,7659.556,17266.334,29066.666,19409.000,24013.334
40076.000,8859.250,25232.000,7573.889,16994.223,28628.500,19046.334,23986.834
40807.168,9250.500,25367.500,7523.444,17440.334,28749.000,18912.166,24625.834
41162.250,9578.500,26214.250,7515.000,18354.000,29755.834,19453.166,25178.000
40809.168,9618.250,26585.000,7461.222,18478.777,29886.834,19696.166,27573.000
41108.500,10040.625,27260.750,7442.667,19346.889,30970.834,20162.166,25450.334
41750.168,10426.625,28010.750,7436.778,20842.111,32292.166,21071.334,25435.834
41644.750,10746.625,28876.125,7420.556,21822.223,33485.000,21976.166,25727.334
40932.668,10791.500,28959.750,7304.111,22137.111,33555.000,22263.166,25431.666
40819.168,10828.875,29167.250,7323.111,21744.111,33464.668,22067.166,25180.500
41027.750,10825.000,29080.000,7224.000,22191.666,33672.832,22348.500,24941.166
41598.500,10905.375,29371.000,7207.444,22620.777,34510.832,22799.334,24902.834
41515.500,10860.750,29511.875,7168.222,22903.000,34763.832,22961.666,24920.500
41303.250,10836.875,29919.625,7201.333,23110.445,34804.168,23440.166,24999.334
40789.500,10896.875,29557.750,7148.000,23108.223,34883.168,23177.500,24844.000
40893.000,10823.125,29765.250,7214.222,23229.223,35086.168,23480.334,25264.166
41035.332,10847.375,29868.125,7152.667,23200.445,35274.832,23685.500,25431.666
40596.582,10495.875,29375.000,7138.222,22862.000,35091.168,23666.334,25062.334
40321.418,10082.625,28991.750,7047.556,22391.334,34495.000,23184.334,24892.166
41183.082,10376.250,28957.625,7003.222,22386.334,34239.668,23225.500,25157.834
41433.832,10648.125,28951.500,7032.000,22731.666,34382.000,23385.166,25315.166
40994.082,10663.625,28796.125,6967.556,22727.000,34645.168,23547.166,25492.500
40865.582,10530.875,28434.875,6960.000,22876.445,34372.332,23897.834,25046.000
40659.918,10215.375,28421.750,6981.000,22286.000,34200.332,23521.666,24878.500
40647.582,9863.875,28368.500,6893.222,22222.555,33774.332,23611.334,25025.500
40834.000,9695.250,28064.375,6849.667,22096.555,33688.500,23549.500,24850.334
40871.168,9319.875,27760.875,6880.556,22479.111,33708.000,23686.666,24845.334
40650.250,9277.250,27488.750,6774.222,22251.666,33514.000,23497.000,24475.334
41137.000,9160.000,27350.875,6796.444,21947.111,33198.000,23398.166,24727.334
40558.332,9060.625,27052.250,6679.000,21806.000,32969.668,23237.000,24445.334
40304.168,8919.875,26667.125,6653.111,21241.334,32448.000,22668.000,24498.500
40369.250,8761.875,26289.250,6614.667,21044.223,32013.166,22152.000,24680.500
40309.918,8663.250,26013.500,6647.111,20735.223,31768.334,21962.000,24444.666
40104.418,8357.375,25381.625,6581.222,20221.555,31231.000,21582.000,24284.666
40600.750,8580.000,25542.375,6581.444,19897.777,31132.500,21310.666,24636.000
41193.082,8824.750,25736.125,6543.000,20545.445,31389.166,21274.834,25076.834
40890.250,8880.000,26078.375,6554.778,20880.111,31268.166,21560.666,25199.666
40384.918,8831.250,25497.125,6542.000,20568.334,31087.000,21499.834,24994.000
40544.168,8710.500,25570.375,6555.556,20125.223,30861.000,21068.166,24667.500
40588.918,8779.250,25643.250,6512.778,20185.666,30568.500,21089.834,24861.166
40570.668,8813.125,25942.375,6507.778,20345.666,30668.166,21071.000,24658.500
39840.082,8451.500,25490.750,6411.889,19904.777,29860.500,20695.666,24509.834
38117.168,7942.500,24785.875,6406.222,19388.223,29036.834,19992.834,23106.500
36593.750,7372.000,23481.250,6294.333,18930.889,28314.000,19569.334,22084.000
34628.418,6813.125,21390.750,6290.778,17879.000,27228.500,18887.334,20716.834
33039.332,6492.000,21802.125,6213.444,16987.555,26195.000,18426.834,19649.834
31765.250,6143.625,21771.625,6201.556,16550.889,25586.000,18050.000,18685.666
30193.166,5768.125,21156.875,6155.444,15653.777,24856.166,17306.166,17588.500
28811.584,5595.625,20572.750,6147.333,15078.333,23802.666,16990.834,16608.334
27580.750,5221.000,20113.375,6058.667,14494.444,22935.334,16671.500,15827.000
26249.250,5052.000,19523.250,6013.667,14060.889,22306.166,16177.833,15081.667
25281.666,4868.500,18923.625,6079.889,13645.667,21767.834,15920.833,14915.833
24157.666,4718.125,18473.875,6089.778,13194.667,20932.666,15510.833,13739.000
23105.416,4521.000,17915.375,6017.667,12786.444,20298.000,15074.500,12981.667
22157.000,4383.000,17527.000,6017.778,12343.556,20055.834,14770.500,12418.333
21333.834,4350.625,17077.250,5975.889,11987.889,19471.166,14324.833,11805.500
20680.166,4217.250,16642.375,5973.111,11707.333,18827.166,14024.833,11386.000
19740.500,4140.625,16196.000,6001.889,11156.223,18427.334,13770.667,10780.833
19055.916,4027.250,15562.750,5994.889,10953.444,18082.666,13341.667,10484.667
18321.000,3914.375,15333.625,5964.889,10696.667,17276.334,13187.333,9955.500
17681.500,3827.875,14982.375,5859.000,10478.000,17008.500,12899.333,9587.833
17087.250,3854.000,14523.750,5932.444,10154.777,16624.000,12610.667,9218.667
16410.084,3806.250,14314.375,5914.000,9795.667,16150.167,12358.333,8890.833
15855.667,3728.250,13817.625,5849.222,9612.777,15639.000,12121.333,8553.667
15455.833,3734.000,13694.250,5775.778,9460.223,15249.500,11925.000,8213.833
14965.833,3615.500,13276.250,5749.667,9129.556,14964.500,11699.667,8004.167
14518.333,3588.875,12984.750,5727.222,8929.889,14571.167,11434.500,7661.167
14135.917,3592.625,12664.500,5683.667,8783.223,14217.667,11261.167,7414.000
13568.083,3533.750,12446.125,5638.111,8608.556,13832.167,11079.167,7215.167
13209.917,3548.875,12247.625,5676.667,8381.667,13537.500,10957.000,6967.667
12865.750,3523.250,11974.875,5564.667,8198.333,13342.000,10634.500,6753.167
12334.000,3517.375,11671.500,5573.222,8046.444,13040.333,10546.333,6465.833
11978.167,3463.000,11476.500,5574.778,7907.667,12754.500,10198.167,6407.833
11696.917,3485.875,11186.625,5600.444,7717.000,12428.167,10082.500,6218.500
11449.250,3423.375,10954.125,5507.889,7627.333,12139.000,9995.667,6144.000
11236.833,3408.625,10826.500,5569.000,7485.111,11956.833,9862.500,5931.000
10954.000,3478.250,10551.625,5522.556,7410.222,11689.667,9623.167,5849.833
10677.583,3423.375,10336.125,5495.111,7222.000,11387.333,9531.167,5605.000
10439.333,3382.625,10165.375,5419.000,7052.222,11340.833,9237.667,5495.833
10233.583,3408.250,9901.500,5452.778,6954.444,11115.000,9066.500,5445.167
10016.333,3364.375,9795.500,5452.667,6804.778,10791.167,9058.833,5258.000
9781.917,3380.000,9642.875,5414.667,6676.111,10624.000,8880.167,5100.333
9513.500,3388.250,9415.500,5378.667,6548.000,10609.833,8763.667,5091.667
9374.333,3353.000,9280.625,5338.667,6406.556,10302.333,8594.167,4971.500
9171.083,3341.125,9162.625,5360.111,6328.000,10121.333,8583.500,4920.500
8997.583,3321.125,9029.625,5390.111,6298.444,9911.500,8242.500,4823.000
8948.000,3335.000,8906.625,5323.000,6164.222,9741.000,8274.333,4779.833
8739.250,3327.000,8740.750,5306.000,6163.222,9531.500,8075.667,4641.833
8457.917,3352.250,8601.375,5294.111,6076.667,9377.833,8053.500,4639.167
8494.000,3331.875,8379.250,5221.556,5922.000,9164.667,7864.167,4628.000
8251.250,3360.250,8132.125,5277.889,5835.333,8994.667,7811.500,4544.333
8097.500,3348.875,8050.250,5205.667,5870.667,8881.500,7787.500,4470.000
7944.167,3341.000,7911.375,5260.444,5674.333,8797.833,7582.833,4382.500
7912.417,3355.000,7854.875,5245.000,5661.222,8644.667,7548.000,4428.000
7791.917,3337.500,7691.125,5139.667,5631.889,8479.000,7396.333,4334.500
7782.500,3270.125,7602.125,5159.778,5543.556,8378.833,7238.167,4384.667
7550.833,3286.625,7475.125,5132.333,5414.000,8175.667,7187.167,4266.500
7425.000,3325.000,7384.625,5118.556,5369.889,8189.833,7108.500,4424.500
7382.250,3267.250,7237.875,5099.222,5378.778,7988.833,7004.500,4226.500
7316.750,3309.000,7168.750,5137.111,5248.333,7953.000,6938.167,4194.500
7172.917,3271.750,7112.125,5114.222,5213.667,7703.000,6944.000,4175.167
7103.333,3324.875,7003.125,5077.000,5165.667,7713.500,6667.000,4348.167
6984.833,3323.250,6846.250,5111.889,5130.333,7654.667,6662.333,4169.667
6894.917,3289.500,6832.250,4987.778,5072.222,7453.667,6636.333,4212.667
6836.750,3294.875,6752.125,5021.667,5058.333,7390.833,6467.333,4177.500
6771.917,3318.125,6616.000,4960.111,4969.000,7224.167,6447.833,4131.333
6747.917,3293.000,6516.250,4919.556,4948.111,7121.167,6429.333,4151.167
6658.833,3324.875,6452.125,4910.111,4889.444,7082.333,6312.833,4131.667
6609.833,3309.000,6340.000,4941.667,4815.222,6940.333,6199.167,4185.500
6566.500,3309.500,6325.625,4886.778,4757.667,6886.833,6189.167,4091.333
6552.833,3303.125,6126.750,4831.556,4814.556,6743.167,6081.000,4138.000
6490.250,3281.000,6116.375,4853.444,4664.667,6626.833,6098.667,4118.667
6395.417,3340.625,5985.125,4848.556,4670.111,6584.333,6009.667,4112.500
6408.667,3301.500,5967.750,4823.111,4636.667,6446.833,5892.333,4087.500
6281.500,3306.750,5932.500,4788.556,4647.778,6423.167,5908.333,4148.500
6280.500,3313.000,5914.500,4869.000,4580.667,6307.167,5816.333,4095.500
6265.083,3352.125,5813.375,4838.667,4552.556,6333.333,5784.000,4046.000
6204.833,3330.000,5810.750,4850.111,4591.333,6237.000,5638.333,4058.333
6269.417,3312.000,5661.250,4757.111,4540.778,6045.167,5600.500,4120.000
6216.167,3322.250,5598.500,4739.889,4492.222,6023.000,5586.167,4076.167
6129.000,3297.125,5665.500,4756.556,4503.000,6058.167,5625.833,4101.333
6205.667,3365.000,5593.250,4675.000,4405.222,5981.500,5469.667,4168.167
6156.083,3371.250,5547.125,4695.222,4450.556,5866.333,5451.500,4061.167
6197.333,3315.750,5498.375,4619.556,4385.889,5793.167,5367.000,4105.833
6181.417,3325.250,5464.125,4654.000,4364.667,5862.500,5423.333,4115.500
6112.833,3341.250,5437.875,4606.333,4331.000,5749.167,5375.667,4157.000
6078.000,3296.500,5363.250,4592.222,4363.778,5739.500,5299.500,4071.833
6077.833,3383.625,5319.625,4645.444,4363.333,5685.333,5283.667,4072.000
6062.333,3386.250,5297.750,4547.000,4353.444,5609.000,5273.000,4125.167
6052.583,3310.125,5168.125,4567.111,4349.333,5634.333,5253.000,4118.833
6021.250,3355.500,5249.750,4560.778,4238.778,5567.333,5162.500,4096.667
6121.750,3342.750,5211.375,4581.444,4223.333,5453.333,5165.000,4121.667
6110.250,3313.750,5139.000,4551.333,4252.000,5425.833,5098.000,4013.000
6042.167,3314.750,5188.750,4542.222,4197.111,5401.500,5115.833,4078.000
6037.583,3352.625,5199.750,4573.444,4214.556,5371.500,5157.000,4139.667
6011.083,3350.375,5200.250,4571.000,4158.889,5355.333,5111.333,4153.667
6026.083,3333.375,5197.875,4574.222,4176.889,5339.667,5083.000,4040.500
5983.083,3351.375,5094.375,4561.556,4172.778,5369.667,5111.167,4063.167
6020.333,3345.875,5119.750,4507.444,4146.444,5314.333,5002.833,4143.167
5970.000,3303.625,4957.250,4540.778,4122.667,5214.333,5043.833,4140.000
6039.083,3341.625,4968.500,4524.333,4143.667,5185.667,5086.167,4055.167
6002.917,3313.250,4968.250,4522.889,4165.111,5110.000,5044.667,4157.000
6001.583,3336.500,4933.000,4543.889,4126.333,5147.000,5068.000,4090.500
6020.500,3335.625,4939.125,4484.556,4165.556,5164.167,4992.667,4175.500
5999.333,3362.625,5022.125,4508.889,4142.000,5129.000,4930.667,4173.000
5992.417,3338.375,5030.375,4476.667,4117.333,5110.500,4957.333,4133.667
6008.500,3335.625,4904.625,4484.778,4070.111,5093.167,4905.000,4132.500
5994.917,3315.375,4913.750,4509.556,4115.889,5023.000,4851.500,4179.167
5984.083,3357.625,4948.750,4436.111,4129.111,4960.333,4903.167,4171.500
5959.917,3337.000,4872.875,4442.333,4073.667,5015.333,4874.000,4145.667
5954.833,3375.625,4876.375,4432.222,4039.333,4974.667,4865.000,4126.167
5992.000,3328.750,4852.000,4409.444,4114.333,4905.833,4927.833,4172.833
5950.250,3365.625,4843.625,4422.444,4067.111,4812.000,4876.500,4153.333
5909.667,3357.500,4773.375,4432.778,4058.000,4853.000,4835.000,4189.167
5999.083,3339.625,4780.125,4435.222,4032.778,4801.667,4806.000,4205.333
5926.833,3326.750,4760.625,4444.556,4083.667,4831.667,4769.000,4146.167
5922.917,3333.250,4740.125,4406.444,4044.111,4783.667,4754.500,4086.500
5941.083,3285.750,4687.125,4408.111,4074.889,4735.333,4736.333,4123.500
5956.667,3312.000,4701.375,4366.333,4017.333,4732.167,4761.000,4139.500
5943.000,3282.625,4675.125,4384.778,4025.778,4771.000,4698.333,4168.167
5869.500,3318.250,4612.125,4380.667,4059.889,4735.167,4747.333,4114.833
5960.583,3342.750,4645.625,4370.111,4074.222,4737.000,4680.833,4226.833
5884.250,3327.375,4611.500,4406.444,4043.222,4696.000,4626.500,4186.833
5880.250,3390.125,4586.375,4365.444,4036.778,4638.833,4657.833,4161.167
5889.833,3345.000,4513.375,4390.667,4055.778,4665.667,4642.000,4151.833
5929.583,3317.750,4525.250,4350.889,4029.444,4599.167,4572.333,4126.333
5916.500,3362.625,4518.250,4359.333,4035.556,4631.667,4605.833,4169.000
5919.750,3327.250,4566.125,4316.667,4070.000,4613.000,4515.833,4143.167
5928.333,3331.125,4561.000,4332.667,4069.111,4594.500,4561.000,4091.833
5955.083,3267.875,4578.125,4419.778,4030.111,4571.167,4629.167,4132.833
5951.583,3327.125,4533.625,4355.222,3994.556,4520.500,4529.667,4162.667
5969.417,3335.750,4520.000,4350.000,4007.000,4554.833,4506.333,4212.000
5963.000,3302.500,4570.125,4321.222,3992.000,4588.500,4519.333,4213.833
5971.417,3317.625,4510.125,4345.556,4005.333,4526.167,4586.500,4149.833
6003.667,3380.250,4410.125,4329.222,3988.333,4569.667,4516.833,4116.833
6000.083,3328.625,4512.625,4296.778,4000.000,4567.667,4529.167,4166.000
5999.167,3360.375,4424.875,4257.222,3983.000,4514.667,4491.833,4184.333
6029.667,3333.625,4450.625,4319.444,3974.667,4499.000,4482.333,4141.667
6110.667,3318.875,4465.250,4284.444,4011.222,4493.333,4464.833,4203.500
6057.583,3283.000,4426.750,4282.556,3977.889,4507.833,4502.167,4165.000
6022.833,3321.625,4425.375,4314.000,3976.889,4422.000,4395.333,4169.000
6044.750,3299.125,4485.875,4319.889,4002.444,4487.833,4431.500,4178.833
5963.167,3340.625,4444.750,4234.333,3991.889,4442.500,4399.833,4127.833
6064.917,3342.875,4418.625,4290.333,3951.556,4465.167,4407.667,4174.833
6025.250,3335.875,4411.500,4239.889,3914.222,4400.333,4405.667,4171.667
6076.750,3364.250,4387.000,4259.889,3968.667,4458.000,4419.167,4228.667
5997.750,3360.625,4384.250,4215.667,3934.222,4493.667,4353.167,4151.000
6009.083,3329.875,4339.750,4250.222,3956.222,4431.000,4353.833,4206.333
6013.250,3387.500,4371.875,4221.222,3941.111,4347.833,4375.000,4198.167
5967.417,3382.375,4343.875,4273.222,3979.444,4335.833,4373.000,4144.500
5999.417,3353.375,4358.375,4242.444,3944.222,4332.833,4396.167,4202.000
6000.500,3335.625,4362.125,4200.556,3884.667,4351.333,4386.833,4171.000
5927.167,3376.250,4351.250,4268.778,3883.111,4363.500,4306.167,4099.667
5981.417,3361.750,4387.375,4247.667,3870.667,4364.000,4283.667,4183.000
5968.917,3380.625,4382.375,4255.111,3924.778,4360.667,4280.167,4134.333
5931.583,3309.125,4320.500,4236.333,3928.889,4402.500,4370.167,4166.833
5983.000,3343.875,4353.000,4243.333,3903.000,4369.500,4305.667,4154.667
5868.417,3348.000,4288.500,4251.444,3921.222,4351.000,4341.833,4159.333
5954.000,3290.625,4349.625,4246.444,3910.556,4339.667,4408.000,4166.667
5938.167,3320.875,4312.750,4203.333,3890.333,4414.500,4179.167,4152.000
5925.333,3347.000,4349.625,4246.444,3850.778,4313.333,4256.000,4105.167
5914.000,3360.500,4316.125,4233.778,3914.667,4368.500,4290.667,4164.500
5930.917,3329.000,4304.500,4262.778,3900.667,4402.833,4252.833,4138.667
5885.583,3359.000,4315.375,4212.667,3899.000,4356.833,4312.667,4171.833
5904.083,3352.750,4354.000,4277.333,3851.111,4398.333,4252.833,4141.667
5896.667,3372.250,4350.875,4177.778,3894.444,4324.833,4274.833,4146.000
5902.250,3350.750,4306.125,4204.778,3927.111,4359.000,4273.833,4291.333
5928.750,3322.250,4292.000,4205.222,3893.444,4310.167,4247.000,4167.667
5902.500,3356.375,4311.250,4261.667,3898.222,4291.500,4231.833,4132.333
5911.917,3354.500,4314.000,4177.889,3890.667,4304.333,4225.167,4152.833
5996.000,3364.125,4329.250,4214.889,3884.889,4296.167,4162.000,4145.000
9018.333,3534.750,4287.500,4211.889,3919.556,4321.333,4178.167,4140.667
17776.750,4557.875,4270.875,4208.778,4888.333,4343.667,4177.833,5577.167
27339.750,6280.000,4560.125,4230.556,7533.889,4332.333,4380.167,11543.167
34159.000,7969.625,6144.125,4306.333,11379.889,5439.833,5646.500,19483.666
37943.418,9358.625,9140.875,4391.222,14976.111,7805.167,8000.167,26716.166
40400.332,10702.625,12470.125,4595.444,17922.223,10354.833,10280.667,30583.666
41684.082,12074.375,15870.000,4806.000,19443.445,12540.333,12208.167,30974.334
42772.332,12824.625,19336.000,5064.444,20765.889,14364.333,13877.833,30669.666
43635.500,13332.625,22627.625,5293.556,21806.000,15979.833,15779.667,30344.000
43873.668,13416.500,25191.625,5558.667,22732.777,17355.166,17575.334,29672.166
43850.332,13362.625,27567.375,5785.333,23701.666,18887.334,18795.834,30352.334
43823.418,13165.250,29361.875,6065.667,24231.666,20334.666,20266.834,28944.000
43547.082,12866.875,30963.625,6305.333,24982.334,21685.334,21886.334,28776.666
43216.668,12760.375,31826.375,6509.111,25383.223,22978.166,23540.666,27832.834
43160.332,12605.750,32390.125,6681.000,25487.666,24093.834,25184.000,26939.834
42960.082,12432.250,32833.125,6836.556,25547.334,24989.334,26506.166,26500.166
42788.418,12241.125,32902.125,6939.889,25239.666,26041.666,27640.000,25871.500
42655.668,12163.750,32892.500,7118.111,25230.223,26591.334,28470.666,25430.500
42438.418,11921.500,32809.250,7254.444,25275.445,27311.500,29245.334,25057.834
42248.582,11725.500,32446.250,7390.111,25008.666,27873.834,29638.000,24342.166
42026.918,11414.000,32296.500,7313.667,24998.111,27984.500,29955.166,23772.834
42080.750,11267.875,32130.875,7383.778,24891.555,28322.166,29756.000,23769.500
41907.832,11192.750,31665.125,7483.778,24974.666,28324.834,29781.666,23780.334
41873.418,11204.250,31825.750,7511.111,24658.889,28508.000,29480.000,23112.334
41655.832,11058.000,31548.125,7513.000,24364.000,28949.334,29005.666,22747.000
41555.668,10979.500,31250.250,7541.778,24033.666,29279.000,28588.500,22317.834
41196.332,11067.500,30874.000,7641.111,23643.889,29312.334,28450.334,22278.166
41028.668,10914.125,30599.375,7643.222,23592.889,29299.500,27896.166,21900.666
40633.750,10854.000,30180.375,7637.889,23247.223,29397.000,27569.500,21726.666
40653.832,10714.250,30077.750,7732.000,22890.889,29071.834,27786.500,21175.500
40208.750,10537.500,29919.625,7775.000,22717.555,29159.000,27445.000,20764.334
39936.000,10368.250,29885.375,7736.000,22491.000,28842.834,27451.834,20638.834
39210.000,10261.875,29513.625,7757.889,22347.334,28576.000,27265.500,20303.166
38762.668,10164.375,29458.875,7858.889,22057.111,28593.834,26763.666,20454.834
37917.832,9968.500,29257.000,7798.000,21839.445,28527.666,26625.334,19564.000
37306.500,9846.000,28862.125,7843.111,21798.223,28451.500,26343.166,19336.334
36690.832,9792.250,28601.625,7856.444,21552.889,28435.334,26624.166,18739.334
36100.000,9823.750,28278.375,7768.333,21174.666,28245.500,26460.334,18431.000
35919.000,9695.375,28054.625,7757.556,21018.000,28235.834,26409.834,18268.334
35836.750,9644.250,28225.125,7794.333,20853.111,28381.000,26167.666,18311.834
35691.918,9510.000,27868.625,7753.222,20701.223,27996.500,26195.166,18100.666
35289.500,9409.625,27604.500,7755.667,20570.555,27835.500,25730.500,17815.166
34955.168,9187.875,27544.250,7729.111,20317.000,27204.000,25025.500,17796.000
34840.082,9180.875,27275.750,7692.556,20153.223,27073.334,24438.834,17889.166
34681.582,9166.750,27335.625,7550.889,20144.889,27002.000,23912.000,17623.334
34552.668,9265.250,27206.625,7567.444,19966.111,26844.666,23709.166,17570.000
34419.582,9195.375,27168.625,7533.111,19747.777,26820.166,23183.500,17370.834
34783.668,9078.250,27305.875,7498.111,19507.445,26875.000,23023.000,17283.334
34527.918,9070.000,27154.125,7571.444,19524.111,26825.500,22583.666,17219.500
34692.250,9003.750,27213.625,7524.667,19426.666,26728.666,22303.000,17330.500
34829.168,8943.375,27217.375,7530.444,19298.777,26694.666,22071.500,17032.334
34923.082,8738.000,27132.875,7609.333,19192.223,26575.166,21775.166,17054.166
34802.582,8641.125,27303.250,7465.111,19096.889,26600.166,21970.666,16965.834
34742.500,8469.875,27380.625,7460.222,18924.889,26519.834,21544.834,16588.000
35179.418,8430.500,27217.000,7473.667,18849.889,26264.666,21436.334,16590.500
35468.082,8432.375,27156.375,7409.667,18846.555,25996.500,21459.000,16487.666
35455.918,8288.250,27200.875,7417.111,18836.889,25298.666,21570.500,16409.166
35475.332,8353.875,26842.250,7349.889,19028.111,25179.000,21290.166,16599.000
35325.082,8447.750,26859.500,7334.111,19012.334,25277.500,21403.166,16536.166
35396.832,8407.250,26703.750,7250.333,18903.111,24864.000,21360.000,16598.334
35174.918,8406.875,26643.375,7184.333,19069.334,24959.166,21055.834,16578.000
35066.582,8395.875,26663.750,7198.111,19174.223,24772.834,20786.166,16955.334
34705.500,8275.750,26822.000,7100.556,19236.223,24521.500,20612.334,16555.334
34878.750,8205.750,26449.250,7122.778,18949.445,24287.500,20463.834,16552.666
34757.832,8045.750,26394.500,7127.000,18979.555,23905.166,20544.666,16287.333
34646.918,8042.625,26313.125,6980.667,18966.555,23960.500,20297.000,16217.833
34602.418,7881.375,26143.125,7018.444,18777.223,23473.334,20106.166,16033.667
34308.000,7637.750,26141.375,6986.333,18738.889,23258.666,19878.000,15954.833
34360.168,7612.500,25836.500,7011.333,18405.889,22941.000,19963.500,15985.667
34381.500,7509.000,25731.875,6960.111,18405.666,22849.500,20052.334,16010.333
34360.582,7601.000,25719.000,6882.000,18241.666,22677.834,19735.834,15979.667
34617.500,7545.000,25494.000,6909.222,18188.223,22647.666,19736.500,16035.167
34769.918,7570.375,25364.375,6852.444,18145.555,22299.500,19586.166,16066.333
34575.918,7596.750,24932.000,6813.222,17781.223,22063.166,19265.834,15959.000
34930.668,7546.000,25167.000,6811.222,17771.555,21975.834,18927.166,16043.833
35270.082,7645.500,24690.375,6777.333,17612.445,21815.334,18954.834,16341.167
35097.500,7802.500,24627.375,6798.111,17631.889,21860.334,18469.000,16233.000
35363.750,7860.000,24593.250,6727.000,17308.334,21639.500,18304.166,16237.667
35466.332,7997.750,24431.125,6760.111,17276.223,21279.666,17917.834,16441.834
35299.668,8099.375,24137.125,6723.111,17094.000,21096.166,17786.166,16481.666
35321.750,7958.375,24048.750,6707.222,17243.445,20853.834,17727.166,16747.334
35381.750,7880.375,23811.250,6705.111,16963.889,20468.334,17623.834,16819.166
35588.418,7878.625,23914.500,6593.667,16926.334,20417.500,17403.166,17108.000
35718.000,7767.500,23953.000,6658.000,16661.666,19945.000,17200.834,17208.500
36072.918,7680.625,23815.750,6673.778,16671.111,19777.834,16886.666,17323.000
36278.750,7624.500,23861.375,6672.333,16500.666,19476.834,16781.334,17468.334
36638.582,7652.250,23959.250,6595.778,16474.889,19424.500,16628.334,17513.000
36559.500,7499.000,23797.125,6628.333,16461.000,19127.166,16291.333,17548.000
36369.500,7430.875,23423.250,6579.778,16163.444,18850.000,16024.833,17610.166
36493.500,7486.250,23110.500,6508.889,15949.777,18699.666,15855.500,17782.834
36708.832,7522.625,23010.750,6528.333,16028.556,18459.666,15790.000,17986.166
36706.418,7517.500,22720.875,6537.778,15818.333,18484.166,15772.833,18146.000
36804.500,7690.750,22476.125,6539.889,15694.333,17989.500,15632.833,18329.000
36986.750,7732.000,22481.750,6453.000,15538.223,17805.334,15357.500,18313.166
36801.500,7707.000,22399.875,6484.111,15453.667,17746.000,15420.667,18321.334
36569.668,7676.500,22195.375,6404.000,15321.889,17478.334,15294.333,18660.834
36767.418,7699.000,22012.375,6402.333,15163.556,17219.834,15020.833,19055.334
36702.582,7597.125,22016.750,6350.667,15124.556,16932.166,15176.167,19378.666
36565.918,7523.125,21915.250,6323.667,14970.000,16676.000,14940.833,19660.666
36334.582,7542.125,21931.125,6280.889,14876.000,16641.334,14940.167,19636.500
36325.000,7446.500,21473.750,6247.667,14479.333,16205.833,14635.333,19515.166
35526.332,6971.875,20906.625,6160.444,13891.111,15363.667,14296.333,20092.666
34398.500,6596.000,18815.000,6099.333,13490.444,14867.833,13754.333,18000.666
