3202.0,3269.809523809524,3278.2380952380954,3190.809523809524,3387.6666666666665,3181.904761904762,3028.904761904762,3055.7619047619046,2881.7619047619046
3196.809523809524,3244.3809523809523,3208.9523809523807,3190.4761904761904,3386.2380952380954,3176.2380952380954,3030.6666666666665,3029.4285714285716,2851.8571428571427
3229.809523809524,3252.1428571428573,3279.0476190476193,3162.6666666666665,3391.3809523809523,3160.2380952380954,3003.8571428571427,3030.4285714285716,2884.285714285714
3203.3333333333335,3264.1428571428573,3214.809523809524,3170.7619047619046,3306.4285714285716,3185.3333333333335,3013.809523809524,3015.9523809523807,2882.095238095238
3161.6190476190477,3201.6666666666665,3175.9523809523807,3114.0476190476193,3268.714285714286,3063.190476190476,2932.0,2950.904761904762,2814.5714285714284
3167.285714285714,3210.7619047619046,3222.4285714285716,3165.3333333333335,3295.4285714285716,3068.904761904762,2957.714285714286,2978.4761904761904,2812.3809523809523
3252.3809523809523,3269.6190476190477,3256.714285714286,3189.904761904762,3422.4761904761904,3139.8571428571427,3002.0,3064.3809523809523,2884.190476190476
3357.0476190476193,3414.4285714285716,3390.8571428571427,3332.4285714285716,3577.0476190476193,3259.714285714286,3108.4761904761904,3180.0,2962.7619047619046
3407.714285714286,3470.7619047619046,3613.1428571428573,3509.0476190476193,3630.4285714285716,3367.7619047619046,3224.2380952380954,3336.4285714285716,3118.5238095238096
3436.904761904762,3481.9523809523807,3714.1428571428573,3560.3333333333335,3635.809523809524,3449.2380952380954,3283.9523809523807,3412.285714285714,3155.7619047619046
3436.5238095238096,3485.4285714285716,3759.4761904761904,3542.190476190476,3668.809523809524,3466.7619047619046,3373.8571428571427,3486.8571428571427,3208.285714285714
3397.7619047619046,3475.809523809524,3889.5714285714284,3545.0476190476193,3741.1428571428573,3538.1428571428573,3521.6666666666665,3659.3333333333335,3272.4761904761904
3391.190476190476,3503.190476190476,3877.0476190476193,3518.904761904762,3734.9523809523807,3553.4285714285716,3485.904761904762,3635.9523809523807,3245.4285714285716
3370.3333333333335,3478.714285714286,3847.1428571428573,3529.5238095238096,3773.3809523809523,3506.7619047619046,3471.9523809523807,3609.5238095238096,3252.4285714285716
3373.095238095238,3475.5714285714284,3773.6666666666665,3532.0,3768.8571428571427,3530.190476190476,3445.190476190476,3608.8571428571427,3234.285714285714
3409.7619047619046,3476.5714285714284,3816.095238095238,3541.904761904762,3764.6190476190477,3507.095238095238,3492.7619047619046,3535.1428571428573,3263.4285714285716
3357.6666666666665,3467.6666666666665,3790.6190476190477,3529.809523809524,3768.4285714285716,3524.6666666666665,3463.0476190476193,3544.6190476190477,3206.3809523809523
3394.8571428571427,3440.5238095238096,3756.5714285714284,3525.4285714285716,3759.809523809524,3506.714285714286,3467.809523809524,3537.0476190476193,3213.6190476190477
3387.3809523809523,3474.2380952380954,3720.7619047619046,3526.0,3765.2380952380954,3487.714285714286,3461.6190476190477,3547.9523809523807,3227.5238095238096
3391.809523809524,3502.809523809524,3836.714285714286,3519.095238095238,3765.0476190476193,3448.4285714285716,3450.9523809523807,3577.2380952380954,3231.3809523809523
3376.6666666666665,3468.3809523809523,3841.809523809524,3531.285714285714,3774.095238095238,3459.3809523809523,3430.9523809523807,3560.190476190476,3257.0476190476193
3394.809523809524,3484.2380952380954,3795.5238095238096,3545.8571428571427,3748.904761904762,3464.190476190476,3445.5238095238096,3553.3333333333335,3231.714285714286
3359.5238095238096,3495.3333333333335,3790.0476190476193,3526.809523809524,3815.6190476190477,3498.904761904762,3493.190476190476,3593.9523809523807,3263.285714285714
3366.7619047619046,3451.8571428571427,3801.4761904761904,3529.2380952380954,3828.809523809524,3497.190476190476,3496.190476190476,3570.6190476190477,3260.6190476190477
3369.4285714285716,3460.1428571428573,3785.8571428571427,3539.904761904762,3820.5238095238096,3496.0,3510.904761904762,3569.0476190476193,3239.6666666666665
3351.095238095238,3457.8571428571427,3793.190476190476,3540.3333333333335,3791.285714285714,3478.0,3512.0,3559.4761904761904,3262.2380952380954
3370.4761904761904,3489.4285714285716,3766.9523809523807,3529.4761904761904,3807.095238095238,3497.285714285714,3483.0,3548.3809523809523,3252.7619047619046
3328.5238095238096,3446.0476190476193,3797.6190476190477,3529.6666666666665,3815.714285714286,3496.9523809523807,3446.190476190476,3509.8571428571427,3251.5714285714284
3334.0,3487.190476190476,3747.5238095238096,3527.190476190476,3798.809523809524,3486.9523809523807,3465.8571428571427,3518.4285714285716,3213.9523809523807
3333.3809523809523,3442.809523809524,3772.285714285714,3539.5714285714284,3815.0476190476193,3493.4285714285716,3492.4285714285716,3520.3809523809523,3225.4285714285716
3354.7619047619046,3453.0476190476193,3764.0476190476193,3541.3809523809523,3784.7619047619046,3473.285714285714,3458.3333333333335,3511.5714285714284,3220.0476190476193
3365.714285714286,3416.7619047619046,3759.0,3544.2380952380954,3802.1428571428573,3471.0476190476193,3491.6666666666665,3490.095238095238,3227.2380952380954
3334.1428571428573,3446.285714285714,3754.7619047619046,3510.0476190476193,3786.4761904761904,3454.5238095238096,3499.3809523809523,3495.0476190476193,3241.285714285714
3343.7619047619046,3395.285714285714,3786.904761904762,3460.095238095238,3836.809523809524,3492.285714285714,3496.4285714285716,3510.2380952380954,3260.4285714285716
3331.2380952380954,3394.4285714285716,3783.2380952380954,3496.285714285714,3853.3333333333335,3498.0,3547.285714285714,3492.3809523809523,3263.190476190476
3321.1428571428573,3408.4285714285716,3776.714285714286,3460.3809523809523,3825.1428571428573,3455.2380952380954,3506.3333333333335,3500.190476190476,3261.0476190476193
3318.5238095238096,3377.8571428571427,3783.7619047619046,3451.5238095238096,3848.4285714285716,3458.7619047619046,3507.285714285714,3461.3809523809523,3235.9523809523807
3320.4285714285716,3386.5714285714284,3747.285714285714,3452.8571428571427,3812.904761904762,3471.0476190476193,3508.3333333333335,3520.9523809523807,3252.714285714286
3314.714285714286,3390.190476190476,3747.285714285714,3441.095238095238,3850.095238095238,3469.3333333333335,3493.1428571428573,3485.2380952380954,3227.2380952380954
3351.5714285714284,3346.4285714285716,3759.714285714286,3413.0476190476193,3817.809523809524,3446.9523809523807,3503.3809523809523,3474.285714285714,3235.4285714285716
3312.3809523809523,3361.6190476190477,3737.4761904761904,3439.9523809523807,3863.8571428571427,3474.3333333333335,3496.0476190476193,3468.1428571428573,3260.285714285714
3337.904761904762,3377.7619047619046,3773.7619047619046,3449.2380952380954,3870.3809523809523,3445.904761904762,3509.809523809524,3480.0476190476193,3228.1428571428573
3321.7619047619046,3381.6666666666665,3758.904761904762,3457.1428571428573,3842.0476190476193,3460.095238095238,3503.4761904761904,3459.714285714286,3222.809523809524
3299.285714285714,3348.2380952380954,3749.0,3433.8571428571427,3817.714285714286,3440.2380952380954,3526.4285714285716,3459.3333333333335,3236.190476190476
3321.0476190476193,3339.1428571428573,3683.809523809524,3519.095238095238,3772.809523809524,3391.5238095238096,3429.1428571428573,3406.904761904762,3237.5714285714284
3321.5238095238096,3328.714285714286,3711.3333333333335,3501.3333333333335,3788.9523809523807,3417.2380952380954,3441.7619047619046,3388.4761904761904,3205.3333333333335
3324.809523809524,3333.190476190476,3701.714285714286,3499.4285714285716,3667.5238095238096,3375.809523809524,3445.1428571428573,3456.6666666666665,3219.095238095238
3308.1428571428573,3326.4285714285716,3683.9523809523807,3481.8571428571427,3646.285714285714,3408.0,3432.5238095238096,3424.4285714285716,3215.7619047619046
3327.8571428571427,3332.904761904762,3671.8571428571427,3502.904761904762,3645.190476190476,3385.4761904761904,3392.4285714285716,3421.3809523809523,3193.6666666666665
3321.285714285714,3312.5238095238096,3673.1428571428573,3489.8571428571427,3653.4761904761904,3389.0476190476193,3418.7619047619046,3434.0,3215.3809523809523
3330.4761904761904,3314.0476190476193,3655.2380952380954,3515.0,3637.1428571428573,3349.3809523809523,3397.9523809523807,3438.190476190476,3186.4761904761904
3317.4285714285716,3299.7619047619046,3683.904761904762,3521.809523809524,3639.190476190476,3388.5714285714284,3413.095238095238,3440.285714285714,3208.3333333333335
3304.809523809524,3332.0,3654.9523809523807,3470.904761904762,3609.5714285714284,3372.809523809524,3408.7619047619046,3438.190476190476,3207.8571428571427
3319.714285714286,3307.714285714286,3649.714285714286,3459.6666666666665,3667.190476190476,3375.285714285714,3391.095238095238,3451.5238095238096,3206.4761904761904
3315.190476190476,3297.7619047619046,3717.1428571428573,3467.0,3621.7619047619046,3386.6190476190477,3400.3333333333335,3420.095238095238,3187.8571428571427
3225.5714285714284,3319.2380952380954,3707.2380952380954,3400.7619047619046,3679.7619047619046,3407.7619047619046,3423.5714285714284,3420.095238095238,3185.809523809524
3229.2380952380954,3293.095238095238,3710.2380952380954,3398.1428571428573,3645.190476190476,3410.2380952380954,3410.9523809523807,3441.190476190476,3180.5714285714284
3248.6190476190477,3285.4285714285716,3707.904761904762,3468.904761904762,3641.8571428571427,3372.0476190476193,3386.4761904761904,3344.095238095238,3205.6666666666665
3254.285714285714,3288.3333333333335,3662.2380952380954,3463.4285714285716,3643.7619047619046,3336.7619047619046,3387.714285714286,3400.7619047619046,3182.4285714285716
3268.5238095238096,3270.2380952380954,3670.5238095238096,3439.2380952380954,3623.0476190476193,3373.2380952380954,3390.2380952380954,3369.4285714285716,3184.8571428571427
3273.6666666666665,3258.190476190476,3693.285714285714,3441.285714285714,3605.285714285714,3369.7619047619046,3371.714285714286,3393.9523809523807,3157.0476190476193
3273.6190476190477,3262.4285714285716,3661.4285714285716,3451.3809523809523,3616.3333333333335,3350.6190476190477,3361.5714285714284,3387.190476190476,3199.095238095238
3273.0476190476193,3273.5714285714284,3669.6190476190477,3351.904761904762,3610.6666666666665,3350.095238095238,3355.7619047619046,3325.714285714286,3164.6666666666665
3282.904761904762,3285.3809523809523,3667.5238095238096,3434.904761904762,3630.904761904762,3316.190476190476,3361.5238095238096,3389.4285714285716,3212.5714285714284
3255.809523809524,3283.095238095238,3632.0,3455.3333333333335,3601.190476190476,3362.714285714286,3355.190476190476,3353.4285714285716,3181.904761904762
3272.285714285714,3285.714285714286,3585.190476190476,3414.2380952380954,3576.2380952380954,3312.1428571428573,3335.190476190476,3361.285714285714,3134.904761904762
3285.5714285714284,3263.6190476190477,3577.8571428571427,3445.1428571428573,3573.7619047619046,3310.0,3325.285714285714,3310.9523809523807,3157.5714285714284
3253.714285714286,3270.2380952380954,3582.1428571428573,3424.904761904762,3569.095238095238,3334.8571428571427,3296.285714285714,3286.0476190476193,3172.285714285714
3270.6666666666665,3268.7619047619046,3583.7619047619046,3423.6190476190477,3570.0476190476193,3323.714285714286,3261.5714285714284,3312.4285714285716,3161.714285714286
3259.6190476190477,3273.6666666666665,3576.3333333333335,3409.6190476190477,3521.3333333333335,3331.3333333333335,3265.0476190476193,3304.1428571428573,3176.5714285714284
3290.0476190476193,3258.0,3561.3333333333335,3410.9523809523807,3560.4285714285716,3326.809523809524,3282.2380952380954,3287.2380952380954,3155.0476190476193
3236.2380952380954,3286.190476190476,3564.285714285714,3402.095238095238,3563.2380952380954,3314.4761904761904,3307.5238095238096,3306.5238095238096,3171.8571428571427
3239.5238095238096,3261.285714285714,3524.5238095238096,3377.2380952380954,3553.6190476190477,3329.809523809524,3276.5238095238096,3270.4285714285716,3176.1428571428573
3264.0,3278.285714285714,3523.190476190476,3375.5714285714284,3562.3809523809523,3316.5238095238096,3266.190476190476,3282.0476190476193,3178.190476190476
3230.8571428571427,3274.8571428571427,3548.7619047619046,3411.4761904761904,3552.6666666666665,3297.9523809523807,3309.7619047619046,3296.8571428571427,3163.1428571428573
3251.3809523809523,3246.3809523809523,3501.904761904762,3389.0,3533.4285714285716,3314.0,3290.5714285714284,3254.5238095238096,3161.190476190476
3242.8571428571427,3245.5714285714284,3517.904761904762,3380.809523809524,3552.1428571428573,3307.714285714286,3260.0476190476193,3258.5714285714284,3152.6666666666665
3239.7619047619046,3263.5714285714284,3501.190476190476,3371.714285714286,3548.2380952380954,3280.904761904762,3290.1428571428573,3289.809523809524,3156.3809523809523
3209.6190476190477,3239.714285714286,3520.1428571428573,3352.904761904762,3570.2380952380954,3279.2380952380954,3272.0,3283.714285714286,3154.7619047619046
3238.5238095238096,3279.095238095238,3519.3809523809523,3365.3333333333335,3572.7619047619046,3289.285714285714,3289.285714285714,3285.285714285714,3147.6666666666665
3213.7619047619046,3242.190476190476,3490.0476190476193,3364.5238095238096,3603.809523809524,3287.285714285714,3258.6666666666665,3296.904761904762,3172.5238095238096
3208.0476190476193,3243.4285714285716,3477.0476190476193,3344.8571428571427,3555.8571428571427,3300.3809523809523,3255.9523809523807,3301.8571428571427,3167.6666666666665
3217.2380952380954,3270.0476190476193,3500.0476190476193,3349.714285714286,3580.4761904761904,3295.3333333333335,3263.904761904762,3300.0476190476193,3148.4285714285716
3211.3809523809523,3274.0476190476193,3475.3333333333335,3366.4761904761904,3562.4761904761904,3279.3809523809523,3272.7619047619046,3303.809523809524,3150.5714285714284
3215.5714285714284,3255.809523809524,3473.7619047619046,3340.5714285714284,3571.4761904761904,3301.3333333333335,3251.2380952380954,3291.1428571428573,3138.1428571428573
3202.3333333333335,3261.3333333333335,3479.7619047619046,3350.714285714286,3578.1428571428573,3276.5714285714284,3289.0,3257.809523809524,3136.2380952380954
3209.190476190476,3271.3809523809523,3494.285714285714,3347.3333333333335,3585.0,3278.9523809523807,3237.7619047619046,3286.8571428571427,3145.285714285714
3181.8571428571427,3264.3809523809523,3461.0,3334.8571428571427,3586.4285714285716,3284.809523809524,3230.6190476190477,3297.9523809523807,3165.095238095238
3196.809523809524,3244.6190476190477,3442.0,3332.9523809523807,3573.904761904762,3261.2380952380954,3246.8571428571427,3317.5714285714284,3155.714285714286
3198.6666666666665,3245.8571428571427,3464.7619047619046,3347.8571428571427,3559.9523809523807,3237.714285714286,3226.1428571428573,3259.095238095238,3161.190476190476
3193.3809523809523,3283.9523809523807,3448.0476190476193,3343.9523809523807,3542.3809523809523,3271.095238095238,3253.4761904761904,3268.714285714286,3144.4285714285716
3181.5714285714284,3256.4285714285716,3454.5714285714284,3351.3809523809523,3457.0,3261.8571428571427,3247.0476190476193,3282.6190476190477,3151.285714285714
3202.4761904761904,3236.0,3471.6666666666665,3358.5714285714284,3568.8571428571427,3272.3333333333335,3235.3809523809523,3260.3333333333335,3150.6190476190477
3173.9523809523807,3243.2380952380954,3453.1428571428573,3314.1428571428573,3468.5714285714284,3224.095238095238,3224.7619047619046,3253.904761904762,3148.285714285714
3182.6190476190477,3246.904761904762,3454.714285714286,3331.0,3461.1428571428573,3245.9523809523807,3236.7619047619046,3269.285714285714,3139.904761904762
3208.6190476190477,3242.5238095238096,3430.5714285714284,3308.8571428571427,3561.095238095238,3244.285714285714,3244.1428571428573,3277.904761904762,3172.3809523809523
3173.4761904761904,3236.5714285714284,3429.095238095238,3323.5714285714284,3479.0476190476193,3233.5714285714284,3227.4761904761904,3269.6190476190477,3146.6666666666665
3144.904761904762,3266.095238095238,3450.9523809523807,3307.4285714285716,3581.9523809523807,3236.9523809523807,3237.2380952380954,3292.3333333333335,3142.1428571428573
3158.714285714286,3248.714285714286,3436.809523809524,3303.5714285714284,3599.3809523809523,3254.6190476190477,3218.5238095238096,3262.1428571428573,3162.190476190476
3172.5238095238096,3206.6666666666665,3431.5238095238096,3298.4761904761904,3459.809523809524,3251.3333333333335,3234.0476190476193,3271.5714285714284,3106.9523809523807
3190.904761904762,3245.0476190476193,3468.809523809524,3292.3809523809523,3574.8571428571427,3224.809523809524,3239.6190476190477,3255.5238095238096,3129.5714285714284
3190.3809523809523,3237.0476190476193,3454.9523809523807,3312.904761904762,3582.5238095238096,3260.714285714286,3206.095238095238,3266.7619047619046,3115.809523809524
3183.190476190476,3235.6190476190477,3475.2380952380954,3314.3333333333335,3433.4761904761904,3219.190476190476,3237.2380952380954,3263.7619047619046,3124.714285714286
3179.809523809524,3245.7619047619046,3439.6666666666665,3323.095238095238,3476.6666666666665,3248.809523809524,3214.2380952380954,3261.1428571428573,3137.809523809524
3168.809523809524,3259.1428571428573,3465.1428571428573,3322.3333333333335,3436.0476190476193,3238.0476190476193,3214.5238095238096,3249.5238095238096,3106.095238095238
3149.8571428571427,3225.9523809523807,3463.6190476190477,3306.5714285714284,3593.6190476190477,3265.8571428571427,3231.5714285714284,3253.4761904761904,3126.3333333333335
3174.3333333333335,3246.0,3445.190476190476,3325.4285714285716,3609.8571428571427,3222.190476190476,3213.190476190476,3251.714285714286,3127.4761904761904
3151.4285714285716,3235.2380952380954,3458.3333333333335,3320.5714285714284,3457.3333333333335,3216.7619047619046,3224.2380952380954,3254.4761904761904,3106.809523809524
3170.1428571428573,3276.6190476190477,3465.9523809523807,3279.6666666666665,3456.3809523809523,3246.5714285714284,3198.6666666666665,3250.0,3138.8571428571427
3149.3809523809523,3252.714285714286,3440.3333333333335,3297.4761904761904,3587.2380952380954,3234.6190476190477,3212.095238095238,3232.8571428571427,3108.0476190476193
3177.714285714286,3279.8571428571427,3428.4761904761904,3302.5238095238096,3474.809523809524,3242.809523809524,3222.5238095238096,3257.5238095238096,3111.3809523809523
3152.0,3251.809523809524,3439.7619047619046,3290.1428571428573,3600.3333333333335,3216.0,3215.809523809524,3276.285714285714,3127.3333333333335
3169.714285714286,3255.1428571428573,3471.6190476190477,3284.2380952380954,3622.2380952380954,3254.6190476190477,3204.809523809524,3271.0,3135.7619047619046
3168.3333333333335,3231.6666666666665,3436.285714285714,3322.0,3612.9523809523807,3229.2380952380954,3171.0,3286.3809523809523,3106.4761904761904
3184.1428571428573,3237.3809523809523,3433.5238095238096,3306.2380952380954,3633.190476190476,3225.4285714285716,3196.714285714286,3290.4761904761904,3113.6666666666665
3153.4285714285716,3255.5714285714284,3435.1428571428573,3278.190476190476,3598.4285714285716,3228.0,3186.6666666666665,3282.1428571428573,3084.5714285714284
3176.2380952380954,3254.8571428571427,3441.190476190476,3333.809523809524,3495.4285714285716,3208.4285714285716,3175.7619047619046,3283.0,3086.9523809523807
3153.095238095238,3253.190476190476,3435.190476190476,3312.095238095238,3627.190476190476,3223.904761904762,3199.4285714285716,3295.8571428571427,3107.7619047619046
3154.714285714286,3270.4285714285716,3422.7619047619046,3313.0,3510.4761904761904,3253.714285714286,3209.4761904761904,3282.6666666666665,3115.190476190476
3161.190476190476,3244.5714285714284,3429.8571428571427,3308.3333333333335,3481.3333333333335,3238.7619047619046,3174.3809523809523,3283.3809523809523,3113.6666666666665
3150.6190476190477,3243.5238095238096,3393.5714285714284,3302.0476190476193,3501.4285714285716,3238.2380952380954,3171.190476190476,3286.714285714286,3108.904761904762
3153.809523809524,3255.4761904761904,3401.3333333333335,3311.3333333333335,3515.9523809523807,3200.3809523809523,3159.714285714286,3311.7619047619046,3114.095238095238
3149.1428571428573,3235.3809523809523,3438.0,3278.5714285714284,3513.809523809524,3202.9523809523807,3174.714285714286,3306.714285714286,3128.8571428571427
3149.190476190476,3211.7619047619046,3436.0,3291.714285714286,3532.4285714285716,3234.809523809524,3173.4285714285716,3312.9523809523807,3109.0
3163.6666666666665,3271.714285714286,3461.809523809524,3295.714285714286,3641.4761904761904,3220.4285714285716,3164.6190476190477,3296.0,3090.5238095238096
3146.8571428571427,3229.5238095238096,3450.3809523809523,3282.5714285714284,3648.904761904762,3232.190476190476,3187.5714285714284,3285.8571428571427,3109.8571428571427
3144.1428571428573,3257.1428571428573,3431.3333333333335,3287.6190476190477,3655.4285714285716,3196.190476190476,3175.190476190476,3298.904761904762,3087.3809523809523
3153.1428571428573,3253.3333333333335,3396.2380952380954,3300.3809523809523,3548.3809523809523,3214.7619047619046,3159.4285714285716,3318.714285714286,3082.714285714286
3154.0476190476193,3256.0,3395.0476190476193,3281.6190476190477,3657.7619047619046,3204.7619047619046,3152.4761904761904,3293.095238095238,3097.714285714286
3149.904761904762,3235.095238095238,3371.809523809524,3298.6666666666665,3646.095238095238,3208.1428571428573,3197.5238095238096,3312.7619047619046,3095.5238095238096
3157.714285714286,3220.904761904762,3333.8571428571427,3298.5238095238096,3680.095238095238,3200.4285714285716,3130.809523809524,3313.6190476190477,3087.095238095238
3152.1428571428573,3234.4761904761904,3358.2380952380954,3301.6666666666665,3562.0476190476193,3223.4285714285716,3154.8571428571427,3307.904761904762,3070.6666666666665
3161.6666666666665,3230.904761904762,3406.809523809524,3297.2380952380954,3532.6666666666665,3189.3333333333335,3158.3809523809523,3303.8571428571427,3081.285714285714
3159.4761904761904,3216.8571428571427,3393.6666666666665,3286.285714285714,3517.4761904761904,3218.9523809523807,3144.095238095238,3334.2380952380954,3053.6666666666665
3150.285714285714,3213.7619047619046,3393.3809523809523,3300.285714285714,3534.095238095238,3223.095238095238,3145.3333333333335,3322.6666666666665,3083.4285714285716
3170.9523809523807,3245.3809523809523,3382.714285714286,3307.2380952380954,3541.0,3186.5714285714284,3148.0,3294.8571428571427,3076.3809523809523
3155.7619047619046,3231.4761904761904,3419.809523809524,3337.0476190476193,3526.0476190476193,3219.4761904761904,3182.5714285714284,3306.4761904761904,3078.9523809523807
3127.9523809523807,3236.1428571428573,3381.5714285714284,3321.3333333333335,3528.5714285714284,3165.095238095238,3154.5714285714284,3322.7619047619046,3083.4285714285716
3135.4761904761904,3238.904761904762,3395.4285714285716,3301.285714285714,3540.904761904762,3190.6190476190477,3154.1428571428573,3322.5238095238096,3061.5714285714284
3154.3809523809523,3212.0476190476193,3403.0476190476193,3340.285714285714,3556.4761904761904,3218.0,3147.190476190476,3317.3333333333335,3067.0476190476193
3156.8571428571427,3231.809523809524,3385.904761904762,3295.4761904761904,3563.190476190476,3210.0476190476193,3145.904761904762,3330.3333333333335,3085.5238095238096
3167.285714285714,3241.809523809524,3399.0476190476193,3308.8571428571427,3562.9523809523807,3195.3809523809523,3148.285714285714,3316.7619047619046,3078.7619047619046
3160.6666666666665,3223.809523809524,3410.5238095238096,3290.904761904762,3573.7619047619046,3198.4761904761904,3152.190476190476,3333.6190476190477,3075.190476190476
3150.8571428571427,3236.6666666666665,3379.3333333333335,3313.904761904762,3574.0,3196.5238095238096,3144.285714285714,3374.809523809524,3078.714285714286
3134.4285714285716,3228.7619047619046,3417.095238095238,3289.809523809524,3560.6190476190477,3203.9523809523807,3153.6666666666665,3345.9523809523807,3067.4761904761904
3165.904761904762,3241.4285714285716,3387.5238095238096,3325.2380952380954,3573.5714285714284,3200.7619047619046,3127.714285714286,3351.9523809523807,3078.0476190476193
3158.9523809523807,3228.2380952380954,3405.809523809524,3294.0,3594.714285714286,3194.4761904761904,3120.4761904761904,3337.809523809524,3077.190476190476
3164.190476190476,3256.4285714285716,3380.8571428571427,3306.190476190476,3578.3333333333335,3214.0,3137.0,3346.095238095238,3064.5238095238096
3148.285714285714,3215.3809523809523,3382.4285714285716,3306.6190476190477,3560.8571428571427,3203.5238095238096,3138.6666666666665,3333.809523809524,3073.7619047619046
3183.5714285714284,3225.0,3373.6190476190477,3335.190476190476,3564.714285714286,3190.9523809523807,3137.7619047619046,3350.4761904761904,3059.5714285714284
3153.5238095238096,3205.1428571428573,3358.5238095238096,3297.4761904761904,3568.8571428571427,3194.285714285714,3145.6666666666665,3332.5238095238096,3058.5714285714284
3187.8571428571427,3197.3333333333335,3332.6666666666665,3332.904761904762,3581.3333333333335,3171.714285714286,3134.0,3344.809523809524,3086.6666666666665
3200.190476190476,3221.5238095238096,3357.4761904761904,3316.095238095238,3602.0,3213.4761904761904,3130.0,3332.4285714285716,3080.1428571428573
3199.4285714285716,3205.5238095238096,3350.0476190476193,3332.5238095238096,3558.809523809524,3182.904761904762,3122.5238095238096,3326.4285714285716,3074.6666666666665
3212.3333333333335,3203.3333333333335,3316.190476190476,3328.809523809524,3598.4285714285716,3193.1428571428573,3134.3809523809523,3355.4285714285716,3054.714285714286
3165.1428571428573,3213.6666666666665,3346.714285714286,3348.9523809523807,3616.8571428571427,3180.5238095238096,3128.6666666666665,3384.095238095238,3049.5714285714284
3182.1428571428573,3203.0,3316.095238095238,3328.8571428571427,3624.6666666666665,3191.1428571428573,3114.4761904761904,3340.809523809524,3061.714285714286
3163.8571428571427,3209.190476190476,3310.3809523809523,3297.8571428571427,3633.9523809523807,3184.8571428571427,3142.285714285714,3370.904761904762,3049.9523809523807
3187.0,3217.095238095238,3321.5238095238096,3320.714285714286,3622.809523809524,3202.285714285714,3119.095238095238,3333.0,3032.714285714286
3178.6190476190477,3192.5238095238096,3307.0,3340.095238095238,3602.6666666666665,3192.9523809523807,3116.5714285714284,3361.2380952380954,3064.6666666666665
3192.9523809523807,3221.095238095238,3306.6666666666665,3337.904761904762,3633.3809523809523,3180.0476190476193,3112.4761904761904,3346.2380952380954,3031.095238095238
3175.6666666666665,3216.809523809524,3303.0,3331.0476190476193,3633.190476190476,3182.5714285714284,3103.0,3343.285714285714,3024.1428571428573
3179.285714285714,3237.8571428571427,3392.3809523809523,3348.1428571428573,3633.4285714285716,3172.809523809524,3120.714285714286,3344.0476190476193,3028.809523809524
3208.4761904761904,3226.7619047619046,3371.095238095238,3343.095238095238,3625.9523809523807,3196.0,3093.7619047619046,3326.7619047619046,3064.190476190476
3203.714285714286,3202.095238095238,3289.2380952380954,3347.9523809523807,3639.8571428571427,3197.9523809523807,3109.714285714286,3312.6190476190477,3049.095238095238
3203.8571428571427,3174.714285714286,3358.285714285714,3334.714285714286,3642.5238095238096,3198.1428571428573,3100.6666666666665,3318.7619047619046,3039.5238095238096
3197.6666666666665,3205.3333333333335,3387.285714285714,3321.3809523809523,3630.5238095238096,3191.7619047619046,3111.0476190476193,3330.7619047619046,3042.6666666666665
3194.4285714285716,3170.809523809524,3278.6190476190477,3368.4285714285716,3636.6190476190477,3181.809523809524,3080.809523809524,3325.6190476190477,3046.7619047619046
3178.8571428571427,3189.1428571428573,3301.8571428571427,3365.6190476190477,3670.0476190476193,3189.809523809524,3109.3809523809523,3317.4761904761904,3027.190476190476
3196.904761904762,3206.190476190476,3371.0,3342.3333333333335,3657.3333333333335,3181.4285714285716,3093.4761904761904,3302.3333333333335,3028.8571428571427
3214.6666666666665,3198.904761904762,3344.3809523809523,3332.285714285714,3643.8571428571427,3183.8571428571427,3104.0,3322.4761904761904,3036.3333333333335
3185.5238095238096,3217.5714285714284,3275.4761904761904,3361.3333333333335,3632.714285714286,3181.4285714285716,3100.904761904762,3334.7619047619046,3022.904761904762
3169.809523809524,3216.2380952380954,3377.1428571428573,3372.6666666666665,3620.285714285714,3184.8571428571427,3083.3809523809523,3319.9523809523807,3032.6190476190477
3191.3333333333335,3212.0,3325.5238095238096,3359.5238095238096,3665.6190476190477,3174.5714285714284,3096.8571428571427,3330.809523809524,3022.4761904761904
3190.904761904762,3202.7619047619046,3308.3333333333335,3352.714285714286,3676.1428571428573,3207.2380952380954,3095.3809523809523,3344.0,3040.1428571428573
3166.1428571428573,3224.0476190476193,3286.6666666666665,3358.0,3680.7619047619046,3186.1428571428573,3114.714285714286,3311.6190476190477,3013.7619047619046
3197.0,3230.3333333333335,3285.6190476190477,3376.5714285714284,3656.904761904762,3144.2380952380954,3075.095238095238,3317.1428571428573,3014.6666666666665
3208.5714285714284,3239.9523809523807,3365.5714285714284,3371.7619047619046,3632.3333333333335,3151.5714285714284,3084.190476190476,3304.904761904762,3003.3809523809523
3192.8571428571427,3253.190476190476,3341.3809523809523,3344.7619047619046,3641.095238095238,3152.6666666666665,3061.8571428571427,3316.0476190476193,3021.190476190476
3191.3333333333335,3249.5714285714284,3296.5714285714284,3374.904761904762,3620.285714285714,3134.190476190476,3076.7619047619046,3338.904761904762,3005.6190476190477
3185.1428571428573,3210.2380952380954,3279.190476190476,3335.6190476190477,3678.3809523809523,3154.1428571428573,3062.6666666666665,3337.8571428571427,3017.0476190476193
3173.0476190476193,3225.5238095238096,3364.1428571428573,3349.1428571428573,3676.3809523809523,3176.714285714286,3071.9523809523807,3327.3333333333335,3004.3809523809523
3173.6190476190477,3258.0476190476193,3282.904761904762,3367.4761904761904,3620.809523809524,3146.3809523809523,3085.8571428571427,3343.0476190476193,3021.190476190476
3176.190476190476,3243.9523809523807,3360.4285714285716,3355.190476190476,3640.809523809524,3184.7619047619046,3065.4761904761904,3314.2380952380954,3019.5714285714284
3194.904761904762,3256.0,3269.6190476190477,3359.904761904762,3644.809523809524,3161.809523809524,3073.8571428571427,3332.5714285714284,2998.6666666666665
3181.904761904762,3228.5714285714284,3340.3333333333335,3351.1428571428573,3619.9523809523807,3167.3333333333335,3050.6190476190477,3319.7619047619046,2996.190476190476
3185.7619047619046,3258.904761904762,3258.3333333333335,3361.2380952380954,3645.1428571428573,3136.5714285714284,3073.6666666666665,3336.190476190476,2977.8571428571427
3171.6666666666665,3251.8571428571427,3276.2380952380954,3339.6666666666665,3637.809523809524,3141.5238095238096,3096.0,3307.3809523809523,3004.3809523809523
3199.809523809524,3242.6666666666665,3288.095238095238,3346.0476190476193,3646.809523809524,3156.3809523809523,3045.7619047619046,3313.4761904761904,3023.7619047619046
3181.3333333333335,3246.190476190476,3275.7619047619046,3361.7619047619046,3653.3809523809523,3175.1428571428573,3068.6666666666665,3305.2380952380954,3006.0
3190.2380952380954,3258.3809523809523,3343.5238095238096,3355.3809523809523,3644.8571428571427,3139.809523809524,3058.095238095238,3304.285714285714,2999.809523809524
3180.809523809524,3218.5238095238096,3263.4761904761904,3311.809523809524,3614.7619047619046,3151.8571428571427,3060.809523809524,3324.3809523809523,3013.3333333333335
3202.4285714285716,3242.0476190476193,3326.6666666666665,3339.8571428571427,3660.7619047619046,3148.4761904761904,3085.095238095238,3302.6190476190477,2999.095238095238
3191.6666666666665,3231.6190476190477,3260.285714285714,3359.3333333333335,3644.904761904762,3173.4761904761904,3058.9523809523807,3318.6666666666665,3000.0476190476193
3187.6190476190477,3273.8571428571427,3266.6190476190477,3299.095238095238,3640.0476190476193,3130.285714285714,3077.5238095238096,3328.5238095238096,2967.714285714286
3182.0476190476193,3249.5238095238096,3315.4761904761904,3363.190476190476,3655.5238095238096,3171.0476190476193,3059.7619047619046,3311.8571428571427,3000.714285714286
3165.7619047619046,3239.1428571428573,3336.3333333333335,3349.190476190476,3636.5714285714284,3166.190476190476,3065.0476190476193,3291.4761904761904,2988.904761904762
3195.7619047619046,3234.095238095238,3361.0,3342.3333333333335,3628.9523809523807,3164.190476190476,3071.285714285714,3289.714285714286,2998.714285714286
3168.5238095238096,3251.6666666666665,3329.9523809523807,3334.095238095238,3647.4761904761904,3154.6666666666665,3051.3809523809523,3304.4761904761904,2976.4285714285716
3183.904761904762,3244.809523809524,3343.5714285714284,3339.8571428571427,3623.5238095238096,3143.0476190476193,3040.4761904761904,3294.8571428571427,2978.1428571428573
3209.9523809523807,3224.2380952380954,3299.4761904761904,3343.8571428571427,3672.0,3138.8571428571427,3069.3809523809523,3304.9523809523807,2975.4761904761904
3164.5714285714284,3244.3333333333335,3347.5238095238096,3363.809523809524,3637.9523809523807,3143.714285714286,3055.1428571428573,3257.3809523809523,2996.5714285714284
3187.3333333333335,3235.095238095238,3333.8571428571427,3320.3333333333335,3652.6190476190477,3169.5714285714284,3045.0476190476193,3292.095238095238,2985.7619047619046
3178.5238095238096,3250.9523809523807,3329.4285714285716,3322.095238095238,3596.3333333333335,3156.4285714285716,3043.5238095238096,3287.4285714285716,3008.4761904761904
3186.190476190476,3228.0476190476193,3345.8571428571427,3298.285714285714,3647.9523809523807,3155.4761904761904,3064.4761904761904,3295.904761904762,2974.3333333333335
3169.714285714286,3233.6666666666665,3317.9523809523807,3299.4285714285716,3660.3333333333335,3149.904761904762,3046.3809523809523,3269.190476190476,3005.5714285714284
3166.3333333333335,3221.095238095238,3331.7619047619046,3310.1428571428573,3641.809523809524,3173.4285714285716,3007.2380952380954,3284.8571428571427,2980.095238095238
3178.285714285714,3254.190476190476,3343.5238095238096,3308.5714285714284,3635.0,3154.5238095238096,3040.0,3266.9523809523807,2973.8571428571427
3163.6190476190477,3233.4285714285716,3298.0,3332.190476190476,3635.809523809524,3150.5714285714284,3045.8571428571427,3278.095238095238,2959.190476190476
3167.714285714286,3248.285714285714,3327.4285714285716,3328.904761904762,3642.5238095238096,3142.6666666666665,3057.0476190476193,3271.4761904761904,2988.6666666666665
3173.7619047619046,3245.714285714286,3330.6666666666665,3292.9523809523807,3624.5714285714284,3161.4285714285716,3060.7619047619046,3262.5714285714284,2984.3333333333335
3159.190476190476,3219.5238095238096,3324.095238095238,3313.0476190476193,3645.7619047619046,3143.5714285714284,3041.2380952380954,3299.5238095238096,2970.285714285714
3160.904761904762,3208.7619047619046,3338.809523809524,3306.3333333333335,3613.3809523809523,3155.6190476190477,3060.0,3272.6190476190477,2962.5238095238096
3192.809523809524,3219.904761904762,3340.6666666666665,3307.9523809523807,3647.2380952380954,3166.4285714285716,3041.8571428571427,3300.4285714285716,2978.5714285714284
3163.714285714286,3232.3809523809523,3325.3333333333335,3313.809523809524,3637.8571428571427,3167.7619047619046,3042.095238095238,3283.5714285714284,2986.904761904762
3149.8571428571427,3230.1428571428573,3338.5238095238096,3328.8571428571427,3621.5714285714284,3165.0,3051.5238095238096,3301.190476190476,2989.095238095238
3151.1428571428573,3230.3809523809523,3332.7619047619046,3319.904761904762,3633.0,3160.8571428571427,3043.2380952380954,3294.3809523809523,2963.095238095238
3158.285714285714,3215.4285714285716,3302.0476190476193,3307.0476190476193,3624.4761904761904,3168.714285714286,3066.9523809523807,3294.4285714285716,2990.7619047619046
3175.5238095238096,3218.095238095238,3351.6190476190477,3295.6190476190477,3620.809523809524,3160.904761904762,3034.3333333333335,3276.0,2989.285714285714
3147.2380952380954,3237.1428571428573,3322.0,3312.190476190476,3645.0476190476193,3162.7619047619046,3067.3333333333335,3285.190476190476,2978.4761904761904
3131.285714285714,3242.095238095238,3335.7619047619046,3286.095238095238,3635.5238095238096,3149.4285714285716,3065.5238095238096,3306.0476190476193,2991.714285714286
3145.0476190476193,3215.4761904761904,3323.6666666666665,3298.7619047619046,3592.904761904762,3150.4761904761904,3029.7619047619046,3278.6190476190477,2968.6190476190477
3138.4761904761904,3224.3333333333335,3301.5714285714284,3309.714285714286,3622.714285714286,3166.8571428571427,3047.9523809523807,3271.904761904762,2972.0476190476193
3146.190476190476,3223.809523809524,3316.190476190476,3317.0476190476193,3611.3333333333335,3173.190476190476,3055.5238095238096,3286.0476190476193,2980.5714285714284
3133.8571428571427,3228.8571428571427,3301.285714285714,3312.9523809523807,3621.4285714285716,3162.8571428571427,3046.095238095238,3287.095238095238,2972.9523809523807
3149.3809523809523,3239.714285714286,3315.714285714286,3276.0,3629.5238095238096,3165.6190476190477,3065.190476190476,3297.3333333333335,2992.5714285714284
3140.0476190476193,3209.714285714286,3300.3809523809523,3291.190476190476,3596.3809523809523,3184.8571428571427,3024.190476190476,3246.5714285714284,2976.4761904761904
3133.095238095238,3224.5714285714284,3319.190476190476,3287.9523809523807,3603.2380952380954,3167.714285714286,3029.190476190476,3286.809523809524,2970.6666666666665
3147.1428571428573,3210.1428571428573,3322.0476190476193,3271.3333333333335,3569.7619047619046,3160.6666666666665,3028.714285714286,3274.5714285714284,2974.5714285714284
3132.809523809524,3226.3333333333335,3318.1428571428573,3266.7619047619046,3557.0476190476193,3176.190476190476,3031.6190476190477,3240.190476190476,2964.9523809523807
3122.904761904762,3197.7619047619046,3291.6666666666665,3300.1428571428573,3575.7619047619046,3150.0476190476193,3039.0,3273.3809523809523,2969.6666666666665
3144.095238095238,3218.904761904762,3311.3333333333335,3291.904761904762,3563.9523809523807,3132.4285714285716,3046.3333333333335,3283.4285714285716,2956.904761904762
3162.3333333333335,3200.7619047619046,3293.6190476190477,3271.1428571428573,3563.9523809523807,3183.4761904761904,3019.6666666666665,3260.3809523809523,2962.5714285714284
3139.714285714286,3202.7619047619046,3337.0476190476193,3293.5238095238096,3579.190476190476,3185.0,3029.0,3292.285714285714,2951.5714285714284
3141.3333333333335,3193.190476190476,3321.0476190476193,3285.6666666666665,3550.0476190476193,3165.3333333333335,3048.190476190476,3278.5714285714284,2954.6666666666665
3160.6190476190477,3250.4761904761904,3290.1428571428573,3282.095238095238,3568.0476190476193,3152.904761904762,3047.8571428571427,3296.9523809523807,2986.6666666666665
3142.5714285714284,3220.9523809523807,3302.0476190476193,3283.2380952380954,3596.0,3139.095238095238,3048.4285714285716,3257.5238095238096,2957.1428571428573
3139.7619047619046,3209.5714285714284,3323.4761904761904,3272.714285714286,3550.6190476190477,3157.0,3037.6190476190477,3265.7619047619046,2967.3333333333335
3137.5714285714284,3190.904761904762,3301.5238095238096,3266.4761904761904,3550.6190476190477,3174.3333333333335,3034.6190476190477,3283.0,2966.6190476190477
3130.0476190476193,3204.6666666666665,3315.9523809523807,3286.1428571428573,3543.3333333333335,3155.3809523809523,3043.7619047619046,3276.5238095238096,2959.7619047619046
3120.5714285714284,3194.4285714285716,3334.6666666666665,3267.8571428571427,3528.4285714285716,3146.190476190476,3030.5238095238096,3275.3333333333335,2966.809523809524
3140.809523809524,3216.285714285714,3302.809523809524,3289.3333333333335,3588.904761904762,3168.714285714286,3027.7619047619046,3269.3809523809523,2946.0
3145.0,3182.5714285714284,3302.5238095238096,3281.095238095238,3567.190476190476,3160.095238095238,3035.0476190476193,3271.2380952380954,2952.6666666666665
3158.6666666666665,3201.4285714285716,3320.0,3301.5714285714284,3565.9523809523807,3145.3333333333335,3031.2380952380954,3283.6190476190477,2959.285714285714
3136.4761904761904,3200.0,3333.8571428571427,3273.904761904762,3574.1428571428573,3160.5238095238096,3035.7619047619046,3258.5714285714284,2950.7619047619046
3141.6666666666665,3202.7619047619046,3281.6666666666665,3248.2380952380954,3492.5714285714284,3183.3333333333335,3032.5714285714284,3262.4285714285716,2944.5238095238096
3131.3333333333335,3194.904761904762,3305.809523809524,3249.0,3500.9523809523807,3142.6190476190477,3019.9523809523807,3230.4761904761904,2939.9523809523807
3124.0,3189.714285714286,3298.6190476190477,3244.095238095238,3569.095238095238,3167.4285714285716,3046.3809523809523,3243.190476190476,2918.5714285714284
3136.5238095238096,3191.8571428571427,3317.1428571428573,3293.0,3528.3809523809523,3171.8571428571427,3011.714285714286,3258.7619047619046,2942.5714285714284
3132.5238095238096,3211.7619047619046,3314.1428571428573,3277.809523809524,3571.0476190476193,3160.2380952380954,3041.7619047619046,3264.5238095238096,2947.285714285714
3119.7619047619046,3189.809523809524,3279.0,3261.0476190476193,3594.0476190476193,3169.714285714286,3016.095238095238,3250.4285714285716,2938.714285714286
3113.1428571428573,3192.904761904762,3275.4285714285716,3284.4285714285716,3505.9523809523807,3152.9523809523807,3035.3333333333335,3288.190476190476,2941.5238095238096
3129.5714285714284,3201.2380952380954,3287.190476190476,3274.0476190476193,3520.809523809524,3128.9523809523807,3031.190476190476,3251.5714285714284,2936.9523809523807
3157.0,3185.1428571428573,3242.0476190476193,3291.8571428571427,3404.8571428571427,3142.4285714285716,3009.0476190476193,3225.9523809523807,2927.285714285714
3149.809523809524,3189.4285714285716,3263.5238095238096,3259.4761904761904,3424.3809523809523,3165.0476190476193,2997.5714285714284,3248.1428571428573,2949.3809523809523
3158.809523809524,3202.3333333333335,3242.4761904761904,3270.6666666666665,3391.0476190476193,3152.5714285714284,3024.714285714286,3225.809523809524,2911.809523809524
3169.3333333333335,3207.4761904761904,3245.0476190476193,3302.904761904762,3395.190476190476,3153.5714285714284,3027.2380952380954,3210.5714285714284,2937.2380952380954
3165.8571428571427,3179.1428571428573,3236.1428571428573,3274.190476190476,3416.0,3160.714285714286,2998.714285714286,3211.8571428571427,2950.4285714285716
3144.095238095238,3213.5714285714284,3228.4761904761904,3273.4285714285716,3397.2380952380954,3160.714285714286,2991.6190476190477,3216.095238095238,2927.6190476190477
3165.904761904762,3223.1428571428573,3247.3333333333335,3295.0,3383.4285714285716,3151.7619047619046,3002.285714285714,3218.190476190476,2916.8571428571427
3170.285714285714,3193.4761904761904,3249.0476190476193,3277.1428571428573,3542.190476190476,3144.6666666666665,3028.4761904761904,3192.3333333333335,2926.095238095238
3168.4761904761904,3193.1428571428573,3238.0,3262.1428571428573,3412.5238095238096,3144.4285714285716,3020.095238095238,3193.809523809524,2934.904761904762
3143.5714285714284,3192.6190476190477,3224.285714285714,3285.7619047619046,3542.9523809523807,3156.5714285714284,2967.4761904761904,3204.5714285714284,2943.095238095238
3136.1428571428573,3160.1428571428573,3245.904761904762,3286.0476190476193,3530.809523809524,3161.3333333333335,3022.4761904761904,3194.285714285714,2906.1428571428573
3105.809523809524,3171.3333333333335,3250.2380952380954,3273.4285714285716,3474.095238095238,3155.3333333333335,3016.3333333333335,3244.4761904761904,2947.0476190476193
3122.095238095238,3189.2380952380954,3263.3333333333335,3255.3809523809523,3444.3809523809523,3143.3809523809523,3015.6666666666665,3273.3333333333335,2926.095238095238
3128.5238095238096,3174.714285714286,3242.285714285714,3268.904761904762,3443.9523809523807,3152.6666666666665,3031.3809523809523,3259.1428571428573,2957.2380952380954
3125.285714285714,3191.095238095238,3257.095238095238,3258.8571428571427,3531.809523809524,3147.5714285714284,3032.8571428571427,3260.809523809524,2910.285714285714
3117.7619047619046,3185.3333333333335,3271.2380952380954,3268.285714285714,3463.5714285714284,3188.0,3035.8571428571427,3270.0476190476193,2926.2380952380954
3113.3809523809523,3192.5238095238096,3266.0476190476193,3306.904761904762,3558.5238095238096,3185.809523809524,3041.5238095238096,3271.4761904761904,2948.3333333333335
3113.4761904761904,3185.285714285714,3310.8571428571427,3267.5714285714284,3601.7619047619046,3207.4285714285716,3048.6666666666665,3275.904761904762,2944.7619047619046
3124.6190476190477,3196.5238095238096,3331.5714285714284,3274.7619047619046,3604.714285714286,3214.8571428571427,3056.2380952380954,3283.5238095238096,2983.2380952380954
3189.904761904762,3211.4761904761904,3357.8571428571427,3285.714285714286,3622.2380952380954,3200.2380952380954,3059.6666666666665,3226.1428571428573,3001.190476190476
3186.7619047619046,3251.5714285714284,3393.4285714285716,3313.4285714285716,3642.6190476190477,3232.714285714286,3103.5238095238096,3296.4285714285716,2987.0476190476193
3192.7619047619046,3271.8571428571427,3376.9523809523807,3298.3809523809523,3624.5714285714284,3256.904761904762,3101.904761904762,3275.809523809524,3003.5714285714284
3244.8571428571427,3317.8571428571427,3419.285714285714,3348.5238095238096,3678.1428571428573,3258.5238095238096,3123.0,3332.6190476190477,3034.9523809523807
3243.1428571428573,3315.0476190476193,3457.095238095238,3349.5714285714284,3691.5714285714284,3299.3809523809523,3149.190476190476,3326.5238095238096,3031.0
3279.6190476190477,3305.3333333333335,3424.285714285714,3350.6190476190477,3675.6666666666665,3321.1428571428573,3164.1428571428573,3320.6666666666665,3076.6666666666665
3260.4761904761904,3333.6190476190477,3418.714285714286,3364.904761904762,3730.6666666666665,3304.714285714286,3154.285714285714,3329.4285714285716,3086.285714285714
3273.714285714286,3333.7619047619046,3438.4285714285716,3386.5714285714284,3704.285714285714,3307.809523809524,3169.3333333333335,3332.809523809524,3090.5714285714284
3288.4761904761904,3352.7619047619046,3498.4761904761904,3376.1428571428573,3740.6190476190477,3324.0476190476193,3153.2380952380954,3328.9523809523807,3077.7619047619046
3286.9523809523807,3369.8571428571427,3502.6190476190477,3384.9523809523807,3733.0,3306.095238095238,3157.6190476190477,3346.6666666666665,3097.190476190476
3307.190476190476,3369.5714285714284,3457.7619047619046,3379.190476190476,3479.6190476190477,3345.3809523809523,3180.4761904761904,3327.9523809523807,3092.2380952380954
3295.8571428571427,3345.3333333333335,3477.0476190476193,3406.3809523809523,3725.809523809524,3345.8571428571427,3180.3333333333335,3329.3333333333335,3099.5238095238096
3305.4285714285716,3365.5714285714284,3507.6190476190477,3408.9523809523807,3738.5714285714284,3355.3333333333335,3161.1428571428573,3341.190476190476,3106.5238095238096
3300.5714285714284,3349.9523809523807,3476.190476190476,3392.6190476190477,3743.190476190476,3340.0476190476193,3166.9523809523807,3371.714285714286,3108.6190476190477
3309.3809523809523,3405.6190476190477,3491.5714285714284,3386.7619047619046,3784.1428571428573,3352.809523809524,3178.9523809523807,3384.3333333333335,3115.809523809524
3297.5714285714284,3382.0,3474.6190476190477,3404.9523809523807,3732.285714285714,3380.285714285714,3202.285714285714,3400.9523809523807,3121.0
3325.6666666666665,3414.1428571428573,3517.0476190476193,3435.5714285714284,3768.4285714285716,3407.1428571428573,3180.7619047619046,3372.5714285714284,3092.1428571428573
3329.1428571428573,3408.5714285714284,3528.4285714285716,3412.3333333333335,3774.6666666666665,3357.1428571428573,3206.6666666666665,3362.3809523809523,3109.7619047619046
3324.0476190476193,3396.904761904762,3547.9523809523807,3385.190476190476,3758.095238095238,3366.2380952380954,3224.5714285714284,3361.714285714286,3127.7619047619046
3331.4285714285716,3423.5714285714284,3538.809523809524,3381.6190476190477,3771.2380952380954,3388.9523809523807,3224.1428571428573,3428.285714285714,3118.2380952380954
3322.5714285714284,3386.714285714286,3522.3333333333335,3408.1428571428573,3800.3809523809523,3376.095238095238,3201.6666666666665,3408.0476190476193,3117.714285714286
3330.0,3407.0,3520.809523809524,3378.4285714285716,3774.809523809524,3362.0476190476193,3199.285714285714,3443.4285714285716,3131.4285714285716
3337.0476190476193,3419.3333333333335,3511.0476190476193,3408.3809523809523,3784.0,3362.0476190476193,3195.5238095238096,3410.9523809523807,3121.190476190476
3329.3809523809523,3401.5238095238096,3497.6666666666665,3423.285714285714,3773.4285714285716,3384.285714285714,3170.3333333333335,3427.0,3108.5238095238096
3312.5714285714284,3362.6190476190477,3502.4761904761904,3408.4761904761904,3773.0476190476193,3392.4761904761904,3189.6666666666665,3404.6190476190477,3116.2380952380954
3324.285714285714,3380.285714285714,3584.2380952380954,3379.4761904761904,3780.6666666666665,3401.6190476190477,3195.4761904761904,3420.285714285714,3118.809523809524
3330.4761904761904,3389.3333333333335,3564.1428571428573,3385.9523809523807,3813.8571428571427,3383.3333333333335,3225.3333333333335,3431.3809523809523,3102.5238095238096
3331.4761904761904,3387.6190476190477,3573.9523809523807,3408.809523809524,3774.9523809523807,3388.6190476190477,3177.3333333333335,3431.4761904761904,3141.5238095238096
3318.809523809524,3384.4285714285716,3557.3809523809523,3401.8571428571427,3781.095238095238,3407.904761904762,3183.1428571428573,3414.8571428571427,3096.9523809523807
3313.5714285714284,3381.6190476190477,3533.0476190476193,3394.5238095238096,3781.0,3403.4761904761904,3203.095238095238,3429.0476190476193,3119.714285714286
3312.6666666666665,3391.5714285714284,3526.3809523809523,3394.3333333333335,3782.0,3391.9523809523807,3199.6190476190477,3421.3333333333335,3115.0
3316.809523809524,3400.3809523809523,3531.7619047619046,3394.3333333333335,3792.5714285714284,3411.7619047619046,3167.9523809523807,3409.0,3084.5238095238096
3303.095238095238,3394.4761904761904,3503.3333333333335,3386.3809523809523,3816.1428571428573,3402.714285714286,3181.2380952380954,3436.7619047619046,3111.1428571428573
3319.904761904762,3400.190476190476,3481.190476190476,3365.4761904761904,3796.3809523809523,3397.8571428571427,3180.0476190476193,3409.4761904761904,3136.4761904761904
3324.1428571428573,3391.5238095238096,3546.6190476190477,3397.4761904761904,3772.8571428571427,3393.3809523809523,3178.7619047619046,3427.2380952380954,3090.190476190476
3315.3333333333335,3411.190476190476,3552.285714285714,3392.3809523809523,3779.8571428571427,3383.4285714285716,3163.4761904761904,3412.0476190476193,3093.9523809523807
3281.285714285714,3407.4285714285716,3480.904761904762,3364.5238095238096,3786.9523809523807,3394.714285714286,3173.9523809523807,3405.4761904761904,3102.3333333333335
3292.4285714285716,3399.3333333333335,3484.809523809524,3365.095238095238,3769.6190476190477,3387.285714285714,3170.0476190476193,3405.190476190476,3074.3809523809523
3310.714285714286,3387.0476190476193,3472.904761904762,3349.0476190476193,3761.9523809523807,3398.190476190476,3145.809523809524,3408.285714285714,3102.809523809524
3296.285714285714,3371.0476190476193,3482.0476190476193,3356.0,3771.714285714286,3377.095238095238,3170.190476190476,3421.8571428571427,3067.4761904761904
3282.714285714286,3363.8571428571427,3453.5714285714284,3344.6666666666665,3761.5714285714284,3362.7619047619046,3159.3809523809523,3394.4285714285716,3085.0
3288.6666666666665,3376.0476190476193,3504.714285714286,3341.6190476190477,3738.4285714285716,3356.1428571428573,3169.285714285714,3406.285714285714,3056.3333333333335
3287.9523809523807,3366.4761904761904,3510.7619047619046,3347.1428571428573,3744.5238095238096,3369.095238095238,3151.6666666666665,3381.3809523809523,3075.3809523809523
3305.2380952380954,3360.3333333333335,3506.2380952380954,3313.285714285714,3730.4761904761904,3365.8571428571427,3169.904761904762,3355.4285714285716,3065.904761904762
3288.5238095238096,3376.6190476190477,3483.7619047619046,3313.6190476190477,3723.5238095238096,3365.904761904762,3158.6666666666665,3371.4285714285716,3055.3333333333335
3273.6666666666665,3385.3333333333335,3471.095238095238,3347.714285714286,3703.0476190476193,3370.904761904762,3150.3333333333335,3355.1428571428573,3056.7619047619046
3283.714285714286,3357.190476190476,3487.8571428571427,3328.3809523809523,3728.5238095238096,3349.095238095238,3145.6666666666665,3362.0,3042.4761904761904
3277.5714285714284,3373.0476190476193,3423.4285714285716,3315.6190476190477,3732.3809523809523,3335.6190476190477,3129.285714285714,3361.095238095238,3049.0476190476193
3288.285714285714,3379.1428571428573,3421.0,3312.285714285714,3725.190476190476,3363.714285714286,3165.7619047619046,3350.714285714286,3033.714285714286
3259.1428571428573,3378.8571428571427,3447.285714285714,3318.3333333333335,3679.0476190476193,3325.0,3157.0476190476193,3331.714285714286,3009.2380952380954
3280.0476190476193,3354.7619047619046,3415.4761904761904,3291.4761904761904,3689.6190476190477,3343.4761904761904,3140.3333333333335,3351.3333333333335,3032.714285714286
3251.190476190476,3367.4761904761904,3391.285714285714,3342.4761904761904,3696.190476190476,3336.190476190476,3127.3333333333335,3340.095238095238,3045.8571428571427
3266.095238095238,3369.809523809524,3410.3809523809523,3305.095238095238,3706.6666666666665,3345.4761904761904,3152.3333333333335,3330.5238095238096,3029.809523809524
3266.9523809523807,3359.8571428571427,3436.4285714285716,3314.4285714285716,3678.190476190476,3332.8571428571427,3152.5714285714284,3315.285714285714,3016.0476190476193
3271.6190476190477,3353.904761904762,3479.4285714285716,3291.3809523809523,3688.9523809523807,3320.4285714285716,3131.5238095238096,3331.4761904761904,3024.2380952380954
3254.5714285714284,3358.095238095238,3449.7619047619046,3279.6666666666665,3674.4285714285716,3303.5238095238096,3167.7619047619046,3312.7619047619046,3012.2380952380954
3262.904761904762,3348.4285714285716,3443.714285714286,3291.9523809523807,3658.4761904761904,3322.1428571428573,3136.095238095238,3338.2380952380954,3012.6190476190477
3257.7619047619046,3364.714285714286,3471.7619047619046,3308.3809523809523,3672.0476190476193,3317.809523809524,3128.5238095238096,3300.5714285714284,3031.2380952380954
3249.0,3341.285714285714,3424.3333333333335,3275.1428571428573,3653.3333333333335,3324.285714285714,3125.809523809524,3294.4285714285716,3004.4761904761904
