LABEL,FRAME,Mean ch1
Label,Frame,Mean ch1
,,(counts)
ID2000,0.0,3372.3333333333335
ID2698,0.0,2877.809523809524
ID3363,0.0,3154.714285714286
ID4029,0.0,3160.0
ID4697,0.0,3066.0476190476193
ID5361,0.0,2851.8571428571427
ID6025,0.0,3103.809523809524
ID6689,0.0,2899.5714285714284
ID2038,1.0,3356.6666666666665
ID2702,1.0,2846.809523809524
ID3367,1.0,3164.7619047619046
ID4033,1.0,3138.9523809523807
ID4701,1.0,3045.4285714285716
ID5364,1.0,2894.3809523809523
ID6028,1.0,3130.3333333333335
ID6692,1.0,2879.1428571428573
ID2040,2.0,3336.0476190476193
ID2705,2.0,2843.6190476190477
ID3371,2.0,3146.809523809524
ID4035,2.0,3162.3333333333335
ID4703,2.0,3066.9523809523807
ID5367,2.0,2887.904761904762
ID6031,2.0,3135.190476190476
ID6694,2.0,2892.6666666666665
ID2042,3.0,3354.8571428571427
ID2707,3.0,2864.9523809523807
ID3373,3.0,3160.3809523809523
ID4037,3.0,3147.4285714285716
ID4705,3.0,3051.7619047619046
ID5369,3.0,2904.714285714286
ID6033,3.0,3136.5714285714284
ID6696,3.0,2880.714285714286
ID2044,4.0,3345.7619047619046
ID2709,4.0,2874.0
ID3375,4.0,3173.190476190476
ID4039,4.0,3166.9523809523807
ID4707,4.0,3065.7619047619046
ID5371,4.0,2892.5238095238096
ID6035,4.0,3150.904761904762
ID6698,4.0,2906.6666666666665
ID2046,5.0,3322.809523809524
ID2711,5.0,2864.809523809524
ID3377,5.0,3160.4761904761904
ID4041,5.0,3144.6190476190477
ID4709,5.0,3069.8571428571427
ID5373,5.0,2887.8571428571427
ID6037,5.0,3138.714285714286
ID6700,5.0,2884.2380952380954
ID2048,6.0,3367.1428571428573
ID2713,6.0,2851.4761904761904
ID3379,6.0,3150.3809523809523
ID4043,6.0,3143.714285714286
ID4711,6.0,3044.714285714286
ID5375,6.0,2878.2380952380954
ID6039,6.0,3140.1428571428573
ID6702,6.0,2894.4761904761904
ID2050,7.0,3350.1428571428573
ID2715,7.0,2852.809523809524
ID3381,7.0,3096.095238095238
ID4045,7.0,3144.1428571428573
ID4713,7.0,3058.9523809523807
ID5377,7.0,2875.904761904762
ID6041,7.0,3116.5714285714284
ID6704,7.0,2823.8571428571427
ID2052,8.0,3293.285714285714
ID2717,8.0,2811.904761904762
ID3383,8.0,3094.4761904761904
ID4047,8.0,3094.2380952380954
ID4715,8.0,3000.190476190476
ID5379,8.0,2836.095238095238
ID6043,8.0,3050.4761904761904
ID6706,8.0,2796.8571428571427
ID2054,9.0,3396.190476190476
ID2719,9.0,2867.9523809523807
ID3385,9.0,3097.714285714286
ID4049,9.0,3132.9523809523807
ID4717,9.0,3048.9523809523807
ID5381,9.0,2872.190476190476
ID6045,9.0,3132.8571428571427
ID6708,9.0,2886.904761904762
ID2056,10.0,3518.809523809524
ID2721,10.0,2921.5714285714284
ID3387,10.0,3169.5714285714284
ID4051,10.0,3261.4761904761904
ID4719,10.0,3203.190476190476
ID5383,10.0,2985.0
ID6047,10.0,3214.3333333333335
ID6710,10.0,2959.0476190476193
ID2058,11.0,3951.3333333333335
ID2723,11.0,3018.904761904762
ID3389,11.0,3383.0476190476193
ID4054,11.0,3526.2380952380954
ID4721,11.0,3441.3809523809523
ID5385,11.0,3191.4761904761904
ID6049,11.0,3288.4285714285716
ID6712,11.0,3096.3333333333335
ID2060,12.0,3972.809523809524
ID2725,12.0,3015.809523809524
ID3391,12.0,3449.1428571428573
ID4056,12.0,3566.4761904761904
ID4723,12.0,3459.4761904761904
ID5387,12.0,3235.4285714285716
ID6051,12.0,3292.190476190476
ID6714,12.0,3134.7619047619046
ID2062,13.0,4101.428571428572
ID2727,13.0,3014.190476190476
ID3393,13.0,3546.5238095238096
ID4058,13.0,3586.3333333333335
ID4725,13.0,3426.5714285714284
ID5389,13.0,3253.0
ID6053,13.0,3296.4285714285716
ID6716,13.0,3225.190476190476
ID2064,14.0,4099.9047619047615
ID2729,14.0,2999.095238095238
ID3395,14.0,3616.7619047619046
ID4060,14.0,3671.1428571428573
ID4727,14.0,3417.285714285714
ID5391,14.0,3276.5714285714284
ID6055,14.0,3324.4285714285716
ID6718,14.0,3259.5714285714284
ID2066,15.0,4108.714285714285
ID2731,15.0,3028.9523809523807
ID3397,15.0,3680.809523809524
ID4064,15.0,3747.904761904762
ID4729,15.0,3388.6190476190477
ID5393,15.0,3267.3333333333335
ID6057,15.0,3321.9523809523807
ID6720,15.0,3309.3809523809523
ID2068,16.0,4150.142857142857
ID2733,16.0,3037.714285714286
ID3399,16.0,3677.0476190476193
ID4067,16.0,3717.285714285714
ID4731,16.0,3389.904761904762
ID5395,16.0,3257.3809523809523
ID6059,16.0,3311.3333333333335
ID6722,16.0,3314.3333333333335
ID2070,17.0,4135.952380952381
ID2735,17.0,3017.7619047619046
ID3401,17.0,3754.809523809524
ID4069,17.0,3747.714285714286
ID4733,17.0,3351.7619047619046
ID5397,17.0,3255.285714285714
ID6061,17.0,3290.809523809524
ID6724,17.0,3321.3333333333335
ID2072,18.0,4102.428571428572
ID2737,18.0,3017.1428571428573
ID3403,18.0,3751.809523809524
ID4071,18.0,3754.0476190476193
ID4735,18.0,3378.285714285714
ID5399,18.0,3219.4285714285716
ID6063,18.0,3278.809523809524
ID6726,18.0,3339.9523809523807
ID2074,19.0,4092.7619047619046
ID2739,19.0,3007.3809523809523
ID3405,19.0,3768.9523809523807
ID4073,19.0,3733.2380952380954
ID4737,19.0,3360.904761904762
ID5401,19.0,3213.4761904761904
ID6065,19.0,3268.3333333333335
ID6728,19.0,3379.6666666666665
ID2076,20.0,4115.285714285715
ID2741,20.0,3014.3333333333335
ID3407,20.0,3743.3809523809523
ID4075,20.0,3706.095238095238
ID4739,20.0,3367.3333333333335
ID5403,20.0,3196.809523809524
ID6067,20.0,3239.5714285714284
ID6730,20.0,3408.3809523809523
ID2078,21.0,4092.2380952380954
ID2743,21.0,3023.5238095238096
ID3409,21.0,3722.0476190476193
ID4077,21.0,3715.809523809524
ID4741,21.0,3339.809523809524
ID5405,21.0,3179.3809523809523
ID6069,21.0,3275.1428571428573
ID6732,21.0,3420.5238095238096
ID2080,22.0,4078.5238095238096
ID2745,22.0,3003.190476190476
ID3411,22.0,3787.8571428571427
ID4079,22.0,3704.8571428571427
ID4743,22.0,3413.3809523809523
ID5407,22.0,3239.9523809523807
ID6071,22.0,3287.0
ID6734,22.0,3487.9523809523807
ID2082,23.0,4097.666666666667
ID2747,23.0,3006.1428571428573
ID3413,23.0,3757.7619047619046
ID4081,23.0,3726.5238095238096
ID4745,23.0,3420.4285714285716
ID5409,23.0,3270.1428571428573
ID6073,23.0,3294.0
ID6736,23.0,3495.5238095238096
ID2084,24.0,4087.7619047619046
ID2749,24.0,2972.6666666666665
ID3415,24.0,3768.809523809524
ID4083,24.0,3686.5238095238096
ID4747,24.0,3403.5238095238096
ID5411,24.0,3244.2380952380954
ID6075,24.0,3352.0
ID6738,24.0,3495.7619047619046
ID2086,25.0,4083.714285714286
ID2751,25.0,2992.0476190476193
ID3417,25.0,3791.3333333333335
ID4085,25.0,3685.0
ID4749,25.0,3411.2380952380954
ID5413,25.0,3243.714285714286
ID6077,25.0,3344.9523809523807
ID6740,25.0,3501.904761904762
ID2088,26.0,4033.6666666666665
ID2753,26.0,2999.904761904762
ID3419,26.0,3750.095238095238
ID4087,26.0,3670.0476190476193
ID4751,26.0,3418.0476190476193
ID5415,26.0,3265.9523809523807
ID6079,26.0,3330.5238095238096
ID6742,26.0,3495.4761904761904
ID2090,27.0,4089.7619047619046
ID2755,27.0,2991.809523809524
ID3421,27.0,3747.7619047619046
ID4089,27.0,3687.9523809523807
ID4753,27.0,3419.5238095238096
ID5417,27.0,3249.904761904762
ID6081,27.0,3303.1428571428573
ID6744,27.0,3509.7619047619046
ID2092,28.0,4057.0476190476193
ID2757,28.0,3005.5714285714284
ID3423,28.0,3744.3333333333335
ID4091,28.0,3626.904761904762
ID4755,28.0,3432.5238095238096
ID5419,28.0,3258.9523809523807
ID6083,28.0,3342.6190476190477
ID6746,28.0,3482.7619047619046
ID2094,29.0,4024.285714285714
ID2759,29.0,2984.3809523809523
ID3425,29.0,3778.0476190476193
ID4093,29.0,3654.2380952380954
ID4757,29.0,3430.714285714286
ID5421,29.0,3251.1428571428573
ID6085,29.0,3352.6190476190477
ID6748,29.0,3505.095238095238
ID2096,30.0,4054.1428571428573
ID2761,30.0,2967.714285714286
ID3427,30.0,3771.285714285714
ID4095,30.0,3635.3809523809523
ID4759,30.0,3427.6666666666665
ID5423,30.0,3233.3809523809523
ID6087,30.0,3309.0476190476193
ID6750,30.0,3494.285714285714
ID2098,31.0,4083.0476190476193
ID2763,31.0,2968.5714285714284
ID3429,31.0,3796.285714285714
ID4097,31.0,3639.4285714285716
ID4761,31.0,3415.285714285714
ID5425,31.0,3245.9523809523807
ID6089,31.0,3330.095238095238
ID6752,31.0,3478.3333333333335
ID2100,32.0,4021.7619047619046
ID2765,32.0,2998.714285714286
ID3431,32.0,3766.4761904761904
ID4099,32.0,3639.0
ID4763,32.0,3395.904761904762
ID5427,32.0,3201.8571428571427
ID6091,32.0,3348.809523809524
ID6754,32.0,3505.3333333333335
ID2102,33.0,4014.0
ID2767,33.0,2965.285714285714
ID3433,33.0,3764.2380952380954
ID4101,33.0,3636.809523809524
ID4765,33.0,3421.904761904762
ID5429,33.0,3264.7619047619046
ID6093,33.0,3342.3333333333335
ID6756,33.0,3530.809523809524
ID2104,34.0,4057.3333333333335
ID2769,34.0,2978.190476190476
ID3435,34.0,3756.714285714286
ID4103,34.0,3618.8571428571427
ID4767,34.0,3402.9523809523807
ID5431,34.0,3202.190476190476
ID6095,34.0,3323.6190476190477
ID6758,34.0,3541.5238095238096
ID2106,35.0,4020.6190476190477
ID2771,35.0,2963.4285714285716
ID3437,35.0,3779.7619047619046
ID4105,35.0,3624.0
ID4769,35.0,3407.095238095238
ID5433,35.0,3233.7619047619046
ID6097,35.0,3353.904761904762
ID6760,35.0,3535.095238095238
ID2108,36.0,4016.095238095238
ID2773,36.0,2966.3809523809523
ID3439,36.0,3764.5238095238096
ID4107,36.0,3638.0
ID4771,36.0,3392.5238095238096
ID5435,36.0,3236.2380952380954
ID6099,36.0,3338.904761904762
ID6762,36.0,3507.3333333333335
ID2110,37.0,4039.7619047619046
ID2775,37.0,2950.714285714286
ID3441,37.0,3768.5238095238096
ID4109,37.0,3634.904761904762
ID4773,37.0,3392.190476190476
ID5437,37.0,3226.095238095238
ID6101,37.0,3320.4761904761904
ID6764,37.0,3512.904761904762
ID2112,38.0,4051.714285714286
ID2777,38.0,2970.4285714285716
ID3443,38.0,3740.6666666666665
ID4111,38.0,3602.7619047619046
ID4775,38.0,3423.6666666666665
ID5439,38.0,3234.6190476190477
ID6103,38.0,3298.1428571428573
ID6766,38.0,3501.0476190476193
ID2114,39.0,4043.809523809524
ID2779,39.0,2964.285714285714
ID3445,39.0,3766.714285714286
ID4113,39.0,3650.190476190476
ID4777,39.0,3402.4285714285716
ID5441,39.0,3213.809523809524
ID6105,39.0,3295.9523809523807
ID6768,39.0,3493.5714285714284
ID2116,40.0,4014.4285714285716
ID2781,40.0,2950.8571428571427
ID3447,40.0,3755.0
ID4115,40.0,3647.285714285714
ID4779,40.0,3390.2380952380954
ID5443,40.0,3236.809523809524
ID6107,40.0,3313.7619047619046
ID6770,40.0,3519.3809523809523
ID2118,41.0,4019.3333333333335
ID2783,41.0,2939.904761904762
ID3449,41.0,3753.285714285714
ID4117,41.0,3642.3809523809523
ID4781,41.0,3414.095238095238
ID5445,41.0,3219.0476190476193
ID6109,41.0,3277.1428571428573
ID6772,41.0,3496.7619047619046
ID2120,42.0,4011.3333333333335
ID2785,42.0,2955.1428571428573
ID3451,42.0,3772.0476190476193
ID4119,42.0,3655.3809523809523
ID4783,42.0,3402.285714285714
ID5447,42.0,3205.809523809524
ID6111,42.0,3295.0
ID6774,42.0,3490.4761904761904
ID2122,43.0,4018.285714285714
ID2787,43.0,2939.5714285714284
ID3453,43.0,3736.7619047619046
ID4121,43.0,3641.3809523809523
ID4785,43.0,3401.7619047619046
ID5449,43.0,3224.4285714285716
ID6113,43.0,3267.8571428571427
ID6776,43.0,3520.190476190476
ID2124,44.0,4026.0
ID2789,44.0,2952.0476190476193
ID3455,44.0,3743.0476190476193
ID4123,44.0,3617.4761904761904
ID4787,44.0,3377.0476190476193
ID5451,44.0,3207.1428571428573
ID6115,44.0,3294.4761904761904
ID6778,44.0,3464.1428571428573
ID2126,45.0,4007.9523809523807
ID2791,45.0,2961.5238095238096
ID3457,45.0,3729.6666666666665
ID4125,45.0,3641.809523809524
ID4789,45.0,3391.4761904761904
ID5453,45.0,3226.4761904761904
ID6117,45.0,3301.8571428571427
ID6780,45.0,3497.2380952380954
ID2128,46.0,4025.7619047619046
ID2793,46.0,2954.9523809523807
ID3459,46.0,3717.7619047619046
ID4127,46.0,3623.1428571428573
ID4791,46.0,3379.8571428571427
ID5455,46.0,3205.5714285714284
ID6119,46.0,3275.809523809524
ID6782,46.0,3491.0
ID2130,47.0,4005.0
ID2795,47.0,2957.904761904762
ID3461,47.0,3736.0
ID4129,47.0,3649.6666666666665
ID4793,47.0,3393.8571428571427
ID5457,47.0,3224.904761904762
ID6121,47.0,3322.1428571428573
ID6784,47.0,3505.3333333333335
ID2132,48.0,4014.4285714285716
ID2797,48.0,2956.6190476190477
ID3463,48.0,3728.7619047619046
ID4131,48.0,3622.190476190476
ID4795,48.0,3408.6190476190477
ID5459,48.0,3201.4761904761904
ID6123,48.0,3392.714285714286
ID6786,48.0,3487.714285714286
ID2134,49.0,4018.6666666666665
ID2799,49.0,2938.6190476190477
ID3465,49.0,3710.5238095238096
ID4133,49.0,3629.809523809524
ID4797,49.0,3369.3333333333335
ID5461,49.0,3235.2380952380954
ID6125,49.0,3300.5714285714284
ID6788,49.0,3480.190476190476
ID2136,50.0,4008.095238095238
ID2801,50.0,2974.7619047619046
ID3467,50.0,3693.4285714285716
ID4135,50.0,3628.190476190476
ID4799,50.0,3380.3809523809523
ID5463,50.0,3213.3809523809523
ID6127,50.0,3312.3333333333335
ID6790,50.0,3486.6666666666665
ID2138,51.0,4030.4285714285716
ID2803,51.0,2956.2380952380954
ID3469,51.0,3714.809523809524
ID4137,51.0,3622.285714285714
ID4801,51.0,3370.3333333333335
ID5465,51.0,3239.904761904762
ID6129,51.0,3324.714285714286
ID6792,51.0,3492.0
ID2140,52.0,4017.3333333333335
ID2805,52.0,2926.9523809523807
ID3471,52.0,3686.809523809524
ID4139,52.0,3618.8571428571427
ID4803,52.0,3371.1428571428573
ID5467,52.0,3211.2380952380954
ID6131,52.0,3289.9523809523807
ID6794,52.0,3476.8571428571427
ID2142,53.0,4002.095238095238
ID2807,53.0,2942.285714285714
ID3473,53.0,3696.7619047619046
ID4141,53.0,3636.6666666666665
ID4805,53.0,3369.5714285714284
ID5469,53.0,3214.0476190476193
ID6133,53.0,3313.7619047619046
ID6796,53.0,3496.6666666666665
ID2144,54.0,4014.2380952380954
ID2809,54.0,2938.9523809523807
ID3475,54.0,3715.0476190476193
ID4143,54.0,3604.809523809524
ID4807,54.0,3373.1428571428573
ID5471,54.0,3177.4761904761904
ID6135,54.0,3305.809523809524
ID6798,54.0,3453.6666666666665
ID2146,55.0,4025.4285714285716
ID2811,55.0,2954.3333333333335
ID3477,55.0,3689.6666666666665
ID4145,55.0,3568.0476190476193
ID4809,55.0,3296.190476190476
ID5473,55.0,3173.6666666666665
ID6137,55.0,3318.2380952380954
ID6800,55.0,3385.809523809524
ID2148,56.0,3996.6190476190477
ID2813,56.0,2940.6666666666665
ID3479,56.0,3683.5714285714284
ID4147,56.0,3565.9523809523807
ID4811,56.0,3304.285714285714
ID5475,56.0,3149.1428571428573
ID6139,56.0,3318.190476190476
ID6802,56.0,3381.190476190476
ID2150,57.0,3988.190476190476
ID2815,57.0,2945.2380952380954
ID3481,57.0,3661.0
ID4149,57.0,3532.809523809524
ID4813,57.0,3372.0476190476193
ID5477,57.0,3145.2380952380954
ID6141,57.0,3296.190476190476
ID6804,57.0,3370.0
ID2152,58.0,3994.9523809523807
ID2817,58.0,2962.904761904762
ID3483,58.0,3679.095238095238
ID4151,58.0,3528.285714285714
ID4815,58.0,3357.3809523809523
ID5479,58.0,3140.904761904762
ID6143,58.0,3327.9523809523807
ID6806,58.0,3374.1428571428573
ID2154,59.0,3977.0
ID2819,59.0,2934.6666666666665
ID3485,59.0,3697.7619047619046
ID4153,59.0,3496.4761904761904
ID4817,59.0,3375.6666666666665
ID5481,59.0,3138.5238095238096
ID6145,59.0,3306.0
ID6808,59.0,3362.190476190476
ID2156,60.0,4012.6666666666665
ID2821,60.0,2941.1428571428573
ID3487,60.0,3671.904761904762
ID4155,60.0,3537.3809523809523
ID4819,60.0,3267.190476190476
ID5483,60.0,3114.809523809524
ID6147,60.0,3320.3333333333335
ID6810,60.0,3333.904761904762
ID2158,61.0,3988.190476190476
ID2823,61.0,2940.904761904762
ID3489,61.0,3653.6666666666665
ID4157,61.0,3500.285714285714
ID4821,61.0,3307.904761904762
ID5485,61.0,3119.095238095238
ID6149,61.0,3292.5714285714284
ID6812,61.0,3317.1428571428573
ID2160,62.0,3978.3333333333335
ID2825,62.0,2938.285714285714
ID3491,62.0,3641.809523809524
ID4159,62.0,3508.6190476190477
ID4823,62.0,3363.3333333333335
ID5487,62.0,3122.0476190476193
ID6151,62.0,3286.5238095238096
ID6814,62.0,3304.285714285714
ID2162,63.0,3993.0
ID2827,63.0,2943.3333333333335
ID3493,63.0,3617.8571428571427
ID4161,63.0,3498.0476190476193
ID4825,63.0,3264.7619047619046
ID5489,63.0,3124.285714285714
ID6153,63.0,3270.2380952380954
ID6816,63.0,3280.3333333333335
ID2164,64.0,4001.285714285714
ID2829,64.0,2928.2380952380954
ID3495,64.0,3605.714285714286
ID4163,64.0,3475.3809523809523
ID4827,64.0,3298.7619047619046
ID5491,64.0,3115.4285714285716
ID6155,64.0,3289.2380952380954
ID6818,64.0,3274.3809523809523
ID2166,65.0,3983.4285714285716
ID2831,65.0,2931.4285714285716
ID3497,65.0,3646.190476190476
ID4165,65.0,3469.4285714285716
ID4829,65.0,3289.2380952380954
ID5493,65.0,3119.0
ID6157,65.0,3266.8571428571427
ID6820,65.0,3276.3333333333335
ID2168,66.0,3994.2380952380954
ID2833,66.0,2924.8571428571427
ID3499,66.0,3627.714285714286
ID4167,66.0,3470.5238095238096
ID4831,66.0,3389.9523809523807
ID5495,66.0,3148.6190476190477
ID6159,66.0,3344.3333333333335
ID6822,66.0,3296.2380952380954
ID2170,67.0,3992.1428571428573
ID2835,67.0,2930.5714285714284
ID3501,67.0,3626.2380952380954
ID4169,67.0,3449.7619047619046
ID4833,67.0,3367.714285714286
ID5497,67.0,3132.3809523809523
ID6161,67.0,3321.1428571428573
ID6824,67.0,3313.2380952380954
ID2172,68.0,3995.095238095238
ID2837,68.0,2936.095238095238
ID3503,68.0,3613.0476190476193
ID4171,68.0,3486.190476190476
ID4835,68.0,3384.5238095238096
ID5499,68.0,3128.095238095238
ID6163,68.0,3348.285714285714
ID6826,68.0,3294.9523809523807
ID2174,69.0,3988.2380952380954
ID2839,69.0,2936.8571428571427
ID3505,69.0,3609.6666666666665
ID4173,69.0,3479.4761904761904
ID4837,69.0,3367.0476190476193
ID5501,69.0,3137.6190476190477
ID6165,69.0,3323.095238095238
ID6828,69.0,3291.809523809524
ID2176,70.0,3969.3333333333335
ID2841,70.0,2939.904761904762
ID3507,70.0,3622.0
ID4175,70.0,3466.904761904762
ID4839,70.0,3370.2380952380954
ID5503,70.0,3157.3333333333335
ID6167,70.0,3352.9523809523807
ID6830,70.0,3284.095238095238
ID2178,71.0,3973.1428571428573
ID2843,71.0,2922.8571428571427
ID3509,71.0,3592.3333333333335
ID4177,71.0,3451.7619047619046
ID4841,71.0,3361.904761904762
ID5505,71.0,3143.904761904762
ID6169,71.0,3311.714285714286
ID6832,71.0,3295.714285714286
ID2180,72.0,3986.3809523809523
ID2845,72.0,2951.4285714285716
ID3511,72.0,3607.809523809524
ID4179,72.0,3486.4761904761904
ID4843,72.0,3349.190476190476
ID5507,72.0,3129.2380952380954
ID6171,72.0,3349.714285714286
ID6834,72.0,3263.0476190476193
ID2182,73.0,3982.6666666666665
ID2847,73.0,2917.8571428571427
ID3513,73.0,3584.7619047619046
ID4181,73.0,3426.095238095238
ID4845,73.0,3359.1428571428573
ID5509,73.0,3123.904761904762
ID6173,73.0,3331.809523809524
ID6836,73.0,3261.0476190476193
ID2184,74.0,3968.904761904762
ID2849,74.0,2945.714285714286
ID3515,74.0,3591.4285714285716
ID4183,74.0,3455.2380952380954
ID4847,74.0,3366.190476190476
ID5511,74.0,3112.1428571428573
ID6175,74.0,3334.904761904762
ID6838,74.0,3279.095238095238
ID2186,75.0,3983.3333333333335
ID2851,75.0,2904.6190476190477
ID3517,75.0,3574.9523809523807
ID4185,75.0,3444.5238095238096
ID4849,75.0,3368.3333333333335
ID5513,75.0,3137.2380952380954
ID6177,75.0,3333.8571428571427
ID6840,75.0,3267.3809523809523
ID2188,76.0,3982.1428571428573
ID2853,76.0,2949.714285714286
ID3519,76.0,3550.0
ID4187,76.0,3430.1428571428573
ID4851,76.0,3344.714285714286
ID5515,76.0,3140.6190476190477
ID6179,76.0,3330.285714285714
ID6842,76.0,3269.5238095238096
ID2190,77.0,3996.904761904762
ID2855,77.0,2923.809523809524
ID3521,77.0,3567.8571428571427
ID4189,77.0,3440.9523809523807
ID4853,77.0,3348.5238095238096
ID5517,77.0,3103.809523809524
ID6181,77.0,3354.0
ID6844,77.0,3245.0
ID2192,78.0,3971.6666666666665
ID2857,78.0,2942.095238095238
ID3523,78.0,3556.095238095238
ID4191,78.0,3444.0476190476193
ID4855,78.0,3344.3809523809523
ID5519,78.0,3116.7619047619046
ID6183,78.0,3360.4285714285716
ID6846,78.0,3251.809523809524
ID2194,79.0,3973.1428571428573
ID2859,79.0,2938.4285714285716
ID3525,79.0,3547.4761904761904
ID4193,79.0,3432.5714285714284
ID4857,79.0,3322.6190476190477
ID5521,79.0,3119.8571428571427
ID6185,79.0,3374.095238095238
ID6848,79.0,3226.5238095238096
ID2196,80.0,3994.7619047619046
ID2861,80.0,2915.809523809524
ID3527,80.0,3555.3333333333335
ID4195,80.0,3443.3809523809523
ID4859,80.0,3334.3333333333335
ID5523,80.0,3141.2380952380954
ID6187,80.0,3352.095238095238
ID6850,80.0,3251.1428571428573
ID2198,81.0,3987.1428571428573
ID2863,81.0,2930.4761904761904
ID3529,81.0,3570.6666666666665
ID4197,81.0,3462.0476190476193
ID4861,81.0,3338.5238095238096
ID5525,81.0,3133.5238095238096
ID6189,81.0,3403.3333333333335
ID6852,81.0,3218.0476190476193
ID2200,82.0,3965.2380952380954
ID2865,82.0,2909.9523809523807
ID3531,82.0,3546.2380952380954
ID4199,82.0,3442.714285714286
ID4863,82.0,3317.0476190476193
ID5527,82.0,3129.3333333333335
ID6191,82.0,3396.0
ID6854,82.0,3213.5714285714284
ID2202,83.0,3980.714285714286
ID2867,83.0,2925.904761904762
ID3533,83.0,3509.4285714285716
ID4201,83.0,3447.6666666666665
ID4865,83.0,3305.2380952380954
ID5529,83.0,3136.2380952380954
ID6193,83.0,3387.5714285714284
ID6856,83.0,3242.6666666666665
ID2204,84.0,3957.095238095238
ID2869,84.0,2945.7619047619046
ID3535,84.0,3517.5238095238096
ID4203,84.0,3458.0476190476193
ID4867,84.0,3251.095238095238
ID5531,84.0,3127.095238095238
ID6195,84.0,3390.6190476190477
ID6858,84.0,3215.7619047619046
ID2206,85.0,3954.285714285714
ID2871,85.0,2926.0
ID3537,85.0,3501.1428571428573
ID4205,85.0,3431.2380952380954
ID4869,85.0,3336.1428571428573
ID5533,85.0,3136.095238095238
ID6197,85.0,3373.5714285714284
ID6860,85.0,3211.3333333333335
ID2208,86.0,3953.2380952380954
ID2873,86.0,2934.5238095238096
ID3539,86.0,3489.809523809524
ID4207,86.0,3426.6190476190477
ID4871,86.0,3329.714285714286
ID5535,86.0,3106.6190476190477
ID6199,86.0,3344.8571428571427
ID6862,86.0,3222.5714285714284
ID2210,87.0,3924.8571428571427
ID2875,87.0,2923.4285714285716
ID3541,87.0,3513.9523809523807
ID4209,87.0,3424.2380952380954
ID4873,87.0,3293.7619047619046
ID5537,87.0,3124.285714285714
ID6201,87.0,3367.1428571428573
ID6864,87.0,3202.4285714285716
ID2212,88.0,3963.1428571428573
ID2877,88.0,2923.904761904762
ID3543,88.0,3460.809523809524
ID4211,88.0,3391.4285714285716
ID4875,88.0,3242.904761904762
ID5539,88.0,3081.3809523809523
ID6203,88.0,3317.285714285714
ID6866,88.0,3161.0476190476193
ID2214,89.0,3931.285714285714
ID2879,89.0,2895.3809523809523
ID3545,89.0,3512.7619047619046
ID4213,89.0,3412.095238095238
ID4877,89.0,3249.0476190476193
ID5541,89.0,3076.8571428571427
ID6205,89.0,3332.904761904762
ID6868,89.0,3154.190476190476
ID2216,90.0,3931.4761904761904
ID2881,90.0,2926.809523809524
ID3547,90.0,3487.285714285714
ID4215,90.0,3428.4285714285716
ID4879,90.0,3251.0476190476193
ID5543,90.0,3074.714285714286
ID6207,90.0,3304.6190476190477
ID6870,90.0,3132.5714285714284
ID2218,91.0,3942.5238095238096
ID2883,91.0,2908.3809523809523
ID3549,91.0,3498.5714285714284
ID4217,91.0,3407.1428571428573
ID4881,91.0,3265.904761904762
ID5545,91.0,3079.4761904761904
ID6209,91.0,3337.6190476190477
ID6872,91.0,3153.8571428571427
ID2220,92.0,3927.5714285714284
ID2885,92.0,2929.9523809523807
ID3551,92.0,3509.7619047619046
ID4219,92.0,3404.0
ID4883,92.0,3233.4761904761904
ID5547,92.0,3076.4761904761904
ID6211,92.0,3312.809523809524
ID6874,92.0,3134.095238095238
ID2222,93.0,3937.6190476190477
ID2887,93.0,2915.7619047619046
ID3553,93.0,3496.190476190476
ID4221,93.0,3389.6190476190477
ID4885,93.0,3228.4761904761904
ID5549,93.0,3084.190476190476
ID6213,93.0,3325.0476190476193
ID6876,93.0,3105.4285714285716
ID2224,94.0,3946.714285714286
ID2889,94.0,2911.4285714285716
ID3555,94.0,3481.904761904762
ID4223,94.0,3411.095238095238
ID4887,94.0,3258.904761904762
ID5551,94.0,3096.7619047619046
ID6215,94.0,3311.3809523809523
ID6878,94.0,3131.6666666666665
ID2226,95.0,3941.4761904761904
ID2891,95.0,2922.7619047619046
ID3557,95.0,3486.7619047619046
ID4225,95.0,3395.1428571428573
ID4889,95.0,3254.8571428571427
ID5553,95.0,3083.5714285714284
ID6217,95.0,3352.8571428571427
ID6880,95.0,3127.5238095238096
ID2228,96.0,3942.2380952380954
ID2893,96.0,2902.4285714285716
ID3559,96.0,3519.4285714285716
ID4227,96.0,3401.0476190476193
ID4891,96.0,3237.5238095238096
ID5555,96.0,3091.714285714286
ID6219,96.0,3347.0476190476193
ID6882,96.0,3137.095238095238
ID2230,97.0,3923.809523809524
ID2895,97.0,2933.3333333333335
ID3561,97.0,3509.714285714286
ID4229,97.0,3425.3809523809523
ID4893,97.0,3247.0476190476193
ID5557,97.0,3081.6190476190477
ID6221,97.0,3323.4285714285716
ID6884,97.0,3111.6190476190477
ID2232,98.0,3922.9523809523807
ID2897,98.0,2897.5238095238096
ID3563,98.0,3488.5238095238096
ID4231,98.0,3392.095238095238
ID4895,98.0,3226.285714285714
ID5559,98.0,3069.6666666666665
ID6223,98.0,3344.190476190476
ID6886,98.0,3125.285714285714
ID2234,99.0,3921.904761904762
ID2899,99.0,2917.904761904762
ID3565,99.0,3467.904761904762
ID4233,99.0,3393.3333333333335
ID4897,99.0,3238.714285714286
ID5561,99.0,3083.095238095238
ID6225,99.0,3383.8571428571427
ID6888,99.0,3149.3809523809523
ID2236,100.0,3945.5238095238096
ID2901,100.0,2895.285714285714
ID3567,100.0,3510.714285714286
ID4235,100.0,3443.714285714286
ID4899,100.0,3237.714285714286
ID5563,100.0,3097.5238095238096
ID6227,100.0,3361.9523809523807
ID6890,100.0,3123.714285714286
ID2238,101.0,3945.904761904762
ID2903,101.0,2913.190476190476
ID3569,101.0,3497.1428571428573
ID4237,101.0,3414.904761904762
ID4901,101.0,3237.0
ID5565,101.0,3083.9523809523807
ID6229,101.0,3376.285714285714
ID6892,101.0,3143.2380952380954
ID2240,102.0,3904.5714285714284
ID2905,102.0,2923.5238095238096
ID3571,102.0,3498.8571428571427
ID4239,102.0,3398.904761904762
ID4903,102.0,3232.095238095238
ID5567,102.0,3069.6666666666665
ID6231,102.0,3384.4761904761904
ID6894,102.0,3104.7619047619046
ID2242,103.0,3895.4285714285716
ID2907,103.0,2907.5714285714284
ID3573,103.0,3490.7619047619046
ID4241,103.0,3419.0
ID4905,103.0,3222.5238095238096
ID5569,103.0,3101.190476190476
ID6233,103.0,3389.714285714286
ID6896,103.0,3152.4761904761904
ID2244,104.0,3897.4285714285716
ID2909,104.0,2911.1428571428573
ID3575,104.0,3493.095238095238
ID4243,104.0,3398.9523809523807
ID4907,104.0,3227.0476190476193
ID5571,104.0,3072.3809523809523
ID6235,104.0,3380.095238095238
ID6898,104.0,3126.0476190476193
ID2246,105.0,3926.714285714286
ID2911,105.0,2902.0476190476193
ID3577,105.0,3487.095238095238
ID4245,105.0,3383.4761904761904
ID4909,105.0,3213.2380952380954
ID5573,105.0,3087.0476190476193
ID6237,105.0,3365.0476190476193
ID6900,105.0,3171.714285714286
ID2248,106.0,3902.4285714285716
ID2913,106.0,2895.8571428571427
ID3579,106.0,3484.3333333333335
ID4247,106.0,3392.6190476190477
ID4911,106.0,3213.285714285714
ID5575,106.0,3082.0476190476193
ID6239,106.0,3379.5238095238096
ID6902,106.0,3133.4285714285716
ID2250,107.0,3873.809523809524
ID2915,107.0,2913.3809523809523
ID3581,107.0,3506.190476190476
ID4249,107.0,3386.714285714286
ID4913,107.0,3210.095238095238
ID5577,107.0,3095.285714285714
ID6241,107.0,3374.6190476190477
ID6904,107.0,3150.5714285714284
ID2252,108.0,3892.809523809524
ID2917,108.0,2920.6190476190477
ID3583,108.0,3510.4761904761904
ID4251,108.0,3380.285714285714
ID4915,108.0,3215.9523809523807
ID5579,108.0,3089.3809523809523
ID6243,108.0,3377.2380952380954
ID6906,108.0,3150.904761904762
ID2254,109.0,3873.0
ID2919,109.0,2898.904761904762
ID3585,109.0,3512.095238095238
ID4253,109.0,3380.5238095238096
ID4917,109.0,3218.3333333333335
ID5581,109.0,3069.1428571428573
ID6245,109.0,3361.7619047619046
ID6908,109.0,3145.3333333333335
ID2256,110.0,3890.8571428571427
ID2921,110.0,2893.9523809523807
ID3587,110.0,3520.190476190476
ID4255,110.0,3387.6190476190477
ID4919,110.0,3215.8571428571427
ID5583,110.0,3064.095238095238
ID6247,110.0,3359.3333333333335
ID6910,110.0,3141.285714285714
ID2258,111.0,3886.4761904761904
ID2923,111.0,2901.0
ID3589,111.0,3509.2380952380954
ID4257,111.0,3389.095238095238
ID4921,111.0,3180.6666666666665
ID5585,111.0,3085.2380952380954
ID6249,111.0,3369.6190476190477
ID6912,111.0,3134.6666666666665
ID2260,112.0,3877.1428571428573
ID2925,112.0,2880.1428571428573
ID3591,112.0,3535.5238095238096
ID4259,112.0,3384.5714285714284
ID4923,112.0,3215.4285714285716
ID5587,112.0,3089.6666666666665
ID6251,112.0,3374.7619047619046
ID6914,112.0,3157.714285714286
ID2262,113.0,3833.5714285714284
ID2927,113.0,2915.190476190476
ID3593,113.0,3533.6190476190477
ID4261,113.0,3392.9523809523807
ID4925,113.0,3218.0476190476193
ID5589,113.0,3084.285714285714
ID6253,113.0,3372.7619047619046
ID6916,113.0,3162.3333333333335
ID2264,114.0,3829.095238095238
ID2929,114.0,2900.6666666666665
ID3595,114.0,3490.3809523809523
ID4263,114.0,3373.9523809523807
ID4927,114.0,3223.8571428571427
ID5591,114.0,3066.3809523809523
ID6255,114.0,3385.9523809523807
ID6918,114.0,3142.809523809524
ID2266,115.0,3870.0476190476193
ID2931,115.0,2896.2380952380954
ID3597,115.0,3514.3333333333335
ID4265,115.0,3360.3809523809523
ID4929,115.0,3184.5714285714284
ID5593,115.0,3060.5238095238096
ID6257,115.0,3387.8571428571427
ID6920,115.0,3147.6666666666665
ID2268,116.0,3863.285714285714
ID2933,116.0,2891.5238095238096
ID3599,116.0,3503.190476190476
ID4267,116.0,3407.190476190476
ID4931,116.0,3198.095238095238
ID5595,116.0,3075.2380952380954
ID6259,116.0,3394.5238095238096
ID6922,116.0,3142.714285714286
ID2270,117.0,3832.5238095238096
ID2935,117.0,2895.0476190476193
ID3601,117.0,3513.0
ID4269,117.0,3384.6190476190477
ID4933,117.0,3201.5238095238096
ID5597,117.0,3077.8571428571427
ID6261,117.0,3374.904761904762
ID6924,117.0,3164.4285714285716
ID2272,118.0,3847.5714285714284
ID2937,118.0,2872.6190476190477
ID3603,118.0,3469.7619047619046
ID4271,118.0,3391.5238095238096
ID4935,118.0,3184.3333333333335
ID5599,118.0,3061.9523809523807
ID6263,118.0,3384.4285714285716
ID6926,118.0,3154.1428571428573
ID2274,119.0,3826.3809523809523
ID2939,119.0,2860.714285714286
ID3605,119.0,3517.095238095238
ID4273,119.0,3385.6666666666665
ID4937,119.0,3194.0
ID5601,119.0,3059.904761904762
ID6265,119.0,3366.0
ID6928,119.0,3135.6190476190477
ID2276,120.0,3849.190476190476
ID2941,120.0,2892.6666666666665
ID3607,120.0,3492.1428571428573
ID4275,120.0,3392.4285714285716
ID4939,120.0,3198.4761904761904
ID5603,120.0,3055.9523809523807
ID6267,120.0,3345.904761904762
ID6930,120.0,3155.0476190476193
ID2278,121.0,3798.0
ID2943,121.0,2883.190476190476
ID3609,121.0,3488.2380952380954
ID4277,121.0,3387.2380952380954
ID4941,121.0,3201.714285714286
ID5605,121.0,3061.1428571428573
ID6269,121.0,3358.2380952380954
ID6932,121.0,3150.3809523809523
ID2280,122.0,3790.0476190476193
ID2945,122.0,2881.6190476190477
ID3611,122.0,3499.1428571428573
ID4279,122.0,3364.095238095238
ID4943,122.0,3208.3333333333335
ID5607,122.0,3073.4285714285716
ID6271,122.0,3365.7619047619046
ID6934,122.0,3145.0476190476193
ID2282,123.0,3794.4761904761904
ID2947,123.0,2878.3333333333335
ID3613,123.0,3505.904761904762
ID4281,123.0,3366.5714285714284
ID4945,123.0,3181.7619047619046
ID5609,123.0,3051.9523809523807
ID6273,123.0,3352.190476190476
ID6936,123.0,3144.0
ID2284,124.0,3766.1428571428573
ID2949,124.0,2864.6666666666665
ID3615,124.0,3480.8571428571427
ID4283,124.0,3381.3809523809523
ID4947,124.0,3191.3333333333335
ID5611,124.0,3066.3809523809523
ID6275,124.0,3347.7619047619046
ID6938,124.0,3167.5714285714284
ID2286,125.0,3741.904761904762
ID2951,125.0,2883.0
ID3617,125.0,3508.6190476190477
ID4285,125.0,3378.8571428571427
ID4949,125.0,3263.8571428571427
ID5613,125.0,3078.285714285714
ID6277,125.0,3333.3333333333335
ID6940,125.0,3149.9523809523807
ID2288,126.0,3768.6190476190477
ID2953,126.0,2891.285714285714
ID3619,126.0,3512.1428571428573
ID4287,126.0,3386.9523809523807
ID4951,126.0,3268.9523809523807
ID5615,126.0,3057.714285714286
ID6279,126.0,3345.5714285714284
ID6942,126.0,3159.7619047619046
ID2290,127.0,3772.5714285714284
ID2955,127.0,2886.4285714285716
ID3621,127.0,3488.809523809524
ID4289,127.0,3391.1428571428573
ID4953,127.0,3264.714285714286
ID5617,127.0,3071.5238095238096
ID6281,127.0,3338.0476190476193
ID6944,127.0,3163.904761904762
ID2292,128.0,3758.3333333333335
ID2957,128.0,2888.3809523809523
ID3623,128.0,3517.7619047619046
ID4291,128.0,3391.714285714286
ID4955,128.0,3255.0
ID5619,128.0,3047.5238095238096
ID6283,128.0,3418.0
ID6946,128.0,3136.904761904762
ID2294,129.0,3736.904761904762
ID2959,129.0,2871.809523809524
ID3625,129.0,3482.2380952380954
ID4293,129.0,3364.285714285714
ID4957,129.0,3203.4761904761904
ID5621,129.0,3066.3333333333335
ID6285,129.0,3357.3809523809523
ID6948,129.0,3144.6666666666665
ID2296,130.0,3746.8571428571427
ID2961,130.0,2902.5238095238096
ID3627,130.0,3512.3333333333335
ID4295,130.0,3386.095238095238
ID4959,130.0,3201.6190476190477
ID5623,130.0,3058.6666666666665
ID6287,130.0,3372.809523809524
ID6950,130.0,3144.5238095238096
ID2298,131.0,3761.285714285714
ID2963,131.0,2888.2380952380954
ID3629,131.0,3517.5238095238096
ID4297,131.0,3357.5238095238096
ID4961,131.0,3208.4285714285716
ID5625,131.0,3066.7619047619046
ID6289,131.0,3344.5714285714284
ID6952,131.0,3178.8571428571427
ID2300,132.0,3699.4285714285716
ID2965,132.0,2898.285714285714
ID3631,132.0,3494.5714285714284
ID4299,132.0,3339.714285714286
ID4963,132.0,3185.4761904761904
ID5627,132.0,3041.6190476190477
ID6291,132.0,3296.4761904761904
ID6954,132.0,3151.4285714285716
ID2302,133.0,3729.190476190476
ID2967,133.0,2870.7619047619046
ID3633,133.0,3471.3333333333335
ID4301,133.0,3344.2380952380954
ID4965,133.0,3199.4285714285716
ID5629,133.0,3047.5238095238096
ID6293,133.0,3304.5714285714284
ID6956,133.0,3165.8571428571427
ID2304,134.0,3702.904761904762
ID2969,134.0,2876.285714285714
ID3635,134.0,3475.4285714285716
ID4303,134.0,3372.8571428571427
ID4967,134.0,3192.7619047619046
ID5631,134.0,3053.1428571428573
ID6295,134.0,3289.3333333333335
ID6958,134.0,3158.6190476190477
ID2306,135.0,3727.2380952380954
ID2971,135.0,2858.904761904762
ID3637,135.0,3489.0476190476193
ID4305,135.0,3365.0476190476193
ID4969,135.0,3170.285714285714
ID5633,135.0,3053.714285714286
ID6297,135.0,3302.1428571428573
ID6960,135.0,3146.6190476190477
ID2308,136.0,3731.714285714286
ID2973,136.0,2885.6666666666665
ID3639,136.0,3461.7619047619046
ID4307,136.0,3368.3333333333335
ID4971,136.0,3193.6666666666665
ID5635,136.0,3042.7619047619046
ID6299,136.0,3305.3809523809523
ID6962,136.0,3142.4285714285716
ID2310,137.0,3699.4761904761904
ID2975,137.0,2877.6666666666665
ID3641,137.0,3487.5714285714284
ID4309,137.0,3327.5714285714284
ID4973,137.0,3167.5714285714284
ID5637,137.0,3040.3809523809523
ID6301,137.0,3284.0
ID6964,137.0,3127.0476190476193
ID2312,138.0,3719.0
ID2977,138.0,2879.4285714285716
ID3643,138.0,3514.7619047619046
ID4311,138.0,3384.8571428571427
ID4975,138.0,3195.190476190476
ID5639,138.0,3061.1428571428573
ID6303,138.0,3280.2380952380954
ID6966,138.0,3137.3809523809523
ID2314,139.0,3728.1428571428573
ID2979,139.0,2860.4761904761904
ID3645,139.0,3466.7619047619046
ID4313,139.0,3355.9523809523807
ID4977,139.0,3180.904761904762
ID5641,139.0,3033.809523809524
ID6305,139.0,3291.3809523809523
ID6968,139.0,3156.2380952380954
ID2316,140.0,3729.5714285714284
ID2981,140.0,2859.0476190476193
ID3647,140.0,3486.5714285714284
ID4315,140.0,3348.9523809523807
ID4979,140.0,3186.0476190476193
ID5643,140.0,3029.809523809524
ID6307,140.0,3288.9523809523807
ID6970,140.0,3154.4761904761904
ID2318,141.0,3681.1428571428573
ID2983,141.0,2859.4285714285716
ID3649,141.0,3473.4285714285716
ID4317,141.0,3363.1428571428573
ID4981,141.0,3190.285714285714
ID5645,141.0,3056.285714285714
ID6309,141.0,3342.714285714286
ID6972,141.0,3131.1428571428573
ID2320,142.0,3658.904761904762
ID2985,142.0,2864.3333333333335
ID3651,142.0,3484.6666666666665
ID4319,142.0,3362.8571428571427
ID4983,142.0,3183.095238095238
ID5647,142.0,3031.1428571428573
ID6311,142.0,3330.0476190476193
ID6974,142.0,3132.0476190476193
ID2322,143.0,3656.6190476190477
ID2987,143.0,2862.095238095238
ID3653,143.0,3496.6190476190477
ID4321,143.0,3372.8571428571427
ID4985,143.0,3158.0
ID5649,143.0,3058.6190476190477
ID6313,143.0,3312.5714285714284
ID6976,143.0,3152.4285714285716
ID2324,144.0,3663.4285714285716
ID2989,144.0,2865.190476190476
ID3655,144.0,3467.3809523809523
ID4323,144.0,3337.5238095238096
ID4987,144.0,3188.0476190476193
ID5651,144.0,3048.5714285714284
ID6315,144.0,3337.4761904761904
ID6978,144.0,3160.6190476190477
ID2326,145.0,3679.809523809524
ID2991,145.0,2852.714285714286
ID3657,145.0,3474.285714285714
ID4325,145.0,3366.714285714286
ID4989,145.0,3171.809523809524
ID5653,145.0,3059.285714285714
ID6317,145.0,3341.8571428571427
ID6980,145.0,3149.5714285714284
ID2328,146.0,3676.0476190476193
ID2993,146.0,2852.6666666666665
ID3659,146.0,3461.714285714286
ID4327,146.0,3352.095238095238
ID4991,146.0,3185.9523809523807
ID5655,146.0,3058.095238095238
ID6319,146.0,3318.2380952380954
ID6982,146.0,3130.904761904762
ID2330,147.0,3672.6190476190477
ID2995,147.0,2858.3809523809523
ID3661,147.0,3457.809523809524
ID4329,147.0,3349.5714285714284
ID4993,147.0,3194.8571428571427
ID5657,147.0,3026.7619047619046
ID6321,147.0,3318.190476190476
ID6984,147.0,3148.7619047619046
ID2332,148.0,3678.6190476190477
ID2997,148.0,2853.285714285714
ID3663,148.0,3454.285714285714
ID4331,148.0,3350.0
ID4995,148.0,3179.095238095238
ID5659,148.0,3033.7619047619046
ID6323,148.0,3334.2380952380954
ID6986,148.0,3170.714285714286
ID2334,149.0,3677.5238095238096
ID2999,149.0,2849.714285714286
ID3665,149.0,3445.3333333333335
ID4333,149.0,3364.9523809523807
ID4997,149.0,3183.0
ID5661,149.0,3028.809523809524
ID6325,149.0,3304.8571428571427
ID6988,149.0,3157.5238095238096
ID2336,150.0,3685.6666666666665
ID3001,150.0,2876.3333333333335
ID3667,150.0,3442.714285714286
ID4335,150.0,3365.190476190476
ID4999,150.0,3155.6190476190477
ID5663,150.0,3034.285714285714
ID6327,150.0,3299.6190476190477
ID6990,150.0,3153.3809523809523
ID2338,151.0,3694.0
ID3003,151.0,2859.4285714285716
ID3669,151.0,3459.6190476190477
ID4337,151.0,3373.8571428571427
ID5001,151.0,3150.3333333333335
ID5665,151.0,3045.285714285714
ID6329,151.0,3306.095238095238
ID6992,151.0,3125.4761904761904
ID2340,152.0,3661.095238095238
ID3005,152.0,2889.4761904761904
ID3671,152.0,3477.9523809523807
ID4339,152.0,3343.7619047619046
ID5003,152.0,3171.5714285714284
ID5667,152.0,3036.9523809523807
ID6331,152.0,3302.285714285714
ID6994,152.0,3171.190476190476
ID2342,153.0,3644.5238095238096
ID3007,153.0,2880.0
ID3673,153.0,3499.714285714286
ID4341,153.0,3362.6190476190477
ID5005,153.0,3175.0476190476193
ID5669,153.0,3041.3809523809523
ID6333,153.0,3320.7619047619046
ID6996,153.0,3153.3809523809523
ID2344,154.0,3657.6190476190477
ID3009,154.0,2889.6190476190477
ID3675,154.0,3464.285714285714
ID4343,154.0,3366.0476190476193
ID5007,154.0,3157.809523809524
ID5671,154.0,3011.0
ID6335,154.0,3299.9523809523807
ID6998,154.0,3171.5714285714284
ID2346,155.0,3670.3809523809523
ID3011,155.0,2865.7619047619046
ID3677,155.0,3466.285714285714
ID4345,155.0,3363.190476190476
ID5009,155.0,3150.2380952380954
ID5673,155.0,3033.190476190476
ID6337,155.0,3326.3333333333335
ID7000,155.0,3157.190476190476
ID2348,156.0,3675.3333333333335
ID3013,156.0,2873.3333333333335
ID3679,156.0,3446.2380952380954
ID4347,156.0,3358.4285714285716
ID5011,156.0,3168.190476190476
ID5675,156.0,3035.4285714285716
ID6339,156.0,3300.1428571428573
ID7002,156.0,3203.904761904762
ID2350,157.0,3682.714285714286
ID3015,157.0,2869.0
ID3681,157.0,3472.190476190476
ID4349,157.0,3357.4761904761904
ID5013,157.0,3166.4761904761904
ID5677,157.0,3034.4761904761904
ID6341,157.0,3290.3809523809523
ID7004,157.0,3204.7619047619046
ID2352,158.0,3676.1428571428573
ID3017,158.0,2849.1428571428573
ID3683,158.0,3439.0476190476193
ID4351,158.0,3313.904761904762
ID5015,158.0,3150.3809523809523
ID5679,158.0,3026.7619047619046
ID6343,158.0,3307.714285714286
ID7006,158.0,3183.4285714285716
ID2354,159.0,3651.285714285714
ID3019,159.0,2873.6666666666665
ID3685,159.0,3496.2380952380954
ID4353,159.0,3373.7619047619046
ID5017,159.0,3147.2380952380954
ID5681,159.0,3041.6666666666665
ID6345,159.0,3291.8571428571427
ID7008,159.0,3180.2380952380954
ID2356,160.0,3668.4761904761904
ID3021,160.0,2838.4761904761904
ID3687,160.0,3489.904761904762
ID4355,160.0,3362.5238095238096
ID5019,160.0,3205.3809523809523
ID5683,160.0,3019.285714285714
ID6347,160.0,3305.6190476190477
ID7010,160.0,3194.9523809523807
ID2358,161.0,3614.6666666666665
ID3023,161.0,2848.7619047619046
ID3689,161.0,3464.3333333333335
ID4357,161.0,3371.809523809524
ID5021,161.0,3179.714285714286
ID5685,161.0,3041.714285714286
ID6349,161.0,3326.7619047619046
ID7012,161.0,3192.5714285714284
ID2360,162.0,3649.1428571428573
ID3025,162.0,2883.809523809524
ID3691,162.0,3477.2380952380954
ID4359,162.0,3376.904761904762
ID5023,162.0,3194.3809523809523
ID5687,162.0,3050.095238095238
ID6351,162.0,3316.5714285714284
ID7014,162.0,3227.095238095238
ID2362,163.0,3632.4285714285716
ID3027,163.0,2877.4285714285716
ID3693,163.0,3484.5714285714284
ID4361,163.0,3360.6666666666665
ID5025,163.0,3199.9523809523807
ID5689,163.0,3046.714285714286
ID6353,163.0,3315.904761904762
ID7016,163.0,3183.1428571428573
ID2364,164.0,3614.904761904762
ID3029,164.0,2868.904761904762
ID3695,164.0,3478.3809523809523
ID4363,164.0,3375.0
ID5027,164.0,3211.3809523809523
ID5691,164.0,3056.809523809524
ID6355,164.0,3326.5714285714284
ID7018,164.0,3193.6190476190477
ID2366,165.0,3664.095238095238
ID3031,165.0,2867.1428571428573
ID3697,165.0,3467.190476190476
ID4365,165.0,3378.9523809523807
ID5029,165.0,3208.285714285714
ID5693,165.0,3045.3333333333335
ID6357,165.0,3299.2380952380954
ID7020,165.0,3214.9523809523807
ID2368,166.0,3637.4285714285716
ID3033,166.0,2860.5238095238096
ID3699,166.0,3486.285714285714
ID4367,166.0,3360.2380952380954
ID5031,166.0,3201.6190476190477
ID5695,166.0,3031.5714285714284
ID6359,166.0,3307.714285714286
ID7022,166.0,3197.9523809523807
ID2370,167.0,3663.5714285714284
ID3035,167.0,2892.8571428571427
ID3701,167.0,3490.3333333333335
ID4369,167.0,3368.5238095238096
ID5033,167.0,3169.5714285714284
ID5697,167.0,3050.2380952380954
ID6361,167.0,3301.4761904761904
ID7024,167.0,3210.5238095238096
ID2372,168.0,3688.2380952380954
ID3037,168.0,2875.809523809524
ID3703,168.0,3486.7619047619046
ID4371,168.0,3396.9523809523807
ID5035,168.0,3157.095238095238
ID5699,168.0,3066.1428571428573
ID6363,168.0,3352.1428571428573
ID7026,168.0,3247.095238095238
ID2374,169.0,3614.714285714286
ID3039,169.0,2884.0
ID3705,169.0,3468.5714285714284
ID4373,169.0,3367.904761904762
ID5037,169.0,3146.5238095238096
ID5701,169.0,3063.190476190476
ID6365,169.0,3332.285714285714
ID7028,169.0,3239.7619047619046
ID2376,170.0,3654.8571428571427
ID3041,170.0,2868.9523809523807
ID3707,170.0,3502.6666666666665
ID4375,170.0,3366.3809523809523
ID5039,170.0,3144.904761904762
ID5703,170.0,3024.9523809523807
ID6367,170.0,3350.190476190476
ID7030,170.0,3234.7619047619046
ID2378,171.0,3647.5714285714284
ID3043,171.0,2869.6666666666665
ID3709,171.0,3453.904761904762
ID4377,171.0,3364.2380952380954
ID5041,171.0,3156.1428571428573
ID5705,171.0,3047.4761904761904
ID6369,171.0,3320.4285714285716
ID7032,171.0,3264.7619047619046
ID2380,172.0,3655.4285714285716
ID3045,172.0,2849.6190476190477
ID3711,172.0,3502.3809523809523
ID4379,172.0,3354.190476190476
ID5043,172.0,3149.285714285714
ID5707,172.0,3045.2380952380954
ID6371,172.0,3320.3333333333335
ID7034,172.0,3253.095238095238
ID2382,173.0,3647.5714285714284
ID3047,173.0,2879.9523809523807
ID3713,173.0,3512.190476190476
ID4381,173.0,3388.9523809523807
ID5045,173.0,3166.904761904762
ID5709,173.0,3049.2380952380954
ID6373,173.0,3335.9523809523807
ID7036,173.0,3249.2380952380954
ID2384,174.0,3642.904761904762
ID3049,174.0,2870.904761904762
ID3715,174.0,3498.285714285714
ID4383,174.0,3393.0
ID5047,174.0,3170.1428571428573
ID5711,174.0,3050.190476190476
ID6375,174.0,3349.9523809523807
ID7038,174.0,3257.8571428571427
ID2386,175.0,3663.9523809523807
ID3051,175.0,2868.904761904762
ID3717,175.0,3490.6666666666665
ID4385,175.0,3360.8571428571427
ID5049,175.0,3136.2380952380954
ID5713,175.0,3029.285714285714
ID6377,175.0,3318.3809523809523
ID7040,175.0,3235.904761904762
ID2388,176.0,3623.5238095238096
ID3053,176.0,2861.095238095238
ID3719,176.0,3487.095238095238
ID4387,176.0,3378.3333333333335
ID5051,176.0,3128.3333333333335
ID5715,176.0,3035.6190476190477
ID6379,176.0,3339.714285714286
ID7042,176.0,3226.2380952380954
ID2390,177.0,3618.5714285714284
ID3055,177.0,2886.3333333333335
ID3721,177.0,3489.2380952380954
ID4389,177.0,3375.3809523809523
ID5053,177.0,3190.2380952380954
ID5717,177.0,3020.9523809523807
ID6381,177.0,3337.714285714286
ID7044,177.0,3211.1428571428573
ID2392,178.0,3630.4285714285716
ID3057,178.0,2854.714285714286
ID3723,178.0,3524.1428571428573
ID4391,178.0,3410.3809523809523
ID5055,178.0,3161.3333333333335
ID5719,178.0,3038.714285714286
ID6383,178.0,3363.7619047619046
ID7046,178.0,3207.1428571428573
ID2394,179.0,3604.8571428571427
ID3059,179.0,2874.3333333333335
ID3725,179.0,3498.8571428571427
ID4393,179.0,3373.9523809523807
ID5057,179.0,3156.285714285714
ID5721,179.0,3030.6190476190477
ID6385,179.0,3349.904761904762
ID7048,179.0,3239.190476190476
ID2396,180.0,3634.3809523809523
ID3061,180.0,2892.5238095238096
ID3727,180.0,3500.4761904761904
ID4395,180.0,3409.6190476190477
ID5059,180.0,3172.9523809523807
ID5723,180.0,3027.6666666666665
ID6387,180.0,3354.0476190476193
ID7050,180.0,3225.095238095238
ID2398,181.0,3626.5714285714284
ID3063,181.0,2876.6190476190477
ID3729,181.0,3459.9523809523807
ID4397,181.0,3374.3809523809523
ID5061,181.0,3133.4761904761904
ID5725,181.0,3021.809523809524
ID6389,181.0,3351.0476190476193
ID7052,181.0,3224.0
ID2400,182.0,3601.285714285714
ID3065,182.0,2868.809523809524
ID3731,182.0,3491.4761904761904
ID4399,182.0,3406.4285714285716
ID5063,182.0,3162.4285714285716
ID5727,182.0,3044.904761904762
ID6391,182.0,3352.3809523809523
ID7054,182.0,3230.095238095238
ID2402,183.0,3631.1428571428573
ID3067,183.0,2887.3333333333335
ID3733,183.0,3498.9523809523807
ID4401,183.0,3393.1428571428573
ID5065,183.0,3153.2380952380954
ID5729,183.0,3033.714285714286
ID6393,183.0,3343.809523809524
ID7056,183.0,3248.904761904762
ID2404,184.0,3621.5714285714284
ID3069,184.0,2881.285714285714
ID3735,184.0,3506.095238095238
ID4403,184.0,3414.1428571428573
ID5067,184.0,3175.3809523809523
ID5731,184.0,3036.1428571428573
ID6395,184.0,3351.3333333333335
ID7058,184.0,3223.6666666666665
ID2406,185.0,3608.904761904762
ID3071,185.0,2894.095238095238
ID3737,185.0,3491.6666666666665
ID4405,185.0,3390.4761904761904
ID5069,185.0,3143.095238095238
ID5733,185.0,3026.190476190476
ID6397,185.0,3392.095238095238
ID7060,185.0,3198.904761904762
ID2408,186.0,3604.095238095238
ID3073,186.0,2873.095238095238
ID3739,186.0,3484.3333333333335
ID4407,186.0,3411.7619047619046
ID5071,186.0,3170.3333333333335
ID5735,186.0,3035.4761904761904
ID6399,186.0,3370.3333333333335
ID7062,186.0,3201.9523809523807
ID2410,187.0,3610.190476190476
ID3075,187.0,2870.1428571428573
ID3741,187.0,3483.0476190476193
ID4409,187.0,3375.4761904761904
ID5073,187.0,3169.190476190476
ID5737,187.0,3027.0476190476193
ID6401,187.0,3347.809523809524
ID7064,187.0,3213.095238095238
ID2412,188.0,3600.2380952380954
ID3077,188.0,2886.3809523809523
ID3743,188.0,3478.904761904762
ID4411,188.0,3391.904761904762
ID5075,188.0,3150.285714285714
ID5739,188.0,3029.4285714285716
ID6403,188.0,3340.2380952380954
ID7066,188.0,3235.3333333333335
ID2414,189.0,3569.7619047619046
ID3079,189.0,2884.1428571428573
ID3745,189.0,3505.095238095238
ID4413,189.0,3375.2380952380954
ID5077,189.0,3188.714285714286
ID5741,189.0,3023.4285714285716
ID6405,189.0,3350.285714285714
ID7068,189.0,3196.095238095238
ID2416,190.0,3573.904761904762
ID3081,190.0,2858.095238095238
ID3747,190.0,3453.0
ID4415,190.0,3387.4761904761904
ID5079,190.0,3178.3809523809523
ID5743,190.0,3026.6190476190477
ID6407,190.0,3324.904761904762
ID7070,190.0,3201.2380952380954
ID2418,191.0,3590.095238095238
ID3083,191.0,2858.0476190476193
ID3749,191.0,3500.3333333333335
ID4417,191.0,3397.0
ID5081,191.0,3143.8571428571427
ID5745,191.0,3034.190476190476
ID6409,191.0,3346.1428571428573
ID7072,191.0,3200.1428571428573
ID2420,192.0,3603.809523809524
ID3085,192.0,2869.809523809524
ID3751,192.0,3468.2380952380954
ID4419,192.0,3405.4761904761904
ID5083,192.0,3162.3333333333335
ID5747,192.0,3011.904761904762
ID6411,192.0,3350.6190476190477
ID7074,192.0,3215.285714285714
ID2422,193.0,3616.809523809524
ID3087,193.0,2868.8571428571427
ID3753,193.0,3469.3809523809523
ID4421,193.0,3405.7619047619046
ID5085,193.0,3168.8571428571427
ID5749,193.0,3026.3809523809523
ID6413,193.0,3345.285714285714
ID7076,193.0,3215.285714285714
ID2424,194.0,3583.7619047619046
ID3089,194.0,2875.3809523809523
ID3755,194.0,3450.714285714286
ID4423,194.0,3415.6666666666665
ID5087,194.0,3166.5714285714284
ID5751,194.0,3035.3333333333335
ID6415,194.0,3342.4285714285716
ID7078,194.0,3205.8571428571427
ID2426,195.0,3606.0476190476193
ID3091,195.0,2858.3809523809523
ID3757,195.0,3479.095238095238
ID4425,195.0,3439.714285714286
ID5089,195.0,3163.7619047619046
ID5753,195.0,3029.095238095238
ID6417,195.0,3342.4761904761904
ID7080,195.0,3195.4285714285716
ID2428,196.0,3596.3809523809523
ID3093,196.0,2875.4761904761904
ID3759,196.0,3482.9523809523807
ID4427,196.0,3390.904761904762
ID5091,196.0,3173.3333333333335
ID5755,196.0,3028.285714285714
ID6419,196.0,3342.4285714285716
ID7082,196.0,3188.0476190476193
ID2430,197.0,3566.095238095238
ID3095,197.0,2864.904761904762
ID3761,197.0,3473.4761904761904
ID4429,197.0,3390.1428571428573
ID5093,197.0,3183.7619047619046
ID5757,197.0,3031.9523809523807
ID6421,197.0,3315.6666666666665
ID7084,197.0,3172.0
ID2432,198.0,3582.809523809524
ID3097,198.0,2876.9523809523807
ID3763,198.0,3476.809523809524
ID4431,198.0,3391.9523809523807
ID5095,198.0,3162.3809523809523
ID5759,198.0,3071.6666666666665
ID6423,198.0,3341.4285714285716
ID7086,198.0,3168.190476190476
ID2434,199.0,3554.3333333333335
ID3099,199.0,2845.8571428571427
ID3765,199.0,3460.714285714286
ID4433,199.0,3387.190476190476
ID5097,199.0,3130.904761904762
ID5761,199.0,3012.7619047619046
ID6425,199.0,3340.095238095238
ID7088,199.0,3183.3809523809523
ID2436,200.0,3567.4761904761904
ID3101,200.0,2877.5714285714284
ID3767,200.0,3447.0
ID4435,200.0,3423.9523809523807
ID5099,200.0,3166.8571428571427
ID5763,200.0,3039.2380952380954
ID6427,200.0,3317.3809523809523
ID7090,200.0,3178.285714285714
ID2438,201.0,3594.0
ID3103,201.0,2870.5714285714284
ID3769,201.0,3439.2380952380954
ID4437,201.0,3388.4285714285716
ID5101,201.0,3150.7619047619046
ID5765,201.0,3025.809523809524
ID6429,201.0,3327.809523809524
ID7092,201.0,3166.6666666666665
ID2440,202.0,3562.4285714285716
ID3105,202.0,2886.7619047619046
ID3771,202.0,3470.904761904762
ID4439,202.0,3389.3333333333335
ID5103,202.0,3153.714285714286
ID5767,202.0,3026.714285714286
ID6431,202.0,3321.4285714285716
ID7094,202.0,3183.0476190476193
ID2442,203.0,3581.7619047619046
ID3107,203.0,2880.3809523809523
ID3773,203.0,3453.1428571428573
ID4441,203.0,3399.095238095238
ID5105,203.0,3178.714285714286
ID5769,203.0,3012.6190476190477
ID6433,203.0,3361.1428571428573
ID7096,203.0,3185.0
ID2444,204.0,3556.095238095238
ID3109,204.0,2842.3333333333335
ID3775,204.0,3476.4285714285716
ID4443,204.0,3391.0476190476193
ID5107,204.0,3145.5714285714284
ID5771,204.0,3033.5714285714284
ID6435,204.0,3319.0
ID7098,204.0,3162.714285714286
ID2446,205.0,3560.6190476190477
ID3111,205.0,2875.1428571428573
ID3777,205.0,3441.3809523809523
ID4445,205.0,3380.285714285714
ID5109,205.0,3157.4285714285716
ID5773,205.0,3014.190476190476
ID6437,205.0,3332.190476190476
ID7100,205.0,3148.5714285714284
ID2448,206.0,3570.9523809523807
ID3113,206.0,2864.7619047619046
ID3779,206.0,3436.0
ID4447,206.0,3387.904761904762
ID5111,206.0,3133.285714285714
ID5775,206.0,3047.1428571428573
ID6439,206.0,3323.4285714285716
ID7102,206.0,3177.190476190476
ID2450,207.0,3543.285714285714
ID3115,207.0,2866.9523809523807
ID3781,207.0,3460.1428571428573
ID4449,207.0,3387.2380952380954
ID5113,207.0,3155.3333333333335
ID5777,207.0,3022.2380952380954
ID6441,207.0,3328.2380952380954
ID7104,207.0,3171.1428571428573
ID2452,208.0,3554.5238095238096
ID3117,208.0,2868.904761904762
ID3783,208.0,3395.809523809524
ID4451,208.0,3381.285714285714
ID5115,208.0,3138.3333333333335
ID5779,208.0,3008.2380952380954
ID6443,208.0,3322.0476190476193
ID7106,208.0,3157.190476190476
ID2454,209.0,3538.0476190476193
ID3119,209.0,2862.5238095238096
ID3785,209.0,3444.8571428571427
ID4453,209.0,3390.714285714286
ID5117,209.0,3121.190476190476
ID5781,209.0,3010.0476190476193
ID6445,209.0,3323.6190476190477
ID7108,209.0,3162.2380952380954
ID2456,210.0,3530.5714285714284
ID3121,210.0,2852.4285714285716
ID3787,210.0,3410.1428571428573
ID4455,210.0,3392.8571428571427
ID5119,210.0,3126.8571428571427
ID5783,210.0,3016.9523809523807
ID6447,210.0,3322.2380952380954
ID7110,210.0,3164.5714285714284
ID2458,211.0,3522.8571428571427
ID3123,211.0,2869.6666666666665
ID3789,211.0,3407.1428571428573
ID4457,211.0,3381.4285714285716
ID5121,211.0,3134.904761904762
ID5785,211.0,3017.4761904761904
ID6449,211.0,3333.3809523809523
ID7112,211.0,3146.6190476190477
ID2460,212.0,3508.5714285714284
ID3125,212.0,2856.4285714285716
ID3791,212.0,3450.6190476190477
ID4459,212.0,3372.809523809524
ID5123,212.0,3173.904761904762
ID5787,212.0,3022.6190476190477
ID6451,212.0,3324.190476190476
ID7114,212.0,3147.4761904761904
ID2462,213.0,3497.8571428571427
ID3127,213.0,2873.0
ID3793,213.0,3414.9523809523807
ID4461,213.0,3410.6190476190477
ID5125,213.0,3194.4761904761904
ID5789,213.0,3023.5714285714284
ID6453,213.0,3315.714285714286
ID7116,213.0,3155.095238095238
ID2464,214.0,3518.4285714285716
ID3129,214.0,2856.714285714286
ID3795,214.0,3422.809523809524
ID4463,214.0,3386.809523809524
ID5127,214.0,3185.3809523809523
ID5791,214.0,3021.1428571428573
ID6455,214.0,3311.9523809523807
ID7118,214.0,3140.5714285714284
ID2466,215.0,3518.5238095238096
ID3131,215.0,2857.904761904762
ID3797,215.0,3411.3809523809523
ID4465,215.0,3394.4285714285716
ID5129,215.0,3162.809523809524
ID5793,215.0,3034.5238095238096
ID6457,215.0,3323.8571428571427
ID7120,215.0,3130.0476190476193
ID2468,216.0,3495.3333333333335
ID3133,216.0,2875.1428571428573
ID3799,216.0,3397.2380952380954
ID4467,216.0,3384.6666666666665
ID5131,216.0,3182.5714285714284
ID5795,216.0,3038.3809523809523
ID6459,216.0,3324.0476190476193
ID7122,216.0,3151.5238095238096
ID2470,217.0,3526.4761904761904
ID3135,217.0,2849.1428571428573
ID3801,217.0,3403.3809523809523
ID4469,217.0,3360.095238095238
ID5133,217.0,3160.190476190476
ID5797,217.0,3028.9523809523807
ID6461,217.0,3326.5714285714284
ID7124,217.0,3135.8571428571427
ID2472,218.0,3519.4285714285716
ID3137,218.0,2856.7619047619046
ID3803,218.0,3431.9523809523807
ID4471,218.0,3394.7619047619046
ID5135,218.0,3155.6666666666665
ID5799,218.0,3017.0476190476193
ID6463,218.0,3334.904761904762
ID7126,218.0,3134.190476190476
ID2474,219.0,3459.904761904762
ID3139,219.0,2869.5238095238096
ID3805,219.0,3396.6666666666665
ID4473,219.0,3388.3333333333335
ID5137,219.0,3156.3333333333335
ID5801,219.0,3042.7619047619046
ID6465,219.0,3358.2380952380954
ID7128,219.0,3141.3809523809523
ID2476,220.0,3496.714285714286
ID3141,220.0,2851.904761904762
ID3807,220.0,3436.4761904761904
ID4475,220.0,3368.809523809524
ID5139,220.0,3147.6666666666665
ID5803,220.0,3029.4761904761904
ID6467,220.0,3348.285714285714
ID7130,220.0,3144.285714285714
ID2478,221.0,3474.5714285714284
ID3143,221.0,2849.714285714286
ID3809,221.0,3421.5238095238096
ID4477,221.0,3371.095238095238
ID5141,221.0,3159.5714285714284
ID5805,221.0,3009.0
ID6469,221.0,3331.809523809524
ID7132,221.0,3156.3333333333335
ID2480,222.0,3500.5714285714284
ID3145,222.0,2855.6666666666665
ID3811,222.0,3424.1428571428573
ID4479,222.0,3407.0
ID5143,222.0,3163.6666666666665
ID5807,222.0,3003.3333333333335
ID6471,222.0,3368.9523809523807
ID7134,222.0,3179.3809523809523
ID2482,223.0,3496.6666666666665
ID3147,223.0,2834.2380952380954
ID3813,223.0,3429.3333333333335
ID4481,223.0,3373.8571428571427
ID5145,223.0,3164.285714285714
ID5809,223.0,3014.0476190476193
ID6473,223.0,3352.4285714285716
ID7136,223.0,3167.4285714285716
ID2484,224.0,3520.285714285714
ID3149,224.0,2856.6666666666665
ID3815,224.0,3427.7619047619046
ID4483,224.0,3369.0
ID5147,224.0,3154.285714285714
ID5811,224.0,3008.4761904761904
ID6475,224.0,3348.6190476190477
ID7138,224.0,3142.5238095238096
ID2486,225.0,3489.6190476190477
ID3151,225.0,2856.809523809524
ID3817,225.0,3412.7619047619046
ID4485,225.0,3364.6666666666665
ID5149,225.0,3151.714285714286
ID5813,225.0,3020.0476190476193
ID6477,225.0,3321.095238095238
ID7140,225.0,3147.095238095238
ID2488,226.0,3526.0
ID3153,226.0,2844.5238095238096
ID3819,226.0,3420.7619047619046
ID4487,226.0,3389.095238095238
ID5151,226.0,3139.0476190476193
ID5815,226.0,3023.190476190476
ID6479,226.0,3357.7619047619046
ID7142,226.0,3137.7619047619046
ID2490,227.0,3503.6190476190477
ID3155,227.0,2850.7619047619046
ID3821,227.0,3449.4285714285716
ID4489,227.0,3373.0476190476193
ID5153,227.0,3178.095238095238
ID5817,227.0,3027.809523809524
ID6481,227.0,3351.1428571428573
ID7144,227.0,3130.9523809523807
ID2492,228.0,3466.809523809524
ID3157,228.0,2840.3809523809523
ID3823,228.0,3388.095238095238
ID4491,228.0,3374.3333333333335
ID5155,228.0,3147.4761904761904
ID5819,228.0,3017.095238095238
ID6483,228.0,3353.809523809524
ID7146,228.0,3153.809523809524
ID2494,229.0,3503.3809523809523
ID3159,229.0,2848.095238095238
ID3825,229.0,3423.3333333333335
ID4493,229.0,3370.0
ID5157,229.0,3139.5714285714284
ID5821,229.0,3035.3333333333335
ID6485,229.0,3357.190476190476
ID7148,229.0,3146.4285714285716
ID2496,230.0,3479.6666666666665
ID3161,230.0,2874.4285714285716
ID3827,230.0,3389.6190476190477
ID4495,230.0,3371.9523809523807
ID5159,230.0,3160.9523809523807
ID5823,230.0,3033.0
ID6487,230.0,3376.5714285714284
ID7150,230.0,3152.6666666666665
ID2498,231.0,3490.809523809524
ID3163,231.0,2848.4285714285716
ID3829,231.0,3385.5714285714284
ID4497,231.0,3341.9523809523807
ID5161,231.0,3149.7619047619046
ID5825,231.0,2992.904761904762
ID6489,231.0,3323.0
ID7152,231.0,3114.8571428571427
ID2500,232.0,3464.6190476190477
ID3165,232.0,2827.5238095238096
ID3831,232.0,3401.7619047619046
ID4499,232.0,3383.2380952380954
ID5163,232.0,3123.4285714285716
ID5827,232.0,3001.9523809523807
ID6491,232.0,3352.6666666666665
ID7154,232.0,3116.2380952380954
ID2502,233.0,3470.2380952380954
ID3167,233.0,2851.9523809523807
ID3833,233.0,3404.8571428571427
ID4501,233.0,3369.6190476190477
ID5165,233.0,3140.1428571428573
ID5829,233.0,3002.6190476190477
ID6493,233.0,3361.4285714285716
ID7156,233.0,3117.5714285714284
ID2504,234.0,3498.809523809524
ID3169,234.0,2845.9523809523807
ID3835,234.0,3389.095238095238
ID4503,234.0,3425.285714285714
ID5167,234.0,3150.5714285714284
ID5831,234.0,3019.6190476190477
ID6495,234.0,3343.0
ID7158,234.0,3089.4285714285716
ID2506,235.0,3498.9523809523807
ID3171,235.0,2853.9523809523807
ID3837,235.0,3407.3809523809523
ID4505,235.0,3395.285714285714
ID5169,235.0,3123.809523809524
ID5833,235.0,2992.809523809524
ID6497,235.0,3363.1428571428573
ID7160,235.0,3100.285714285714
ID2508,236.0,3476.285714285714
ID3173,236.0,2848.1428571428573
ID3839,236.0,3389.714285714286
ID4507,236.0,3377.7619047619046
ID5171,236.0,3152.0
ID5835,236.0,2985.285714285714
ID6499,236.0,3337.0476190476193
ID7162,236.0,3085.5714285714284
ID2510,237.0,3484.5238095238096
ID3175,237.0,2838.285714285714
ID3841,237.0,3345.0
ID4509,237.0,3384.4285714285716
ID5173,237.0,3142.5238095238096
ID5837,237.0,3022.6666666666665
ID6501,237.0,3336.6666666666665
ID7164,237.0,3092.1428571428573
ID2512,238.0,3483.7619047619046
ID3177,238.0,2864.1428571428573
ID3843,238.0,3401.3333333333335
ID4511,238.0,3408.7619047619046
ID5175,238.0,3133.6190476190477
ID5839,238.0,2981.2380952380954
ID6503,238.0,3357.714285714286
ID7166,238.0,3113.2380952380954
ID2514,239.0,3482.7619047619046
ID3179,239.0,2841.0476190476193
ID3845,239.0,3347.095238095238
ID4513,239.0,3413.5714285714284
ID5177,239.0,3123.3333333333335
ID5841,239.0,3000.190476190476
ID6505,239.0,3338.190476190476
ID7168,239.0,3100.1428571428573
ID2516,240.0,3491.9523809523807
ID3181,240.0,2852.0
ID3847,240.0,3372.7619047619046
ID4515,240.0,3392.3333333333335
ID5179,240.0,3140.7619047619046
ID5843,240.0,2990.2380952380954
ID6507,240.0,3323.190476190476
ID7170,240.0,3091.904761904762
ID2518,241.0,3477.1428571428573
ID3183,241.0,2831.4285714285716
ID3849,241.0,3397.095238095238
ID4517,241.0,3394.0
ID5181,241.0,3113.6666666666665
ID5845,241.0,3022.6190476190477
ID6509,241.0,3316.190476190476
ID7172,241.0,3110.4285714285716
ID2520,242.0,3480.3333333333335
ID3185,242.0,2833.8571428571427
ID3851,242.0,3370.7619047619046
ID4519,242.0,3386.2380952380954
ID5183,242.0,3115.1428571428573
ID5847,242.0,3026.7619047619046
ID6511,242.0,3348.6666666666665
ID7174,242.0,3126.4761904761904
ID2522,243.0,3490.7619047619046
ID3187,243.0,2859.4761904761904
ID3853,243.0,3379.0476190476193
ID4521,243.0,3376.8571428571427
ID5185,243.0,3108.904761904762
ID5849,243.0,2993.1428571428573
ID6513,243.0,3333.5714285714284
ID7176,243.0,3121.2380952380954
ID2524,244.0,3470.7619047619046
ID3189,244.0,2862.904761904762
ID3855,244.0,3423.285714285714
ID4523,244.0,3420.5714285714284
ID5187,244.0,3115.6190476190477
ID5851,244.0,3011.8571428571427
ID6515,244.0,3369.0
ID7178,244.0,3120.0476190476193
ID2526,245.0,3474.809523809524
ID3191,245.0,2856.095238095238
ID3857,245.0,3394.1428571428573
ID4525,245.0,3394.7619047619046
ID5189,245.0,3134.9523809523807
ID5853,245.0,3039.0476190476193
ID6517,245.0,3364.2380952380954
ID7180,245.0,3153.6666666666665
ID2528,246.0,3468.1428571428573
ID3193,246.0,2846.809523809524
ID3859,246.0,3360.809523809524
ID4527,246.0,3370.3809523809523
ID5191,246.0,3142.5714285714284
ID5855,246.0,3006.0
ID6519,246.0,3354.190476190476
ID7182,246.0,3126.0
ID2530,247.0,3502.5714285714284
ID3195,247.0,2846.904761904762
ID3861,247.0,3369.1428571428573
ID4529,247.0,3410.714285714286
ID5193,247.0,3145.904761904762
ID5857,247.0,3029.3333333333335
ID6521,247.0,3360.6666666666665
ID7184,247.0,3129.714285714286
ID2532,248.0,3475.0476190476193
ID3197,248.0,2840.190476190476
ID3863,248.0,3406.6190476190477
ID4531,248.0,3393.714285714286
ID5195,248.0,3128.6190476190477
ID5859,248.0,3024.7619047619046
ID6523,248.0,3376.5714285714284
ID7186,248.0,3137.1428571428573
ID2534,249.0,3472.095238095238
ID3199,249.0,2848.4285714285716
ID3865,249.0,3361.904761904762
ID4533,249.0,3423.095238095238
ID5197,249.0,3120.3809523809523
ID5861,249.0,3027.3809523809523
ID6525,249.0,3354.0476190476193
ID7188,249.0,3136.6190476190477
ID2536,250.0,3444.714285714286
ID3201,250.0,2853.9523809523807
ID3867,250.0,3350.809523809524
ID4535,250.0,3395.7619047619046
ID5199,250.0,3116.4761904761904
ID5863,250.0,3015.6190476190477
ID6527,250.0,3364.285714285714
ID7190,250.0,3112.4285714285716
ID2538,251.0,3466.1428571428573
ID3203,251.0,2843.1428571428573
ID3869,251.0,3374.6666666666665
ID4537,251.0,3418.4761904761904
ID5201,251.0,3131.0476190476193
ID5865,251.0,3043.1428571428573
ID6529,251.0,3361.3333333333335
ID7192,251.0,3102.095238095238
ID2540,252.0,3492.809523809524
ID3205,252.0,2845.095238095238
ID3871,252.0,3392.6190476190477
ID4539,252.0,3409.9523809523807
ID5203,252.0,3129.1428571428573
ID5867,252.0,3006.5238095238096
ID6531,252.0,3358.9523809523807
ID7194,252.0,3125.6666666666665
ID2542,253.0,3459.904761904762
ID3207,253.0,2813.714285714286
ID3873,253.0,3356.6666666666665
ID4541,253.0,3396.4761904761904
ID5205,253.0,3100.5714285714284
ID5869,253.0,2971.190476190476
ID6533,253.0,3275.1428571428573
ID7196,253.0,3079.0
ID2544,254.0,3449.7619047619046
ID3209,254.0,2835.0476190476193
ID3875,254.0,3344.4285714285716
ID4543,254.0,3399.3809523809523
ID5207,254.0,3074.8571428571427
ID5871,254.0,2978.190476190476
ID6535,254.0,3265.095238095238
ID7198,254.0,3069.9523809523807
ID2546,255.0,3445.0
ID3211,255.0,2837.3333333333335
ID3877,255.0,3360.809523809524
ID4545,255.0,3402.5238095238096
ID5209,255.0,3101.285714285714
ID5873,255.0,2963.4761904761904
ID6537,255.0,3275.904761904762
ID7200,255.0,3056.3333333333335
ID2548,256.0,3454.7619047619046
ID3213,256.0,2846.1428571428573
ID3879,256.0,3351.5714285714284
ID4547,256.0,3400.3333333333335
ID5211,256.0,3105.3809523809523
ID5875,256.0,2969.285714285714
ID6539,256.0,3244.0476190476193
ID7202,256.0,3044.190476190476
ID2550,257.0,3481.190476190476
ID3215,257.0,2838.7619047619046
ID3881,257.0,3328.0476190476193
ID4549,257.0,3368.0476190476193
ID5213,257.0,3106.3333333333335
ID5877,257.0,2980.904761904762
ID6541,257.0,3253.4285714285716
ID7204,257.0,3086.095238095238
ID2552,258.0,3447.714285714286
ID3217,258.0,2818.7619047619046
ID3883,258.0,3324.3809523809523
ID4551,258.0,3376.4285714285716
ID5215,258.0,3095.0
ID5879,258.0,2971.809523809524
ID6543,258.0,3258.0476190476193
ID7206,258.0,3083.809523809524
ID2554,259.0,3411.285714285714
ID3219,259.0,2836.0476190476193
ID3885,259.0,3329.9523809523807
ID4553,259.0,3376.714285714286
ID5217,259.0,3110.2380952380954
ID5881,259.0,2972.095238095238
ID6545,259.0,3288.4761904761904
ID7208,259.0,3080.0
ID2556,260.0,3457.6666666666665
ID3221,260.0,2824.285714285714
ID3887,260.0,3362.285714285714
ID4555,260.0,3372.190476190476
ID5219,260.0,3116.1428571428573
ID5883,260.0,2972.3333333333335
ID6547,260.0,3262.4761904761904
ID7210,260.0,3075.5238095238096
ID2558,261.0,3426.7619047619046
ID3223,261.0,2826.190476190476
ID3889,261.0,3364.0
ID4557,261.0,3383.6666666666665
ID5221,261.0,3094.3809523809523
ID5885,261.0,2990.4285714285716
ID6549,261.0,3274.9523809523807
ID7212,261.0,3048.190476190476
ID2560,262.0,3460.904761904762
ID3225,262.0,2843.714285714286
ID3891,262.0,3373.5714285714284
ID4559,262.0,3381.904761904762
ID5223,262.0,3139.2380952380954
ID5887,262.0,2984.1428571428573
ID6551,262.0,3264.0476190476193
ID7214,262.0,3060.809523809524
ID2562,263.0,3467.2380952380954
ID3227,263.0,2831.0476190476193
ID3893,263.0,3351.2380952380954
ID4561,263.0,3393.5714285714284
ID5225,263.0,3109.190476190476
ID5889,263.0,3012.190476190476
ID6553,263.0,3285.809523809524
ID7216,263.0,3057.190476190476
ID2564,264.0,3450.095238095238
ID3229,264.0,2822.285714285714
ID3895,264.0,3343.5238095238096
ID4563,264.0,3404.4285714285716
ID5227,264.0,3127.285714285714
ID5891,264.0,3017.1428571428573
ID6555,264.0,3328.3809523809523
ID7218,264.0,3103.2380952380954
ID2566,265.0,3405.3809523809523
ID3231,265.0,2825.5714285714284
ID3897,265.0,3349.1428571428573
ID4565,265.0,3404.4761904761904
ID5229,265.0,3117.904761904762
ID5893,265.0,2998.2380952380954
ID6557,265.0,3304.3333333333335
ID7220,265.0,3074.0
ID2568,266.0,3461.095238095238
ID3233,266.0,2810.714285714286
ID3899,266.0,3326.7619047619046
ID4567,266.0,3406.3809523809523
ID5231,266.0,3107.6666666666665
ID5895,266.0,3018.714285714286
ID6559,266.0,3309.7619047619046
ID7222,266.0,3073.8571428571427
ID2570,267.0,3454.6190476190477
ID3235,267.0,2823.4761904761904
ID3901,267.0,3326.3809523809523
ID4569,267.0,3386.0
ID5233,267.0,3111.809523809524
ID5897,267.0,3004.3333333333335
ID6561,267.0,3313.8571428571427
ID7224,267.0,3105.5238095238096
ID2572,268.0,3439.285714285714
ID3237,268.0,2826.095238095238
ID3903,268.0,3320.285714285714
ID4571,268.0,3390.190476190476
ID5235,268.0,3125.3333333333335
ID5899,268.0,3026.0
ID6563,268.0,3317.0476190476193
ID7226,268.0,3122.809523809524
ID2574,269.0,3463.0
ID3239,269.0,2812.285714285714
ID3905,269.0,3351.809523809524
ID4573,269.0,3399.6190476190477
ID5237,269.0,3104.5714285714284
ID5901,269.0,3006.5238095238096
ID6565,269.0,3322.714285714286
ID7228,269.0,3112.5714285714284
ID2576,270.0,3454.5238095238096
ID3241,270.0,2818.9523809523807
ID3907,270.0,3341.7619047619046
ID4575,270.0,3411.2380952380954
ID5239,270.0,3088.5714285714284
ID5903,270.0,3027.285714285714
ID6567,270.0,3312.809523809524
ID7230,270.0,3100.8571428571427
ID2578,271.0,3489.2380952380954
ID3243,271.0,2832.3333333333335
ID3909,271.0,3357.2380952380954
ID4577,271.0,3417.5714285714284
ID5241,271.0,3108.0
ID5905,271.0,2996.5238095238096
ID6569,271.0,3337.3333333333335
ID7232,271.0,3083.5238095238096
ID2580,272.0,3468.190476190476
ID3245,272.0,2819.7619047619046
ID3911,272.0,3323.190476190476
ID4579,272.0,3404.9523809523807
ID5243,272.0,3116.0476190476193
ID5907,272.0,3027.7619047619046
ID6571,272.0,3302.6666666666665
ID7234,272.0,3105.809523809524
ID2582,273.0,3459.904761904762
ID3247,273.0,2839.714285714286
ID3913,273.0,3357.1428571428573
ID4581,273.0,3413.190476190476
ID5245,273.0,3113.3809523809523
ID5909,273.0,3038.809523809524
ID6573,273.0,3338.3333333333335
ID7236,273.0,3125.809523809524
ID2584,274.0,3495.7619047619046
ID3249,274.0,2838.4761904761904
ID3915,274.0,3372.0476190476193
ID4583,274.0,3441.3809523809523
ID5247,274.0,3112.4761904761904
ID5911,274.0,3012.7619047619046
ID6575,274.0,3384.6666666666665
ID7238,274.0,3138.0
ID2586,275.0,3509.9523809523807
ID3251,275.0,2853.5714285714284
ID3917,275.0,3407.809523809524
ID4585,275.0,3444.190476190476
ID5249,275.0,3149.285714285714
ID5913,275.0,3052.0
ID6577,275.0,3431.4285714285716
ID7240,275.0,3167.5714285714284
ID2588,276.0,3496.5714285714284
ID3253,276.0,2850.2380952380954
ID3919,276.0,3410.3333333333335
ID4587,276.0,3456.8571428571427
ID5251,276.0,3173.714285714286
ID5915,276.0,3042.1428571428573
ID6579,276.0,3412.6190476190477
ID7242,276.0,3139.0476190476193
ID2590,277.0,3537.904761904762
ID3255,277.0,2887.5238095238096
ID3921,277.0,3416.0476190476193
ID4589,277.0,3448.0476190476193
ID5253,277.0,3172.904761904762
ID5917,277.0,3081.6190476190477
ID6581,277.0,3456.190476190476
ID7244,277.0,3170.6190476190477
ID2592,278.0,3531.190476190476
ID3257,278.0,2870.5714285714284
ID3923,278.0,3420.0
ID4591,278.0,3478.095238095238
ID5255,278.0,3192.190476190476
ID5919,278.0,3075.5714285714284
ID6583,278.0,3449.8571428571427
ID7246,278.0,3198.714285714286
ID2594,279.0,3564.5238095238096
ID3259,279.0,2902.6190476190477
ID3925,279.0,3454.904761904762
ID4593,279.0,3491.6190476190477
ID5257,279.0,3180.5238095238096
ID5921,279.0,3100.809523809524
ID6585,279.0,3449.5714285714284
ID7248,279.0,3171.2380952380954
ID2596,280.0,3572.809523809524
ID3261,280.0,2892.1428571428573
ID3927,280.0,3467.285714285714
ID4595,280.0,3491.2380952380954
ID5259,280.0,3187.9523809523807
ID5923,280.0,3099.7619047619046
ID6587,280.0,3492.6666666666665
ID7250,280.0,3180.5238095238096
ID2598,281.0,3580.5238095238096
ID3263,281.0,2900.5238095238096
ID3929,281.0,3485.7619047619046
ID4597,281.0,3510.5238095238096
ID5261,281.0,3280.809523809524
ID5925,281.0,3102.4761904761904
ID6589,281.0,3524.9523809523807
ID7252,281.0,3184.5238095238096
ID2600,282.0,3539.1428571428573
ID3265,282.0,2935.809523809524
ID3931,282.0,3482.4285714285716
ID4599,282.0,3507.9523809523807
ID5263,282.0,3253.1428571428573
ID5927,282.0,3102.4285714285716
ID6591,282.0,3488.2380952380954
ID7254,282.0,3198.190476190476
ID2602,283.0,3536.809523809524
ID3267,283.0,2934.190476190476
ID3933,283.0,3472.8571428571427
ID4601,283.0,3528.5714285714284
ID5265,283.0,3253.8571428571427
ID5929,283.0,3122.3333333333335
ID6593,283.0,3542.7619047619046
ID7256,283.0,3209.6190476190477
ID2604,284.0,3580.285714285714
ID3269,284.0,2949.5238095238096
ID3935,284.0,3484.3809523809523
ID4603,284.0,3504.2380952380954
ID5267,284.0,3280.095238095238
ID5931,284.0,3139.8571428571427
ID6595,284.0,3556.7619047619046
ID7258,284.0,3233.9523809523807
ID2606,285.0,3557.2380952380954
ID3271,285.0,2952.6666666666665
ID3937,285.0,3491.4285714285716
ID4605,285.0,3522.5238095238096
ID5269,285.0,3274.0
ID5933,285.0,3110.095238095238
ID6597,285.0,3524.2380952380954
ID7260,285.0,3232.4761904761904
ID2608,286.0,3610.0
ID3273,286.0,2928.6666666666665
ID3939,286.0,3519.5714285714284
ID4607,286.0,3521.714285714286
ID5271,286.0,3277.7619047619046
ID5935,286.0,3142.9523809523807
ID6599,286.0,3595.0
ID7262,286.0,3248.0476190476193
ID2610,287.0,3601.714285714286
ID3275,287.0,2935.1428571428573
ID3941,287.0,3496.3333333333335
ID4609,287.0,3530.095238095238
ID5273,287.0,3313.6190476190477
ID5937,287.0,3143.3809523809523
ID6601,287.0,3597.6190476190477
ID7264,287.0,3218.809523809524
ID2612,288.0,3612.5238095238096
ID3277,288.0,2929.0476190476193
ID3943,288.0,3533.285714285714
ID4611,288.0,3521.5714285714284
ID5275,288.0,3276.9523809523807
ID5939,288.0,3150.4761904761904
ID6603,288.0,3594.809523809524
ID7266,288.0,3226.904761904762
ID2614,289.0,3608.3333333333335
ID3279,289.0,2952.0476190476193
ID3945,289.0,3523.285714285714
ID4613,289.0,3538.6190476190477
ID5277,289.0,3297.0
ID5941,289.0,3128.714285714286
ID6605,289.0,3617.5714285714284
ID7268,289.0,3232.9523809523807
ID2616,290.0,3593.809523809524
ID3281,290.0,2937.904761904762
ID3947,290.0,3540.5714285714284
ID4615,290.0,3542.4285714285716
ID5279,290.0,3299.095238095238
ID5943,290.0,3153.6190476190477
ID6607,290.0,3626.190476190476
ID7270,290.0,3248.2380952380954
ID2618,291.0,3580.0
ID3283,291.0,2938.3809523809523
ID3949,291.0,3539.5714285714284
ID4617,291.0,3522.6666666666665
ID5281,291.0,3289.3333333333335
ID5945,291.0,3125.5238095238096
ID6609,291.0,3606.904761904762
ID7272,291.0,3242.6190476190477
ID2620,292.0,3602.9523809523807
ID3285,292.0,2934.0
ID3951,292.0,3541.285714285714
ID4619,292.0,3536.4761904761904
ID5283,292.0,3262.2380952380954
ID5947,292.0,3150.714285714286
ID6611,292.0,3597.4761904761904
ID7274,292.0,3215.6190476190477
ID2622,293.0,3590.7619047619046
ID3287,293.0,2952.5714285714284
ID3953,293.0,3529.5238095238096
ID4621,293.0,3525.4285714285716
ID5285,293.0,3285.809523809524
ID5949,293.0,3132.7619047619046
ID6613,293.0,3609.285714285714
ID7276,293.0,3218.6666666666665
ID2624,294.0,3603.5714285714284
ID3289,294.0,2953.904761904762
ID3955,294.0,3518.6666666666665
ID4623,294.0,3530.0
ID5287,294.0,3264.6666666666665
ID5951,294.0,3145.714285714286
ID6615,294.0,3595.904761904762
ID7278,294.0,3217.285714285714
ID2626,295.0,3572.6190476190477
ID3291,295.0,2934.8571428571427
ID3957,295.0,3527.0476190476193
ID4625,295.0,3509.095238095238
ID5289,295.0,3236.5238095238096
ID5953,295.0,3134.190476190476
ID6617,295.0,3602.6666666666665
ID7280,295.0,3206.3809523809523
ID2628,296.0,3605.3809523809523
ID3293,296.0,2931.285714285714
ID3959,296.0,3475.7619047619046
ID4627,296.0,3507.3333333333335
ID5291,296.0,3279.4285714285716
ID5955,296.0,3120.0476190476193
ID6619,296.0,3597.2380952380954
ID7282,296.0,3212.6190476190477
ID2630,297.0,3575.2380952380954
ID3295,297.0,2926.285714285714
ID3961,297.0,3489.714285714286
ID4629,297.0,3522.904761904762
ID5293,297.0,3250.5714285714284
ID5957,297.0,3116.095238095238
ID6621,297.0,3570.3333333333335
ID7284,297.0,3190.0
ID2632,298.0,3544.1428571428573
ID3297,298.0,2923.9523809523807
ID3963,298.0,3500.9523809523807
ID4631,298.0,3490.5238095238096
ID5295,298.0,3254.095238095238
ID5959,298.0,3105.7619047619046
ID6623,298.0,3575.3333333333335
ID7286,298.0,3176.7619047619046
ID2634,299.0,3574.7619047619046
ID3299,299.0,2928.1428571428573
ID3965,299.0,3503.1428571428573
ID4633,299.0,3486.190476190476
ID5297,299.0,3256.5238095238096
ID5961,299.0,3124.095238095238
ID6625,299.0,3570.6190476190477
ID7288,299.0,3188.4285714285716
ID2636,300.0,3563.0476190476193
ID3301,300.0,2932.2380952380954
ID3967,300.0,3503.2380952380954
ID4635,300.0,3489.190476190476
ID5299,300.0,3253.285714285714
ID5963,300.0,3108.714285714286
ID6627,300.0,3554.5238095238096
ID7290,300.0,3158.3809523809523
ID2638,301.0,3555.809523809524
ID3303,301.0,2937.095238095238
ID3969,301.0,3493.6190476190477
ID4637,301.0,3492.4761904761904
ID5301,301.0,3226.3809523809523
ID5965,301.0,3104.9523809523807
ID6629,301.0,3554.9523809523807
ID7292,301.0,3167.3809523809523
ID2640,302.0,3535.4761904761904
ID3305,302.0,2941.714285714286
ID3971,302.0,3478.5714285714284
ID4639,302.0,3498.4285714285716
ID5303,302.0,3247.190476190476
ID5967,302.0,3078.5238095238096
ID6631,302.0,3534.3333333333335
ID7294,302.0,3156.7619047619046
ID2642,303.0,3573.0476190476193
ID3307,303.0,2920.904761904762
ID3973,303.0,3474.2380952380954
ID4641,303.0,3495.714285714286
ID5305,303.0,3250.6666666666665
ID5969,303.0,3083.190476190476
ID6633,303.0,3547.2380952380954
ID7296,303.0,3183.095238095238
ID2644,304.0,3547.6666666666665
ID3309,304.0,2917.9523809523807
ID3975,304.0,3480.4761904761904
ID4643,304.0,3455.714285714286
ID5307,304.0,3227.9523809523807
ID5971,304.0,3088.809523809524
ID6635,304.0,3554.809523809524
ID7298,304.0,3169.904761904762
ID2646,305.0,3576.809523809524
ID3311,305.0,2925.5714285714284
ID3977,305.0,3467.8571428571427
ID4645,305.0,3461.4761904761904
ID5309,305.0,3212.095238095238
ID5973,305.0,3086.809523809524
ID6637,305.0,3548.4285714285716
ID7300,305.0,3166.4285714285716
ID2648,306.0,3576.2380952380954
ID3313,306.0,2925.3809523809523
ID3979,306.0,3461.3809523809523
ID4647,306.0,3484.8571428571427
ID5311,306.0,3222.4761904761904
ID5975,306.0,3083.3809523809523
ID6639,306.0,3526.8571428571427
ID7302,306.0,3185.6190476190477
ID2650,307.0,3561.3333333333335
ID3315,307.0,2932.1428571428573
ID3981,307.0,3470.4285714285716
ID4649,307.0,3443.190476190476
ID5313,307.0,3212.8571428571427
ID5977,307.0,3076.809523809524
ID6641,307.0,3506.9523809523807
ID7304,307.0,3120.0476190476193
ID2652,308.0,3560.095238095238
ID3317,308.0,2924.0476190476193
ID3983,308.0,3486.1428571428573
ID4651,308.0,3445.4761904761904
ID5315,308.0,3207.5238095238096
ID5979,308.0,3063.1428571428573
ID6643,308.0,3491.0
ID7306,308.0,3111.0
ID2654,309.0,3550.8571428571427
ID3319,309.0,2913.8571428571427
ID3985,309.0,3457.6666666666665
ID4653,309.0,3401.7619047619046
ID5317,309.0,3209.190476190476
ID5981,309.0,3068.190476190476
ID6645,309.0,3491.9523809523807
ID7308,309.0,3147.904761904762
ID2656,310.0,3564.8571428571427
ID3321,310.0,2882.6666666666665
ID3987,310.0,3408.4761904761904
ID4655,310.0,3441.6666666666665
ID5319,310.0,3187.5714285714284
ID5983,310.0,3070.4761904761904
ID6647,310.0,3472.904761904762
ID7310,310.0,3143.2380952380954
ID2658,311.0,3552.2380952380954
ID3323,311.0,2921.1428571428573
ID3989,311.0,3444.0
ID4657,311.0,3411.6190476190477
ID5321,311.0,3183.285714285714
ID5985,311.0,3061.3809523809523
ID6649,311.0,3467.2380952380954
ID7312,311.0,3138.904761904762
ID2660,312.0,3539.9523809523807
ID3325,312.0,2895.0476190476193
ID3991,312.0,3439.4761904761904
ID4659,312.0,3426.2380952380954
ID5323,312.0,3179.8571428571427
ID5987,312.0,3064.4761904761904
ID6651,312.0,3504.7619047619046
ID7314,312.0,3132.4285714285716
ID2662,313.0,3488.4285714285716
ID3327,313.0,2883.6190476190477
ID3993,313.0,3435.904761904762
ID4661,313.0,3434.285714285714
ID5325,313.0,3178.6190476190477
ID5989,313.0,3053.6190476190477
ID6653,313.0,3486.809523809524
ID7316,313.0,3108.8571428571427
ID2664,314.0,3533.3333333333335
ID3329,314.0,2907.0476190476193
ID3995,314.0,3439.1428571428573
ID4663,314.0,3385.5238095238096
ID5327,314.0,3155.095238095238
ID5991,314.0,3028.0
ID6655,314.0,3466.5238095238096
ID7318,314.0,3134.4285714285716
ID2666,315.0,3531.4761904761904
ID3331,315.0,2898.4761904761904
ID3997,315.0,3437.6190476190477
ID4665,315.0,3377.6666666666665
ID5329,315.0,3171.4761904761904
ID5993,315.0,3020.4761904761904
ID6657,315.0,3438.9523809523807
ID7320,315.0,3117.3333333333335
ID2668,316.0,3531.4761904761904
ID3333,316.0,2890.5238095238096
ID3999,316.0,3436.0
ID4667,316.0,3367.285714285714
ID5331,316.0,3174.8571428571427
ID5995,316.0,3028.5714285714284
ID6659,316.0,3469.9523809523807
ID7322,316.0,3095.9523809523807
ID2670,317.0,3515.809523809524
ID3335,317.0,2879.714285714286
ID4001,317.0,3413.4761904761904
ID4669,317.0,3353.5714285714284
ID5333,317.0,3168.714285714286
ID5997,317.0,3006.0476190476193
ID6661,317.0,3442.285714285714
ID7324,317.0,3097.8571428571427
ID2672,318.0,3521.5714285714284
ID3337,318.0,2868.6190476190477
ID4003,318.0,3390.2380952380954
ID4671,318.0,3399.0
ID5335,318.0,3166.7619047619046
ID5999,318.0,3004.095238095238
ID6663,318.0,3438.714285714286
ID7326,318.0,3082.0
ID2674,319.0,3499.095238095238
ID3339,319.0,2875.5714285714284
ID4005,319.0,3377.3333333333335
ID4673,319.0,3337.6666666666665
ID5337,319.0,3139.4761904761904
ID6001,319.0,3001.3809523809523
ID6665,319.0,3440.4285714285716
ID7328,319.0,3067.4761904761904
ID2676,320.0,3483.5238095238096
ID3341,320.0,2861.3333333333335
ID4007,320.0,3363.1428571428573
ID4675,320.0,3352.714285714286
ID5339,320.0,3126.3809523809523
ID6003,320.0,2990.3809523809523
ID6667,320.0,3404.714285714286
ID7330,320.0,3053.904761904762
ID2678,321.0,3472.285714285714
ID3343,321.0,2876.9523809523807
ID4009,321.0,3386.4761904761904
ID4677,321.0,3347.6190476190477
ID5341,321.0,3110.904761904762
ID6005,321.0,2986.095238095238
ID6669,321.0,3400.2380952380954
ID7332,321.0,3077.2380952380954
ID2680,322.0,3486.095238095238
ID3345,322.0,2884.809523809524
ID4011,322.0,3344.0476190476193
ID4679,322.0,3341.1428571428573
ID5343,322.0,3112.190476190476
ID6007,322.0,2974.3333333333335
ID6671,322.0,3419.904761904762
ID7334,322.0,3049.4761904761904
ID2682,323.0,3432.6666666666665
ID3347,323.0,2850.0
ID4013,323.0,3354.285714285714
ID4681,323.0,3337.714285714286
ID5345,323.0,3123.4285714285716
ID6009,323.0,2979.1428571428573
ID6673,323.0,3389.3333333333335
ID7336,323.0,3047.9523809523807
ID2684,324.0,3446.6666666666665
ID3349,324.0,2842.5714285714284
ID4015,324.0,3373.0
ID4683,324.0,3341.0476190476193
ID5347,324.0,3121.0476190476193
ID6011,324.0,2981.8571428571427
ID6675,324.0,3389.6190476190477
ID7338,324.0,3040.714285714286
ID2686,325.0,3476.0476190476193
ID3351,325.0,2847.904761904762
ID4017,325.0,3383.5238095238096
ID4685,325.0,3309.5238095238096
ID5349,325.0,3097.0476190476193
ID6013,325.0,2965.5714285714284
ID6677,325.0,3382.4761904761904
ID7340,325.0,3036.190476190476
ID2688,326.0,3422.7619047619046
ID3353,326.0,2856.190476190476
ID4019,326.0,3347.0
ID4687,326.0,3334.2380952380954
ID5351,326.0,3104.5714285714284
ID6015,326.0,2980.9523809523807
ID6679,326.0,3388.095238095238
ID7342,326.0,3016.5714285714284
ID2690,327.0,3438.4285714285716
ID3355,327.0,2836.095238095238
ID4021,327.0,3343.8571428571427
ID4689,327.0,3304.5714285714284
ID5353,327.0,3123.3333333333335
ID6017,327.0,2955.9523809523807
ID6681,327.0,3360.2380952380954
ID7344,327.0,2999.3809523809523
ID2692,328.0,3414.4285714285716
ID3357,328.0,2835.904761904762
ID4023,328.0,3327.285714285714
ID4691,328.0,3303.095238095238
ID5355,328.0,3097.5714285714284
ID6019,328.0,2958.095238095238
ID6683,328.0,3366.809523809524
ID7346,328.0,3002.7619047619046
ID2694,329.0,3414.190476190476
ID3359,329.0,2852.4285714285716
ID4025,329.0,3335.5714285714284
ID4693,329.0,3299.095238095238
ID5357,329.0,3085.5238095238096
ID6021,329.0,2937.4285714285716
ID6685,329.0,3357.6190476190477
ID7348,329.0,3013.095238095238
ID2696,330.0,3386.8571428571427
ID3361,330.0,2817.3333333333335
ID4027,330.0,3304.8571428571427
ID4695,330.0,3266.904761904762
ID5359,330.0,3064.5714285714284
ID6023,330.0,2922.8571428571427
ID6687,330.0,3307.4761904761904
ID7350,330.0,2984.0476190476193
