6433.523809523809,9550.809523809523,6058.238095238095,6501.857142857143
6496.238095238095,9669.761904761905,6158.619047619048,6829.476190476191
6458.857142857143,9577.666666666666,6204.809523809524,6769.571428571428
6308.571428571428,9427.857142857143,6147.285714285715,6633.380952380952
6204.857142857143,9344.238095238095,6153.333333333333,6453.761904761905
6050.285714285715,9249.333333333334,6071.523809523809,6354.380952380952
6012.523809523809,9218.285714285714,6072.333333333333,6325.476190476191
5930.047619047619,9315.714285714286,5982.761904761905,6160.666666666667
5817.952380952381,9172.238095238095,5918.619047619048,6074.190476190476
5731.809523809524,9226.285714285714,5821.238095238095,5986.190476190476
5585.380952380952,8725.095238095239,5777.285714285715,5962.047619047619
5295.952380952381,8397.333333333334,5526.0952380952385,5594.285714285715
5237.190476190476,7786.190476190476,5453.571428571428,5518.047619047619
5183.428571428572,8078.523809523809,5376.238095238095,5479.428571428572
5127.0,7887.571428571428,5261.571428571428,5392.333333333333
5045.761904761905,8452.190476190477,5205.809523809524,5348.952380952381
4956.190476190476,8394.952380952382,5186.619047619048,5292.952380952381
4904.333333333333,8331.333333333334,5080.428571428572,5215.333333333333
4884.666666666667,8318.714285714286,5002.190476190476,5145.333333333333
4820.0,8056.809523809524,4978.476190476191,5097.666666666667
4793.428571428572,8066.380952380952,4919.142857142857,5048.571428571428
4711.9047619047615,8018.571428571428,4912.952380952381,5023.761904761905
4541.9047619047615,7980.285714285715,4728.857142857143,4851.0952380952385
4536.476190476191,8023.142857142857,4711.0952380952385,4853.380952380952
4511.285714285715,7976.571428571428,4700.0952380952385,4809.428571428572
4424.809523809524,7758.142857142857,4650.285714285715,4760.333333333333
4445.9047619047615,7622.380952380952,4615.476190476191,4724.619047619048
4372.666666666667,7542.142857142857,4523.809523809524,4686.809523809524
4347.666666666667,7476.380952380952,4491.0952380952385,4656.428571428572
4303.285714285715,7472.190476190476,4456.0952380952385,4568.047619047619
4260.333333333333,7653.142857142857,4406.142857142857,4558.428571428572
4259.666666666667,7691.952380952381,4403.666666666667,4501.190476190476
4225.857142857143,7555.476190476191,4397.238095238095,4461.761904761905
4144.666666666667,7242.857142857143,4281.0952380952385,4387.190476190476
4138.666666666667,7123.619047619048,4274.142857142857,4338.523809523809
4113.0,7440.333333333333,4214.476190476191,4322.523809523809
4063.7619047619046,7358.047619047619,4203.285714285715,4317.9047619047615
4064.1428571428573,7290.047619047619,4165.761904761905,4273.714285714285
4043.5238095238096,7255.0952380952385,4157.809523809524,4236.238095238095
4004.3809523809523,7222.047619047619,4141.238095238095,4243.761904761905
3952.5238095238096,7186.047619047619,4121.047619047619,4201.619047619048
3965.809523809524,6940.380952380952,4066.1428571428573,4200.857142857143
3974.6666666666665,7132.952380952381,4029.3809523809523,4178.476190476191
3950.4285714285716,6876.0,4046.190476190476,4156.9047619047615
3941.8571428571427,6837.9047619047615,3971.4761904761904,4111.333333333333
3899.1428571428573,6834.714285714285,3955.8571428571427,4084.5714285714284
3899.190476190476,6817.238095238095,3955.4761904761904,4066.4285714285716
3890.285714285714,6791.714285714285,3905.0476190476193,4077.4761904761904
3896.1428571428573,6716.952380952381,3889.5714285714284,4050.4285714285716
3853.3333333333335,6745.047619047619,3863.5238095238096,4057.2380952380954
3846.0476190476193,6703.666666666667,3894.8571428571427,4020.8571428571427
3819.714285714286,6632.619047619048,3861.1428571428573,4003.3333333333335
3799.3809523809523,6848.571428571428,3846.4285714285716,4006.095238095238
3798.6190476190477,6636.714285714285,3794.1428571428573,3974.8571428571427
3769.6666666666665,6566.190476190476,3805.5714285714284,3935.0476190476193
3740.2380952380954,6367.666666666667,3799.2380952380954,3931.5714285714284
3722.3809523809523,6534.523809523809,3777.0,3968.714285714286
3716.3333333333335,6482.571428571428,3780.190476190476,3937.809523809524
3711.5238095238096,6394.333333333333,3764.095238095238,3923.6666666666665
3689.4761904761904,6388.619047619048,3767.3809523809523,3918.9523809523807
3702.4285714285716,6337.523809523809,3723.904761904762,3944.3333333333335
3694.904761904762,6321.190476190476,3714.6666666666665,3909.9523809523807
3703.904761904762,6191.047619047619,3708.3333333333335,3903.6666666666665
3688.285714285714,6154.714285714285,3712.3333333333335,3884.4285714285716
3682.8571428571427,6082.0952380952385,3731.0,3836.3809523809523
3709.809523809524,6237.666666666667,3681.8571428571427,3872.3333333333335
3670.095238095238,6005.952380952381,3693.2380952380954,3818.4761904761904
3676.2380952380954,6011.428571428572,3689.0,3811.9523809523807
3654.7619047619046,6036.761904761905,3677.5238095238096,3807.3809523809523
3643.8571428571427,5992.0952380952385,3663.0,3834.3333333333335
3674.5714285714284,5922.238095238095,3646.0,3835.8571428571427
3658.0476190476193,6031.190476190476,3630.8571428571427,3800.6190476190477
3692.5238095238096,5952.619047619048,3651.095238095238,3816.190476190476
3652.809523809524,5898.9047619047615,3665.1428571428573,3793.4285714285716
3657.8571428571427,5892.619047619048,3630.904761904762,3784.904761904762
3653.1428571428573,5850.9047619047615,3625.2380952380954,3763.714285714286
3622.7619047619046,5825.142857142857,3646.714285714286,3747.3333333333335
3651.0,5786.142857142857,3577.4285714285716,3731.714285714286
3616.7619047619046,5762.571428571428,3599.6190476190477,3714.190476190476
3638.904761904762,5753.238095238095,3586.6666666666665,3732.3333333333335
3642.3333333333335,5707.619047619048,3605.714285714286,3719.190476190476
3649.3333333333335,5681.476190476191,3590.3333333333335,3708.190476190476
3650.8571428571427,5622.714285714285,3600.9523809523807,3720.6666666666665
3629.0,5574.428571428572,3562.3333333333335,3710.4761904761904
3637.4761904761904,5593.047619047619,3546.6190476190477,3702.5238095238096
3627.5714285714284,5563.619047619048,3561.095238095238,3714.5714285714284
3633.5238095238096,5521.952380952381,3572.3333333333335,3694.095238095238
3605.5714285714284,5477.666666666667,3567.095238095238,3668.6190476190477
3600.8571428571427,5424.428571428572,3550.1428571428573,3698.0476190476193
3624.3333333333335,5381.666666666667,3529.3809523809523,3693.2380952380954
3619.4761904761904,5336.0952380952385,3554.6666666666665,3689.4761904761904
3613.8571428571427,5292.714285714285,3522.190476190476,3682.904761904762
3651.8571428571427,5274.9047619047615,3551.6666666666665,3669.5714285714284
3576.0476190476193,5260.571428571428,3545.9523809523807,3684.5714285714284
3612.904761904762,5211.666666666667,3510.3333333333335,3688.3809523809523
3619.095238095238,5209.523809523809,3538.3333333333335,3679.714285714286
3586.190476190476,5200.523809523809,3513.095238095238,3650.5714285714284
3610.8571428571427,5175.0,3539.9523809523807,3637.8571428571427
3606.3333333333335,5196.809523809524,3535.3333333333335,3664.2380952380954
3583.0,5134.047619047619,3529.1428571428573,3652.4761904761904
3584.3809523809523,5087.666666666667,3495.2380952380954,3656.6666666666665
3582.9523809523807,5092.619047619048,3507.809523809524,3663.285714285714
3567.6190476190477,5060.0952380952385,3508.4761904761904,3644.0
3583.714285714286,5051.0,3503.0,3648.190476190476
3574.6190476190477,5007.047619047619,3508.2380952380954,3639.1428571428573
3576.9523809523807,4974.523809523809,3515.285714285714,3627.904761904762
3578.809523809524,4974.666666666667,3501.190476190476,3610.6666666666665
3572.2380952380954,4992.0,3506.7619047619046,3626.3333333333335
3591.190476190476,4964.285714285715,3510.095238095238,3640.1428571428573
3556.8571428571427,4940.714285714285,3494.904761904762,3593.190476190476
3561.3333333333335,4900.523809523809,3470.4761904761904,3620.7619047619046
3573.7619047619046,4847.0,3502.0,3625.1428571428573
3555.5238095238096,4870.714285714285,3494.7619047619046,3599.8571428571427
3551.8571428571427,4876.571428571428,3439.0,3588.904761904762
3573.3333333333335,4818.571428571428,3471.2380952380954,3601.714285714286
3563.2380952380954,4823.0952380952385,3495.0,3603.190476190476
3565.2380952380954,4765.0,3456.8571428571427,3571.285714285714
3554.0,4791.0,3479.2380952380954,3581.190476190476
3573.6190476190477,4755.0952380952385,3445.6666666666665,3583.095238095238
3540.6666666666665,4763.0952380952385,3476.8571428571427,3580.285714285714
3534.5714285714284,4765.952380952381,3449.8571428571427,3578.6666666666665
3553.3809523809523,4698.428571428572,3418.5238095238096,3587.095238095238
3528.7619047619046,4703.476190476191,3422.809523809524,3575.4761904761904
3585.9523809523807,4678.571428571428,3421.3333333333335,3595.8571428571427
3564.5238095238096,4673.952380952381,3424.7619047619046,3566.4285714285716
3567.2380952380954,4654.333333333333,3428.095238095238,3572.6666666666665
3525.809523809524,4642.857142857143,3444.7619047619046,3588.8571428571427
3563.5714285714284,4680.0,3428.0476190476193,3559.1428571428573
3548.5714285714284,4641.238095238095,3427.9523809523807,3581.0
3538.6190476190477,4606.714285714285,3463.3333333333335,3575.904761904762
3554.714285714286,4605.619047619048,3440.095238095238,3593.1428571428573
3557.0,4568.047619047619,3424.9523809523807,3576.285714285714
3551.6190476190477,4542.0952380952385,3450.285714285714,3579.190476190476
3569.7619047619046,4531.476190476191,3393.6666666666665,3531.5714285714284
3547.2380952380954,4570.952380952381,3430.5714285714284,3574.4285714285716
3551.3809523809523,4518.380952380952,3423.1428571428573,3561.6666666666665
3527.5238095238096,4479.666666666667,3426.4761904761904,3583.7619047619046
3533.6190476190477,4458.714285714285,3433.7619047619046,3556.1428571428573
3569.7619047619046,4509.285714285715,3413.3809523809523,3565.3333333333335
3527.8571428571427,4491.285714285715,3428.6190476190477,3554.4761904761904
3523.5714285714284,4524.380952380952,3420.6190476190477,3542.4761904761904
3536.3809523809523,4501.619047619048,3417.2380952380954,3532.7619047619046
3534.5714285714284,4508.0,3404.2380952380954,3550.095238095238
3545.904761904762,4494.333333333333,3427.809523809524,3568.904761904762
3533.809523809524,4466.809523809524,3405.1428571428573,3547.4285714285716
3538.7619047619046,4442.571428571428,3438.0476190476193,3576.809523809524
3538.6190476190477,4451.190476190476,3409.6190476190477,3554.3809523809523
3551.5714285714284,4412.0,3397.6666666666665,3510.4285714285716
3543.3333333333335,4411.857142857143,3444.904761904762,3591.904761904762
3543.1428571428573,4423.857142857143,3414.7619047619046,3530.0476190476193
3563.095238095238,4409.333333333333,3408.5238095238096,3555.809523809524
3531.5238095238096,4412.809523809524,3400.1428571428573,3567.5714285714284
3522.904761904762,4436.857142857143,3435.4761904761904,3512.5238095238096
3515.904761904762,4457.0,3402.285714285714,3556.3333333333335
3528.714285714286,4364.714285714285,3373.6666666666665,3540.3809523809523
3509.0476190476193,4336.761904761905,3361.2380952380954,3572.6666666666665
3543.095238095238,4355.476190476191,3400.7619047619046,3575.3809523809523
3532.190476190476,4351.142857142857,3388.8571428571427,3604.6190476190477
3524.8571428571427,4355.047619047619,3412.5714285714284,3559.190476190476
3530.095238095238,4322.0952380952385,3440.0476190476193,3521.6190476190477
3540.3809523809523,4343.380952380952,3391.8571428571427,3564.6666666666665
3546.285714285714,4320.666666666667,3408.190476190476,3561.9523809523807
3537.6190476190477,4309.666666666667,3411.0476190476193,3571.3333333333335
3538.0476190476193,4316.238095238095,3396.5238095238096,3572.3333333333335
3540.7619047619046,4284.285714285715,3409.0,3593.3333333333335
3487.2380952380954,4269.476190476191,3395.5238095238096,3556.7619047619046
3489.7619047619046,4271.523809523809,3395.8571428571427,3541.190476190476
3515.4761904761904,4282.285714285715,3373.1428571428573,3566.3809523809523
3506.6666666666665,4298.285714285715,3420.285714285714,3556.3333333333335
3477.4761904761904,4259.476190476191,3425.1428571428573,3568.5238095238096
3498.904761904762,4255.428571428572,3418.1428571428573,3557.5238095238096
3535.6190476190477,4243.285714285715,3379.4285714285716,3539.285714285714
3499.714285714286,4231.476190476191,3381.1428571428573,3534.3333333333335
3519.7619047619046,4228.666666666667,3409.3809523809523,3558.714285714286
3511.809523809524,4226.142857142857,3411.714285714286,3544.0
3517.5238095238096,4211.380952380952,3413.1428571428573,3558.285714285714
3524.809523809524,4166.047619047619,3421.4285714285716,3576.095238095238
3497.3333333333335,4203.333333333333,3395.7619047619046,3555.1428571428573
3503.190476190476,4217.380952380952,3373.6666666666665,3538.6666666666665
3506.1428571428573,4189.571428571428,3381.095238095238,3573.4761904761904
3522.3333333333335,4151.380952380952,3381.095238095238,3573.5714285714284
3514.6666666666665,4142.333333333333,3386.190476190476,3548.4761904761904
3515.5238095238096,4178.666666666667,3390.6666666666665,3561.4285714285716
3501.4285714285716,4132.190476190476,3382.809523809524,3545.0
3526.3333333333335,4150.0952380952385,3388.714285714286,3574.5714285714284
3502.904761904762,4139.952380952381,3372.3809523809523,3555.0476190476193
3510.190476190476,4144.333333333333,3403.4761904761904,3540.9523809523807
3494.4285714285716,4134.0952380952385,3380.190476190476,3527.095238095238
3479.0476190476193,4116.428571428572,3328.095238095238,3526.809523809524
3508.904761904762,4113.571428571428,3370.9523809523807,3539.0
3496.285714285714,4104.190476190476,3401.4761904761904,3547.1428571428573
3509.2380952380954,4110.333333333333,3369.5238095238096,3534.3809523809523
3509.3333333333335,4126.190476190476,3347.4285714285716,3536.2380952380954
3491.3809523809523,4082.8571428571427,3395.3809523809523,3531.6666666666665
3510.1428571428573,4086.7619047619046,3387.0476190476193,3530.4285714285716
3495.5238095238096,4086.285714285714,3363.6190476190477,3545.714285714286
3503.8571428571427,4063.3333333333335,3372.5714285714284,3532.8571428571427
3512.6190476190477,4070.809523809524,3357.1428571428573,3560.8571428571427
3506.9523809523807,4059.8571428571427,3350.904761904762,3539.0476190476193
3497.285714285714,4038.285714285714,3369.095238095238,3544.0476190476193
3493.5238095238096,4029.714285714286,3364.6190476190477,3501.8571428571427
3507.904761904762,4035.809523809524,3397.095238095238,3538.4285714285716
3528.8571428571427,4041.904761904762,3380.1428571428573,3542.9523809523807
3510.904761904762,4040.0,3368.4285714285716,3526.6190476190477
3494.904761904762,4045.190476190476,3393.095238095238,3531.3333333333335
3499.4285714285716,4031.1428571428573,3368.285714285714,3516.7619047619046
3493.2380952380954,4048.5238095238096,3376.0,3531.0
3476.6666666666665,3997.5714285714284,3387.1428571428573,3524.6666666666665
3521.4285714285716,4000.809523809524,3380.2380952380954,3531.3809523809523
3473.6190476190477,4025.1428571428573,3394.4285714285716,3549.6190476190477
3502.8571428571427,3961.3809523809523,3372.1428571428573,3534.8571428571427
3504.190476190476,4000.0,3363.904761904762,3520.5238095238096
3493.714285714286,4002.714285714286,3397.2380952380954,3535.3333333333335
3459.190476190476,3990.3809523809523,3396.6190476190477,3519.809523809524
3501.190476190476,3984.5238095238096,3373.7619047619046,3532.5714285714284
3467.5238095238096,3968.2380952380954,3343.7619047619046,3512.6666666666665
3511.0476190476193,4003.8571428571427,3367.3809523809523,3515.4761904761904
3494.2380952380954,3966.904761904762,3374.1428571428573,3535.190476190476
3475.8571428571427,3991.714285714286,3368.6666666666665,3522.809523809524
3485.1428571428573,3977.714285714286,3382.3809523809523,3520.9523809523807
3502.3333333333335,3963.190476190476,3392.809523809524,3517.190476190476
3474.9523809523807,3973.0,3358.285714285714,3505.0476190476193
3504.285714285714,3960.809523809524,3381.8571428571427,3527.714285714286
3483.1428571428573,3978.4761904761904,3370.714285714286,3549.3333333333335
3501.1428571428573,3973.1428571428573,3385.190476190476,3525.4761904761904
3464.6190476190477,3955.4285714285716,3381.0,3540.7619047619046
3484.095238095238,3982.6190476190477,3396.095238095238,3533.904761904762
3499.6666666666665,3940.4285714285716,3375.714285714286,3493.285714285714
3492.9523809523807,3932.809523809524,3398.904761904762,3493.904761904762
3479.0476190476193,3920.4285714285716,3362.904761904762,3533.5714285714284
3493.1428571428573,3919.1428571428573,3374.285714285714,3518.0
3466.285714285714,3894.9523809523807,3340.1428571428573,3523.1428571428573
3477.8571428571427,3907.6190476190477,3337.095238095238,3559.4285714285716
3485.5714285714284,3874.714285714286,3379.1428571428573,3497.095238095238
3478.6190476190477,3896.5238095238096,3372.8571428571427,3501.9523809523807
3480.8571428571427,3923.8571428571427,3349.4761904761904,3522.5238095238096
3483.0476190476193,3906.3809523809523,3349.8571428571427,3549.4285714285716
3477.6190476190477,3891.4761904761904,3330.5238095238096,3515.0476190476193
3480.904761904762,3896.3333333333335,3369.904761904762,3530.5714285714284
3488.285714285714,3891.7619047619046,3373.285714285714,3545.4761904761904
3500.8571428571427,3902.285714285714,3374.9523809523807,3515.809523809524
3475.8571428571427,3886.095238095238,3357.809523809524,3535.3809523809523
3485.5238095238096,3883.2380952380954,3355.3333333333335,3509.809523809524
3460.0476190476193,3887.3809523809523,3322.809523809524,3501.809523809524
3465.3333333333335,3906.3809523809523,3356.285714285714,3536.8571428571427
3463.0,3900.0,3387.1428571428573,3482.0476190476193
3462.6666666666665,3873.095238095238,3348.5714285714284,3533.4761904761904
3488.2380952380954,3867.5714285714284,3364.0476190476193,3525.4761904761904
3492.8571428571427,3856.714285714286,3357.5714285714284,3529.6190476190477
3484.095238095238,3897.4761904761904,3347.714285714286,3522.4761904761904
3489.6666666666665,3865.7619047619046,3354.809523809524,3518.6666666666665
3488.2380952380954,3838.6666666666665,3363.5238095238096,3515.095238095238
3473.4761904761904,3866.6666666666665,3359.904761904762,3507.2380952380954
3472.7619047619046,3870.0,3359.190476190476,3516.5714285714284
3470.904761904762,3825.6666666666665,3367.0,3481.8571428571427
3490.809523809524,3863.6666666666665,3375.2380952380954,3532.1428571428573
3482.5714285714284,3855.3333333333335,3366.285714285714,3502.285714285714
3488.6666666666665,3862.0,3354.7619047619046,3535.4285714285716
3454.6666666666665,3836.1428571428573,3392.1428571428573,3544.285714285714
3487.0,3843.6190476190477,3365.809523809524,3511.8571428571427
3471.809523809524,3846.0,3358.809523809524,3489.0476190476193
3501.8571428571427,3851.6190476190477,3382.1428571428573,3516.3809523809523
3470.1428571428573,3834.3333333333335,3364.3333333333335,3506.3333333333335
3466.9523809523807,3840.4761904761904,3356.4285714285716,3515.2380952380954
3498.904761904762,3815.6666666666665,3377.9523809523807,3488.190476190476
3459.3333333333335,3833.904761904762,3356.4285714285716,3512.5714285714284
3470.0476190476193,3837.1428571428573,3384.809523809524,3481.2380952380954
3484.285714285714,3851.7619047619046,3384.7619047619046,3516.0
3503.714285714286,3826.0,3397.904761904762,3555.1428571428573
3544.4285714285716,3861.4285714285716,3436.0476190476193,3587.095238095238
3560.8571428571427,3844.0476190476193,3454.6666666666665,3573.5714285714284
3577.5714285714284,3881.285714285714,3499.285714285714,3649.6190476190477
3620.714285714286,3856.5238095238096,3528.285714285714,3645.714285714286
3669.8571428571427,3891.714285714286,3531.0476190476193,3689.1428571428573
3676.1428571428573,3883.285714285714,3555.4761904761904,3716.6190476190477
3694.5238095238096,3941.714285714286,3607.190476190476,3793.9523809523807
3755.7619047619046,3972.714285714286,3623.2380952380954,3811.809523809524
3753.8571428571427,3957.190476190476,3633.2380952380954,3808.7619047619046
3754.3809523809523,3979.285714285714,3623.809523809524,3819.4285714285716
3748.0,4001.9523809523807,3638.7619047619046,3831.5238095238096
3756.5238095238096,4019.4285714285716,3635.285714285714,3827.1428571428573
3768.4285714285716,3968.714285714286,3639.6190476190477,3824.809523809524
3752.809523809524,3962.809523809524,3664.7619047619046,3839.4761904761904
3717.1428571428573,3951.190476190476,3619.6666666666665,3829.809523809524
3724.095238095238,3966.095238095238,3627.9523809523807,3811.2380952380954
3711.190476190476,3939.4285714285716,3620.3333333333335,3832.5714285714284
3693.8571428571427,3913.6190476190477,3579.4761904761904,3754.9523809523807
3678.6190476190477,3911.714285714286,3562.3809523809523,3772.3809523809523
3670.8571428571427,3885.7619047619046,3563.1428571428573,3790.095238095238
3692.6666666666665,3902.809523809524,3551.190476190476,3752.095238095238
3704.9523809523807,3882.7619047619046,3561.2380952380954,3754.9523809523807
3728.3809523809523,3852.0476190476193,3549.095238095238,3769.4761904761904
3739.5238095238096,3831.6190476190477,3534.5714285714284,3777.5238095238096
3758.0476190476193,3803.285714285714,3558.904761904762,3708.3809523809523
3759.8571428571427,3792.0,3542.3809523809523,3763.6190476190477
3789.5714285714284,3783.3333333333335,3539.1428571428573,3732.904761904762
3787.0,3787.8571428571427,3535.9523809523807,3717.5714285714284
3736.904761904762,3716.4761904761904,3771.714285714286,3673.190476190476
3765.5714285714284,3736.714285714286,3817.809523809524,3675.3809523809523
3737.3333333333335,3717.5714285714284,3865.4761904761904,3651.809523809524
3704.6666666666665,3688.5714285714284,3868.4761904761904,3647.1428571428573
3735.5238095238096,3669.6666666666665,3910.714285714286,3625.0476190476193
3720.7619047619046,3665.285714285714,3929.285714285714,3592.5714285714284
3711.4285714285716,3619.6666666666665,3934.3333333333335,3619.1428571428573
3704.3333333333335,3609.904761904762,3936.1428571428573,3587.0476190476193
3675.8571428571427,3606.904761904762,3897.714285714286,3567.095238095238
4224.190476190476,3609.190476190476,3890.714285714286,3575.3333333333335
5506.0,3598.3333333333335,3865.0476190476193,3566.0476190476193
9133.238095238095,3548.0476190476193,3885.6666666666665,3544.4285714285716
9850.761904761905,3558.5714285714284,3864.3809523809523,3553.4285714285716
10852.380952380952,3560.4285714285716,3876.190476190476,3554.904761904762
11815.142857142857,3546.095238095238,3829.4761904761904,3531.3333333333335
11971.238095238095,3582.2380952380954,3850.2380952380954,3531.6190476190477
11832.619047619048,3524.095238095238,3799.5238095238096,3564.095238095238
11653.095238095239,3509.2380952380954,3823.0476190476193,3497.8571428571427
11515.761904761905,3528.0476190476193,3821.3809523809523,3496.4285714285716
11369.666666666666,3477.4285714285716,3797.4285714285716,3497.0476190476193
11216.380952380952,3462.5238095238096,3778.1428571428573,3496.2380952380954
11080.380952380952,3460.6190476190477,3731.1428571428573,3493.7619047619046
10531.714285714286,3463.285714285714,3777.6666666666665,3472.5714285714284
10438.761904761905,3432.285714285714,3743.6666666666665,3494.6190476190477
10349.619047619048,3433.809523809524,3820.714285714286,3487.2380952380954
10307.47619047619,3425.4761904761904,3843.285714285714,3468.0
10194.047619047618,3436.904761904762,3855.0476190476193,3493.190476190476
10096.285714285714,3434.3809523809523,3797.4761904761904,3481.5714285714284
9936.142857142857,3435.7619047619046,3822.095238095238,3493.5714285714284
9790.809523809523,3410.4285714285716,3857.809523809524,3476.0476190476193
9678.52380952381,3404.809523809524,3850.4285714285716,3484.1428571428573
9589.095238095239,3408.6190476190477,3875.190476190476,3481.4761904761904
9430.0,3389.5238095238096,4076.095238095238,3483.0
9144.047619047618,3384.3333333333335,5508.428571428572,3505.3333333333335
