7204.75,7504.633,6060.625
6967.417,7253.533,5938.5
7226.333,7302.833,6007.542
8654.438,8526.767,6712.542
8472.667,8375.267,6594.333
8108.896,8040.7,6419.875
7904.396,7885.833,6317
10023.75,10179.7,7650.5
11005.417,11846,8944.542
10443.229,11403.634,8829.25
9885.042,10830.434,8459.958
9354.646,10288.6,8259.208
8951.854,9736.6,7962.75
8825.25,9426.2,7782.875
8869.792,9308.833,7555.583
8508.417,8904.767,7360.958
8129.542,8608.3,7154.542
7993.854,8329.6,6945.667
8143.438,8259.2,6851.458
7851.292,7923.1,6661.958
7590.917,7693.967,6492.875
7702.188,7833.533,6497.625
8150.375,8258.667,6617.792
7833.958,7936.833,6453.875
7584.229,7681.167,6291.667
8025.479,8244.1,6443.75
7851.646,8049.533,6345.333
7540.792,7707.167,6144.458
7310.292,7409.533,6042.5
7990.854,7692.267,6169.75
7987.021,7658.233,6137.75
7658.354,7310.1,6022.042
7544.167,7303.933,5966.25
8407.458,8330.366,6370.417
8164.917,8133.867,6317.5
7814.042,7826.3,6113.333
7905.188,7833.467,6158.333
7876.104,7734.467,6097.958
7559.083,7431.4,5991.167
7252.042,7158.133,5841
7494,7195.467,5811.667
7241.792,6907.2,5623.458
7124.375,6883.7,5572.167
7628.167,7494.767,5850.292
7361.604,7234.233,5757.333
7063.479,7003,5637.917
6854.167,6778.667,5506.333
7067.229,6817.267,5526.083
6844.438,6621.933,5470.083
6627.875,6393.033,5306.083
6672.271,6316.633,5295.792
6481.812,6122.9,5190.958
6355.229,6008.633,5085.208
7196.083,6778.433,5342.125
8453.104,8288.5,6181.417
8219.833,8134.167,6153.792
7866.854,7894.367,5967.875
7519.521,7460.7,5869.167
7529.25,7394.933,5867.75
7951.979,7781.5,6031.917
7677.438,7520.233,5869.875
7370.521,7146.833,5708.958
7431.667,7148.867,5692.375
8443.938,8132,6298.333
8200.354,8061.6,6228.625
7790.562,7668.767,6042.958
7797.646,7688.2,6041.667
8560.188,8602.934,6761.333
8215.229,8261.967,6616.458
7840.75,7931,6396.417
7777.688,7865.833,6356.333
7829,7882.267,6357.792
7510.208,7581.533,6210.542
7303.5,7264.2,5987.5
7353.021,7191.167,5975.333
7072.396,6996.467,5828.125
6831.292,6739.7,5668.625
6892.688,6571.3,5557.542
6662.083,6381.6,5432.583
6482.417,6145.933,5308.708
6331.729,5991.167,5245.125
6200,5862.133,5168.167
6080.042,5763.767,5052.5
6282.75,5814.9,5115.375
6180.438,5691.767,5052.625
6038.667,5604.2,4985.792
6560.396,5995.4,5171.25
8107.979,7778.367,6020.458
8127.792,8192.8,6190.958
7712.083,7864.1,5998.833
7378.562,7459.333,5828.958
7071.271,7134.5,5665.958
7115.042,6964.267,5630.25
6930.188,6721.433,5478.917
6686.312,6482.367,5408.667
6505.438,6239.733,5274.583
6825.583,6306.3,5269.958
6717.688,6154.867,5188.375
6549.521,5911.133,5080.375
6977.688,6185.333,5345.708
7461.958,6801,5616.667
7167.021,6577.867,5492.625
6887.354,6333.5,5362.083
6864.75,6261.633,5334.542
8175.979,7670.533,6070.75
8199.458,7984.133,6221.917
7768.667,7575.767,6051.542
7529.812,7301.733,5937.125
7227.354,6978.167,5767.417
6951.062,6752.633,5630.875
6908.938,6576.167,5494.542
6654.771,6318.533,5402.208
6480.688,6118.7,5298.625
6484.646,5966.3,5203.333
7597.854,6615.9,5633.375
7877.229,7100.433,5817.75
7547.812,6764.067,5680.667
7214.188,6534.767,5562.875
7149.312,6344.433,5428.583
6860.854,6206.233,5315.417
6626.375,5930.4,5171.292
6540.271,5834.733,5101.958
7011.729,6161,5328.25
6811.833,5954.533,5227.375
6593.312,5784.367,5133.458
6667.25,5835.6,5129.458
6741.229,5818.5,5193.292
6519.708,5639.167,5074.917
6264.708,5479.733,4960.5
6157.396,5332.867,4887.417
6295.896,5276.167,4858.875
6151.396,5178,4790.417
5980.312,5090.167,4711.083
5962.292,5029.9,4667.792
6704.708,5610.533,5025.25
7516.667,6710.733,5579.917
7245.312,6524.333,5446.167
6963.979,6266.167,5338.458
7060.646,6353,5456.5
8146.542,7645.967,6222.875
8041.062,7697.467,6271.625
7687.125,7307.367,6085.542
7273.979,6946.7,5872.167
7595.188,7296.367,6090.125
7521.562,7179.467,6029.125
7205.25,6837.5,5890.125
6915.521,6570.767,5668.125
7073.396,6628.733,5775.75
7210.729,6782.333,5929.458
6959.625,6533.167,5732.25
6698.188,6272.833,5629.958
6507.521,6085.767,5457.5
6368.146,5822.267,5340.25
6156.167,5667.7,5227.167
6018,5526.867,5130.5
5885.458,5384.167,5042.083
5742.042,5256.333,4964.875
5670.688,5165.3,4901.542
5590.417,5047.033,4840.583
6057.667,5127.667,4886.917
6020.979,5059.8,4834.292
5870.833,4974.4,4750.083
5831.354,4893,4685.167
6149.771,5041.7,4851.5
5991.583,4889.267,4760.167
5859.646,4850.867,4702
5841.729,4793.767,4635.042
5801.604,4763.567,4596.125
5682.438,4713.333,4521.292
5907.5,4815.7,4596.75
5945.979,4814.167,4571.583
5784.146,4708.7,4529.333
6057.104,4974.5,4549.458
6052.146,4947.433,4534.625
5868.667,4864.667,4476.708
5762.979,4763.6,4444.167
6329.792,5033.9,4579.917
6727.708,5358.233,4771.5
6480.125,5216.3,4696.667
6256.583,5093.167,4586.042
6258.375,5055.167,4550.958
6684.646,5431.9,4676.583
6462.5,5266.7,4602.292
6274.167,5142.267,4482.583
6731.75,5638,4703.792
7126.083,5977.967,4871.708
6850.604,5785.567,4816.917
6623.042,5625.767,4669.625
6571.583,5601.6,4707.25
6395.167,5413.733,4660.5
6130.167,5273.1,4560.667
6399.604,5355.4,4689.917
7714.521,6897.033,5448.917
7645.667,7184.7,5513.958
7335.042,6853.033,5355.375
7085.146,6638.933,5255.625
7248.479,6767.3,5338.917
6942.042,6495.767,5242.083
6665.688,6209.233,5124.458
6845.146,6234.067,5134.167
6760.167,6208.033,5072.958
6508.25,5911.033,4960.625
6490.792,5869.867,4917.708
6554.438,5893.733,4895.458
6364.292,5729.967,4778.917
6166.208,5525.533,4712.25
6714.854,5894.333,5018.958
6805.833,5961.3,5098.917
6531.958,5815.9,4956.5
6308.708,5581.133,4904.083
6552.396,5721.667,4998.167
6411.792,5600.267,4926.292
6171.688,5442.467,4882.5
6016.167,5274.367,4757.792
5830.729,5152.667,4683
5729.896,5038.267,4659.542
5596.604,4966.967,4574.375
5508.833,4883.267,4542.208
5417.333,4791.567,4481.667
5338.125,4750.333,4443.542
5345.667,4682.1,4393.458
5431.375,4610.2,4343.583
5382.25,4535.467,4356.917
5346.312,4518.233,4316.75
5970.792,4722.533,4461.917
6647.562,5025.833,4654.083
6432.875,4954.533,4588.208
6222.708,4811.4,4520.75
6642.521,5133.133,4768.333
6524.854,5051.867,4731.042
6271.604,4946.767,4643.667
6071.542,4866.267,4591.333
6336.438,4924.3,4732.458
6692.458,5059.767,4806
6448.833,4940.2,4715.5
6397.604,5019.467,4714.333
6259.188,4931.267,4623.333
6031.208,4838.1,4564
6147.104,4997.2,4693.458
6160.812,4975.1,4742.625
5963.25,4862.6,4680.458
5826.875,4791.033,4593.375
6231.479,4991.9,4640.542
6230.167,5030.267,4545.333
6014.417,4915.833,4517.333
5854.146,4841.3,4414.625
5718.667,4708.167,4409.5
5621.208,4610.067,4350.792
5523.188,4572.9,4318.333
5454.896,4526.767,4280.792
5976.688,4760.367,4513.125
6885.729,5481.333,4905.333
6650.917,5360.133,4804.125
6367.083,5232.3,4745.292
6141.854,5025,4607.875
6106.938,5019.867,4583.833
6173.271,4986.533,4600.875
5963.271,4887.433,4539.375
5787.438,4732.767,4474.292
5736.104,4714.233,4366.75
5646.646,4629.633,4341.625
5533.562,4582.033,4298.292
5484.479,4517.8,4266.083
5733.521,4554.767,4324
5628.396,4507.533,4294.792
5450.021,4477,4251.958
5526.396,4447.233,4218.458
6320.312,4938.633,4435.708
6348.896,4956.167,4426.208
6214.417,4907.9,4413.958
6951.312,5647.2,4745.125
6897.562,5742,4771.708
6595.875,5543.067,4688.583
6504.208,5418.6,4675.292
6551.854,5513.767,4694.75
6310.729,5306.233,4568.417
6148.646,5255.533,4531.667
6630.625,5797.4,4827.083
6771.958,6067.767,4903.792
6514.542,5863.967,4807.042
6336.938,5747,4731.042
6224.521,5645.7,4652.25
6044.5,5482.933,4618.25
5852.583,5329.933,4557.792
5782.5,5150.933,4502.208
5740.583,5083.9,4423.667
5604.292,4967.333,4363.917
5580.583,4923.267,4328.625
6034.979,5188.467,4430.375
5960.833,5082.633,4361.875
5810.646,4952,4293.25
5636.417,4831.233,4265.5
5507.771,4807.2,4208.083
5403.833,4682.9,4173.25
5313.708,4620.9,4166
5277.75,4569.6,4132.75
5180.646,4542.833,4120.208
5099.729,4481.233,4124.167
5274.833,4470.567,4136.667
5253.25,4450.767,4110.667
5166.562,4441,4100.958
5407.812,4571.267,4197.625
6756.542,5753.5,4875.75
7584.354,6988.233,5519.958
7255.979,6707.533,5405.708
6919.812,6433.733,5209.583
6674.417,6194.367,5089.917
6549.896,6049.8,5003.583
6308.771,5835.7,4854.625
6379.812,5780.867,4845.792
7350.062,6615.133,5367.667
7139.875,6509.1,5309.708
6821.938,6223.667,5174
6583.75,5993.7,5075.917
6558.229,5983.867,5062.917
6351.312,5761.467,4972.083
6262.333,5641.733,4910.5
7230.229,6546,5441.667
8598.312,8196.3,6419.25
9926.458,10197.566,7676.167
10972.625,12067.3,9027
10946.125,13061,9716.083
11254.667,13356.8,10150.542
11365.5,13401.467,10444
12381.396,13700.733,11546.625
12943.812,13746.566,12422.75
12594.667,13474.7,12478.833
12264.25,12944.467,12129.958
12634.375,12903.434,12477.208
12880.583,12940.634,12789.083
13059.646,12957.467,12977.333
13365.208,13147.1,13198.25
13121.75,12968.233,13106.5
12711.021,12612.4,12666.25
12954.792,12698.667,12893.25
13556.521,13041.3,13239.667
13533.062,13131.533,13367.417
13401.5,13066.634,13275.208
13342.729,13090.2,13252.458
13077.229,12873.4,12937.583
13029.792,12769.333,12950.917
13000.688,12772.767,13098.417
13250.708,12855.667,13264
13276.042,12994.467,13330.875
13107.438,12794.066,13115.208
13119.188,12850.566,13045.625
13133.062,12793.967,13074.917
13482.792,12971.267,13276.583
13273.375,12909.634,13286.25
13444.021,12842.467,13260
13484.021,12873.167,13310.542
13331.562,12750.267,13205.375
13180.646,12769.033,13145.125
12959.5,12502.3,12892.583
12540.292,12131.5,12388.292
12931.312,12265.066,12566.25
13341.646,12525.866,12903.625
13383.271,12521.733,12912.583
13293.562,12441.033,12850.042
13456.208,12515.9,13042.375
13354.917,12546,13155.5
13227.458,12520.667,13063.75
13322.667,12344.667,13152.25
13128.792,12366.566,13026.167
12832.625,12241.6,12659.917
13077.479,12219.833,12716.542
12843.396,12156.7,12522.75
12664.312,11965.7,12175.667
12904.5,12078.634,12306.042
12679.812,11930.4,12176.333
12650.021,11915.833,12186.833
12822.333,12006.5,12267.708
13133.542,12161.733,12540.875
13200.333,12219.967,12614.917
12609.854,11968.934,12152
12090.104,11649.566,11718.667
12400.604,11897.566,11897.875
12640.167,12012.7,12053.583
12095.542,11807.833,11651.708
11417.521,11265.167,11108.167
10906.062,10825.866,10628.667
10363.583,10293.9,10118.875
9891.917,9830.267,9618
9447.396,9415.1,9245.5
9126.771,9058.9,8857.667
8744.208,8633.066,8541.375
8391.125,8280.267,8205.458
8120.25,8062.133,7914.417
7929.708,7729.533,7612.792
7878.479,7465.7,7376.583
7769.229,7210.533,7098.958
7555.667,7018.867,6887.167
7374.667,6763.1,6652.792
7131.042,6588.267,6456.458
6985.333,6384.933,6269.833
6833.479,6231.633,6081.375
6648.479,6105.167,5931.042
6481.938,5957.967,5826.833
6371.771,5813.233,5648.583
6326.083,5687.967,5527.333
6170.479,5582.433,5431.25
6073.958,5465.667,5298.333
5954.021,5377.467,5172.417
5857.146,5260.567,5096.833
5754.667,5154.467,4978.458
5689.833,5088.533,4874.583
5600.333,4996.267,4821.458
5529,4961.633,4724.958
5467.667,4887.667,4733.792
5389.375,4835.9,4657.667
5350.875,4779.1,4594.667
5311.312,4708.9,4532.833
5287.188,4640.267,4459.833
5240.167,4616.067,4409.375
5206.229,4542.733,4348.375
5153.396,4519.5,4321.875
5140.708,4475.967,4277.667
5086.542,4425.067,4251.208
5052.979,4427,4226
5010.104,4343.6,4193.208
4997.375,4361.7,4133
4988.167,4332.467,4146.75
4949.146,4306.033,4102.208
4901.792,4312.1,4098.75
4928.354,4269.767,4082.125
4883.958,4202.567,4073.375
4877.542,4205.333,4054.292
4856.104,4196.6,4025.417
4835.208,4184.067,4018.958
4793.458,4148.3,4004.167
4818.917,4162.933,3988.375
4771.729,4125.567,4000.208
4789.188,4093.9,3980.167
4811.229,4101.233,3974.417
4769.167,4096.633,3952.292
4774.125,4064.5,3938.625
4788.333,4074.8,3930.417
4747.667,4046.7,3948.5
4764.729,4045.8,3955.083
4764.104,4047.1,3927.25
4771.021,4058.533,3926.417
4740.167,4007.867,3943.417
4734.562,4013.6,3916.375
4859.146,4048.133,3951.208
4993.958,4016.733,3974.917
4897.5,4024.867,3953.917
4868.833,4035.633,3962.792
4827.625,4038.667,3963.542
4863.979,4018.6,3939.292
4817.229,4001.667,3933.875
4798.479,3989.733,3917.167
4756.021,3988.5,3935.167
4717.979,3998.167,3916.292
5512.75,4080.533,4140.667
6359.812,4187.5,4398.042
6198.417,4167.333,4333.292
5956.688,4111.967,4287.958
5746.104,4080.8,4188.125
5574.042,4070.533,4183.333
5511.875,4059.533,4142.333
5395.958,4073.233,4086.458
5262.938,4013.6,4066.792
5206.688,4020.3,4039.125
5115.438,4020.333,4030.375
5223.458,4009.7,4067.958
5148.396,4010.2,4046.917
5073.646,4009.233,4030.708
5031.042,3982.367,4032.25
5074.75,4001.3,4020.125
5011.208,3973.167,3992.75
4964.25,3961.5,3972.625
4975.75,3976.833,4045.75
4875.417,3989.233,3997.208
4841.812,3953.5,3971.208
4833.354,3982.9,4001
4979.25,3989.367,4021.083
4909.958,3957.133,3981.625
4882.104,3990.233,3985.875
4818.604,3965.8,3997.417
4782.333,3983.333,4011.333
4791.646,3985.7,3971.458
4714.417,3944.333,3948.875
4762.042,3964.167,3933.875
4863.125,3970.6,3963.083
4832.458,3991.667,3960.208
4800.521,3975.6,3956.833
4947.938,4005.833,3969.917
4889.312,3967.667,3975.667
4849.062,3965.433,3950.25
4889.688,3978.533,3937.208
4822.208,3983.7,3976.5
4784.625,3952.4,3948.333
4768.458,3972.733,3929.667
4730.646,3967.467,3928.583
4739.792,3972.5,3934.625
4718.396,3956.1,3958.833
4691.792,3964.533,3925.042
4692.375,3968.967,3950.292
4663.083,3965.2,3912.917
4810,3960.667,3945.292
4787.104,3950.167,3926.792
4756.458,3979.533,3955.375
4718.208,3962.267,3906.667
4709.188,3983,3940.167
4687.917,3967.933,3938.833
4727.021,3953.033,3957.958
5844.375,4153.667,4229.583
6096.271,4234.467,4332.542
5879.062,4183.867,4271.167
5688.312,4167.067,4210.833
5647.667,4119.933,4151.125
6039.771,4181.433,4247.667
5869,4110.6,4208.25
5673.417,4122.5,4157.292
5499.271,4070.5,4123.458
5848.604,4156,4203
6239.5,4263.5,4360.792
6000.229,4201.6,4268.208
5822.188,4180.267,4210.25
6465.333,4462.7,4434.333
7268.542,5044.233,4904.083
6952.812,4971.7,4808.875
6604.583,4844.033,4667
6344.958,4740.567,4605.208
6087.625,4622.4,4472
5893.167,4514.533,4422.833
5717.417,4445.267,4402.875
5551.271,4388.233,4360.167
5469.938,4293.833,4276.792
5368.188,4264.8,4242.375
5232.125,4243.133,4207.875
5173.792,4200.467,4166.917
5116.792,4145.3,4160.625
5045.229,4116.1,4135.917
5155.312,4090.933,4132.25
5139.375,4100,4090.917
5050.604,4043.3,4082.125
4991.812,4038.1,4056.917
5065.438,4026.067,4086.875
5251.229,4024.233,4101.167
5157.583,4031.333,4098.375
5031.958,4012.8,4092.125
5009.604,3992.533,4069.708
4934.417,4006.6,4002.208
5006.688,3953.5,4033.917
5064.667,3985.733,4011.625
4995.333,3972,3990.958
4932.958,3955.267,3974.042
5061.875,3952.933,3990.083
5008.771,3963.7,3969.625
4958.521,3964.1,3963.042
4928.667,3944.367,3974.875
5265.229,3993.033,4048.875
5246.812,3966.733,4021.208
5146.104,3956.667,4017.625
5113.604,3963.267,3968.542
5010.625,3973.333,3971.208
4968.25,3943.033,4007.042
4902.688,3942.233,3973.875
4967.042,3960.267,3965.917
4918.979,3946.133,3957.875
4865.938,3935.467,3962.625
4852.625,3948.133,3930.167
4783.604,3942.367,3988.125
4757.604,3933.233,3951.167
4795.021,3932.067,3949.875
5044.208,3945,3986.375
4973.604,3950.533,3955.375
4911.479,3964.233,3980
4869.229,3938.6,3956.25
5036.458,3951.8,3980.917
4984.312,3958,4014.667
4910.417,3951.9,3946.292
4864.396,3956.433,3962.5
4836.271,3963,3939.875
4759.958,3961.933,3951.375
4781.854,3953.367,3933.25
5228.625,4004.667,4065.625
5400.521,4020.133,4075.167
5270.896,4025.567,4050.083
5135.479,3991.867,4042.25
5046.479,3991.533,4008.125
4972.833,3995.9,4022.292
4889.938,3950.667,4029.75
5070.583,3984.6,4017.208
5750.062,4167.633,4269.792
5651.292,4172.433,4211.667
5481.25,4114.067,4185.292
5401.312,4099.6,4143.083
5264.083,4044.767,4113.125
5154.25,4045.167,4090.083
5058.104,4031.567,4083.292
5147.625,4018.467,4081.792
5493.604,4133.167,4135.458
5336.25,4091.1,4087.292
5201.25,4049.8,4115.875
5101.958,4041.067,4051.708
5140.479,4002.433,4077.5
5101.5,3996.8,4055.333
5014.021,3965.167,4048.375
4985.208,3988.067,4041.042
5237.562,4054.533,4084.5
5158.5,4029.8,4059.625
5059.875,4001.167,4021.25
4972.833,3973.167,4055.208
4940.583,3967.6,4032.417
4875.5,3949.967,4030.708
4887.333,3951.433,4011.542
4895.729,3947.4,3966.292
4858.75,3942.1,3997.75
4782.042,3926.467,3977.917
4802.333,3910.167,3976.333
4752.896,3895.967,3996.667
4709.583,3917.133,3962.625
4685.125,3909,3968.208
4734.208,3920.867,3956.833
4695,3925.7,3964.5
4662.562,3920,3951.833
4747.396,3878.467,3970.042
4723.979,3911.533,3957.625
4676.188,3896.367,3962.417
4654.604,3906.067,3953.75
4804.083,3933,4027.292
4829.042,3928.8,3983.708
4744.688,3893.9,3964.333
4742.25,3912.033,3970.292
4904.125,3937.667,4016
4854.021,3926.3,3969.083
4823.417,3926.367,3964.042
4769.208,3906.367,3974.917
4776,3921.833,3963.583
4733.292,3911.167,3965.875
4717.667,3934.567,3935.667
4691.833,3908.933,3963
4719.417,3918.933,3938.458
4770.875,3914.167,3945.958
4727.146,3908.8,3980.042
4709.312,3900.733,3906.583
4655.896,3912.433,3942.875
4790.229,3872.1,3956.583
4742.229,3912.567,3970.292
4709.104,3907.833,3935.375
4680.271,3901.433,3938.417
4666.083,3895.033,3919.042
4598.479,3900.767,3954.375
4609.021,3890.733,3924.667
5151.417,3994.1,4072.667
5777.188,4256.267,4229.833
5594.104,4217.067,4176.333
5413.146,4140.767,4132.833
5262.792,4136.7,4067.125
5414.854,4204.767,4127.042
5371.333,4182.7,4084.625
5200.854,4120.967,4076
5104.417,4097.867,4049.625
5025.375,4057.667,4013.75
4912.188,4017.767,4050.208
4926.479,4033,4039.083
4924.562,4015.467,4011.75
4823.938,3985.9,3998.75
4794.188,3962.033,3958
4951.542,3984.4,4032.125
4929.771,3985.833,4008.583
4832.625,3980.2,4000.542
4783.417,3966,3978
4760.875,3952.833,3974
4731.979,3909.833,3973.833
4698.396,3930.5,3940.208
4673.229,3920.233,3965.083
4636.854,3906.433,3948.375
4632.146,3904.5,3982.583
4627.146,3906.167,3935.542
4602.25,3892.533,3965.375
4594.625,3892.933,3939.708
4563.958,3892.9,3924.958
4585.438,3900.767,3945.083
4589.833,3874.433,3928
4567.167,3881.867,3953.042
4649.062,3863.867,3960.583
4710.271,3881.4,3972.583
4695.896,3895.1,3959.208
4653.312,3879.733,3927.542
4634.167,3872.8,3960.667
4629.521,3853.333,3924.833
4640.771,3867.567,3925.333
5453.646,4040.767,4117.083
6366.708,4357.933,4378.375
7092.458,4919.5,4631.167
7599.958,5506.333,5116.417
8390.625,6285.667,5889.667
9182.688,7130.7,6683.458
9138.625,7821.3,6874.792
9211.792,8407.233,7235.583
8981.833,8398.533,7027.542
9590.667,8719.333,7361.833
10055.438,9168.733,7853.542
9601.938,9042.667,7716.292
10037.167,9335.3,7991.917
11161.938,10470.967,9116.917
11367.812,11302.366,9631.875
10752.479,10991.134,9325.958
10328.021,10555.733,9021.083
10998.938,10700.6,9480.667
11196.729,10866.434,9647.208
10748.5,10536.267,9340.875
11145.208,10637.634,9572.542
11997.583,11503.233,10479.75
12248.875,12187.967,10999.083
11727.042,11900.833,10794.875
11197.958,11471.3,10454.875
10682.438,11037.9,10062.75
10611.188,10794.467,9998.833
11793.792,11535.434,10998.292
12089.979,12009.8,11395.417
11483.604,11719.233,11069.125
11419.271,11431.667,10911.042
11781.542,11439.7,11139.5
11204.875,11102.9,10766.25
10799.479,10764.434,10480.083
11536.292,11055.167,10928.042
12473.021,11948.033,11738.042
12671.25,12410,12175.667
12084.479,12125.566,11802.708
11491.375,11726.634,11348.375
11147,11325.167,10933.5
12017.771,11723.634,11479.25
12490.542,12085.333,11871.417
12003.688,12063.7,11540.458
11608.833,11657.033,11211.375
11035.625,11181.6,10857.042
10932.833,10981.733,10613.5
12103.521,11641.7,11344.708
12514.542,12183.467,11788.042
11983.792,11972.066,11450
11485.542,11567.8,11144.542
12284.708,11895.634,11656.208
12431.792,12082.9,11870.625
11794.646,11717.233,11419.583
11573.292,11546.533,11284.292
12074.333,11719.134,11612.125
11931.562,11789.233,11658.875
11656.208,11659.934,11438.083
12189.729,11977.7,11906.792
12493.479,12223.934,12138
12343.708,12275.533,12166.333
11628.542,11925.467,11649.917
11224.271,11484.767,11236.792
11525.125,11514.833,11451.167
12319.146,11917.267,12041.375
12668.312,12244.667,12539.708
12226.938,12111.7,12130.25
11673.646,11723,11768
11738,11652.566,11628.917
11335.208,11380.866,11287.125
11755.979,11474.6,11359.083
12357.708,11860.333,11789.708
12159.062,11803,11660.125
11656.25,11527.4,11294.042
11089.125,11100.634,10882.958
11847.104,11356.767,11407.792
12306.312,11697.833,11714.333
12130.021,11663.233,11512.458
11475.271,11257,11142.25
11781.208,11389.1,11381.333
12030.583,11501.1,11598.792
12046.958,11610.066,11739.625
11707.458,11404.767,11499.875
12133.25,11559.333,11595.042
12079.271,11510.2,11647
11485.417,11129.434,11146.958
11492,11149.6,11138.958
12149.333,11481.667,11629.917
12455.562,11828.934,11897.208
11920.938,11625.3,11552.792
11355.708,11260.167,11140.042
11560.083,11286.3,11278.5
11423.042,11314.767,11181.333
11202.917,11101.767,10966
11891.438,11519.267,11445.625
11915.146,11585.4,11427.208
11783.271,11635.2,11319.667
11257.229,11368.566,11078.667
10860.646,11133.566,10747.542
11592.625,11299.533,11081.042
12004.604,11508.033,11415.792
11985.938,11545.767,11500.208
11537.312,11274.8,11184.667
11151.188,11048.267,10860.375
11538.542,11081.233,11068.458
12099.479,11349.1,11478.125
12014.604,11441,11571.958
11425.125,11089.8,11135.042
10990.104,10804.733,10720.583
11690,11047.566,11114.583
11923.062,11307.134,11395.083
11283.708,10985.434,10916.917
10799.062,10718.233,10645.458
11449.292,10796.2,11017.458
11492.271,10931.767,10930.208
10868.667,10581.4,10525.583
10920.104,10500.634,10510.208
11589.562,10832.866,10915.792
11569.938,10991.366,11096.292
11406.125,11012.634,10955.667
10860.229,10722.934,10545.208
10640.562,10576.733,10415.458
10205.146,10337.134,10155.75
9713.833,9969.667,9668.792
9324.438,9660.2,9316.792
8970.479,9296.8,9012.5
8578.417,8916.866,8714.25
8300.5,8656.566,8408.208
8020.104,8356.934,8201.167
7755.396,8127.9,7907.75
7533.354,7874.733,7667.458
7294.333,7624.367,7494.875
7133.542,7424.533,7204
6990.438,7243.167,7027.917
6789.917,7057.8,6832.667
6630.229,6888.533,6649.375
6472.542,6699.433,6514.958
6372.708,6549.833,6370.25
6271.417,6430.2,6202.625
6154.5,6302.367,6066.333
6072.354,6144.5,5961.75
5956.417,6040.233,5827.792
5819.771,5907.2,5731.958
5785.646,5805.8,5596.75
5742.625,5707.733,5526.167
5676.438,5573.233,5349.458
5599.083,5521.867,5371.375
5500.354,5466.9,5242
5401.375,5323.5,5171.042
5352.729,5276.6,5072.75
5305.125,5181.4,4991.375
5222.042,5126.067,4910.333
5137.021,5028.7,4832.625
5107.833,4943.4,4756.708
5061.312,4896.367,4725
5001.812,4821.333,4650.792
4955.354,4798.467,4615.125
4910.833,4737.533,4604.917
4903.875,4677.167,4543.75
4861.75,4658.233,4487
4851.562,4590.3,4467.583
4808,4571.033,4428.208
4783.708,4490.567,4396.542
4762.229,4461.967,4341.5
4721.938,4443.2,4300.583
4727.104,4398.067,4279.833
4684.792,4362.667,4259.208
4666.375,4361.633,4235.417
4650,4313.6,4214.458
4622.583,4306.1,4186.167
4605.333,4238.967,4168.792
4601.604,4235.833,4139.875
4590.104,4207.467,4139.208
4551.583,4155.933,4114.458
4562.646,4168.133,4061.5
4535.354,4143.433,4051.875
4540.229,4103.033,4021.167
4514.208,4062.133,4032.083
4523.833,4074.6,4062.25
4501.5,4070.467,3998.25
4484.479,4032.267,4004.375
4496,4019.367,4009.167
4509.396,4008.333,3960.208
4468.854,4027.033,3990.042
4492.104,3978.833,3977.667
4484.646,3955.767,3960.333
4485.854,3976.133,3931.042
4471.958,3966.3,3947.458
4474.042,3961.467,3936.125
4470.646,3931.7,3944.125
4462.542,3934.333,3948
4463.792,3940.1,3925.083
4460.625,3913.933,3915.542
4456.604,3890.767,3911.417
4468,3897.933,3911.792
4441.188,3898.1,3933.625
4467.312,3851.433,3904.208
4455,3853.967,3919.458
4450.5,3858.267,3917.875
4445.417,3865.667,3889.25
4429.188,3822.633,3910.667
4456.958,3861.733,3893.208
4445.688,3852.9,3865.417
4440.479,3851.7,3897.167
4447.021,3845.867,3890.083
4419.688,3850.133,3867.583
4424,3837.967,3890.708
4426.396,3826.8,3872.292
4444.521,3859.867,3890.708
4443.375,3841.667,3883.25
4430.604,3798.567,3880.75
4416.104,3802.533,3875.792
4423.292,3812.1,3889.625
4420.25,3808.267,3903.875
4449.708,3805.833,3866.583
4415.854,3803.467,3889.25
4444.167,3794.8,3893.708
4426.833,3801.533,3919.375
4450.521,3793.733,3935
4447.771,3783.933,3923.917
4415.979,3793.267,3903.917
4435.354,3802.133,3919.333
4426,3790.133,3915.125
4452.979,3790.067,3890.417
4423.417,3799.967,3873.667
4420.521,3802.333,3908.458
4424.146,3785.4,3901.083
4429.854,3796.1,3869.5
4414.854,3807.7,3878.25
4424.958,3794.533,3894.25
4389.208,3795.967,3859.375
4412.75,3799.367,3873.958
4423.25,3771.5,3884.75
4432.583,3780.433,3873.167
4406.146,3776.467,3855.333
4420.521,3778.467,3867.958
4427.875,3800.933,3922.25
4439.604,3776.133,3883.125
4401.396,3783.433,3903.708
4424.875,3791.2,3879.667
4419.562,3744.533,3888.667
4419.417,3780.933,3869.875
4414.521,3799.767,3892.583
4415.167,3796.7,3845.542
4430.25,3782.333,3866.792
4566.25,3787.267,3926.25
5011.021,3780.8,4076.208
4925.271,3766.067,4006.417
4850.708,3772.2,4000.833
4795.354,3798.1,3988.125
4711.062,3779.333,3942.958
4658.938,3790.933,3931.958
4602.958,3782.633,3929.458
4589.042,3753.767,3945.958
4575.542,3775.333,3920.667
4568.833,3778.133,3908.5
4504.146,3772.5,3896.292
4499,3771.933,3912.875
4498.667,3749.667,3889.417
4453.562,3766.6,3901.708
4440.021,3780.733,3860.083
4475.021,3774.267,3847.875
4440.396,3744.767,3859.708
4455.583,3768.733,3893.417
4435.208,3748,3874.583
4433.188,3763.6,3872.167
4442.479,3786.133,3854.875
4461.667,3782.2,3895.708
4416.646,3768.467,3904.917
4453.688,3772.433,3877.417
4420.771,3762.033,3886
4450.229,3785.733,3898.333
4447.042,3748.533,3894.583
4428.333,3772.833,3863.5
4452.604,3774.467,3874.417
4431.979,3754.867,3864.458
4436.688,3775.8,3864.917
4413.958,3772.167,3877.25
4439.583,3777.2,3852.083
4426.917,3776.3,3896.292
4475.188,3787.2,3871.208
4454.292,3760.733,3896.75
4444.812,3789.8,3880.833
4435.479,3773.067,3857.417
4447.833,3755.8,3861.542
4454.708,3756.767,3874.917
4425.312,3794.767,3877
4445.646,3772.167,3851.875
4456.271,3764.767,3884.042
4444.188,3784.1,3868.125
4416.833,3760.433,3858.292
4440.521,3780.8,3851.792
4420.438,3753.5,3872.542
4419.438,3766,3868.625
4399.521,3763.167,3884.5
4421.854,3773.633,3851.25
4437.938,3772.767,3869.708
4395.354,3766.667,3884.75
4414.812,3785.267,3853.583
4421.562,3757.867,3859.833
4414.833,3775.3,3869.083
4416.167,3775.733,3869.875
4415.75,3765.8,3835.75
4415.292,3774.833,3872.833
4402.875,3737.767,3877.667
4426.396,3771.333,3849.708
4433.542,3771.4,3849.875
4421.021,3777.1,3872.5
4421.833,3747.667,3835.167
4399.875,3764.133,3837.5
4405.125,3766.467,3860.042
4393,3783.367,3881.542
4409.792,3769.467,3852.917
4416.229,3756.733,3847.5
4405.104,3753.2,3853.625
4400.458,3736.533,3830.625
4432.438,3749.233,3859.75
4402.021,3775.567,3863.583
4390.521,3770.033,3832.958
4437.854,3752,3845.083
4428.979,3750.433,3878.458
4386.625,3778.633,3865.292
4415.625,3755.067,3848.792
4412.771,3783.6,3852.833
4396.417,3749.5,3862.375
4393.458,3762.133,3866.083
4391.917,3766.133,3825.833
4417.146,3767.233,3877.042
4401.938,3747.8,3834.583
4533.229,3749.167,3887.625
4681.417,3763.133,3905.625
4635.708,3743.067,3875.417
4586.167,3773.233,3896.333
4561.438,3749.3,3907.75
4508.208,3743.6,3885.75
4512.417,3773.667,3861.125
4487.458,3752.833,3854.625
4468.896,3740.967,3850.875
4562.5,3766.833,3856.375
4557.354,3749.8,3858.458
4541.188,3781.9,3900.042
4527.583,3768.9,3868.75
4602.958,3744.167,3898.708
4554.604,3756.967,3897.792
4528.479,3761.967,3875.458
4517.646,3780.5,3923.792
4496.167,3755.467,3901.792
4463.021,3776.1,3897.958
4452.667,3743.267,3882.833
4451.333,3750.767,3852.167
4450.021,3767.133,3877.75
4448.354,3782.467,3882.375
4470.375,3757.8,3883.583
4451.667,3762.333,3896.792
4417.458,3764.7,3858.917
4448.458,3748.8,3836.5
4447.562,3762.7,3850.5
4433.938,3756.267,3828.958
4411.729,3751.3,3839.042
4420.75,3753.833,3865.75
4404.417,3757.767,3851.375
4409.208,3745.833,3867.125
4419.562,3735.333,3845.042
4407.333,3766.633,3877.583
4413.271,3763.433,3874.042
4431.375,3745.733,3877.083
4482.042,3755.267,3891.042
4457.854,3742.933,3854.542
4423.854,3752.5,3873.833
4462.771,3749.533,3852.333
4580.229,3735.1,3871.708
4544.896,3742.833,3862.708
4521.208,3748.7,3869.083
4540.875,3742.067,3870.542
4536.25,3755.267,3862.875
4522,3779.3,3865.25
4490.542,3741.067,3870.625
4593.729,3755.267,3877.125
4587.229,3742.7,3897.292
4527.833,3764.233,3888.75
4493.25,3748.167,3863.917
4529.604,3734.233,3871.25
4523,3737.6,3846.417
4479.917,3743.7,3868.708
4492.104,3747.7,3863.917
4472.854,3748.867,3850.458
4454.312,3762.9,3872.708
4454.125,3741.133,3867.708
4469.917,3750.367,3844.917
4480.688,3759.767,3855.542
4435.667,3743.2,3839.75
4436.104,3755.933,3858.417
4427.812,3743.867,3842.542
4420.75,3736.267,3844.458
4439.833,3747.267,3855.875
4419.958,3734.633,3866.333
4399.188,3763.767,3870.208
4431.812,3722.233,3833.667
4398.417,3770.467,3854.792
4400.75,3748.1,3848.25
4407.5,3766.233,3875
4404.667,3754.767,3889.25
4396.312,3740.733,3877.167
4392.812,3766.1,3854.5
4394.167,3734.2,3876.208
4414.562,3752.433,3858.667
4388.5,3770.8,3875.5
4417.396,3733.9,3842.667
4394.542,3726.7,3857.875
4388.771,3725.9,3832.708
4425.896,3738.767,3854.083
4411.417,3749.333,3845.458
4404.917,3745.2,3859.833
4490.646,3745.767,3850.708
4614.833,3734.1,3894.208
4594.896,3732.833,3874.333
4548.583,3735.233,3857.208
4518.875,3737.233,3836.667
4576.708,3730.6,3873.792
4588.562,3746,3875.5
4555.792,3713.7,3834.083
4520.917,3741.733,3865.875
4568.292,3758.333,3835.833
4711.583,3739.633,3880.75
4654.688,3752.733,3843.625
4623.792,3744.4,3863.458
4580.5,3753.8,3854.958
4551.375,3730.633,3880.958
4529.333,3753.3,3844.667
4502.229,3751.133,3879.958
4472.896,3733.167,3853.958
4444.438,3725.8,3859.375
4441.417,3726.9,3858.75
4435.229,3721.267,3854.542
4417.896,3751.767,3826.375
4417.229,3750.333,3839.042
4402.896,3756.167,3837.042
5037.417,3840.2,4037.958
5970.875,4130.7,4371.375
5818.958,4157.933,4297.625
5564.396,4125.333,4227.833
5412.25,4074.233,4160.333
5751.75,4232.367,4302.167
6562.75,4673.067,4805.292
6841.167,4900.267,4911.875
6514.625,4828.333,4780.875
6254.375,4661.333,4678.583
6783.708,4769.9,4923
7532.229,4998.3,5416.875
7394.292,5011.567,5427.708
7010.333,4879.4,5280.083
6984.583,4801.5,5235.708
7142.771,4758.333,5195.292
6847.5,4631.2,5101.042
6536.688,4540.3,4995.583
6612.292,4472.067,4951.125
7769.771,4779.433,5520.292
8894.125,5326.067,6429.083
8983.042,5633.067,6564.25
8535.021,5462.467,6336.75
8191.312,5312.6,6112.708
8658.604,5249.333,6485.167
9128.521,5390.333,6947.083
9739.771,5672.667,7364.958
9504.062,5626.267,7262.75
9048.917,5461.667,6952.625
8666.812,5319.967,6728.042
9012.646,5329.7,6873.417
9759.417,5617.367,7360.833
9475.542,5597.367,7419.25
9064.583,5442.167,7241.542
9416.583,5411.167,7418.083
10224.396,5847.333,8127.792
10090.792,5911.133,8041.958
9568.312,5762.967,7760.083
9278.812,5585.267,7538.75
9651.479,5547.1,7812.5
9991.812,5637.3,8028.542
9897.708,5710.433,8072.708
10488.125,6014.1,8508.625
10236.688,6022.767,8475.708
9836.771,5878.9,8348.75
10728.438,6324.1,9136.792
10846.062,6703.267,9373.125
10280.833,6564.033,9047.25
9955.958,6351,8940.917
10802.396,6659.533,9611.667
10560.604,6806.833,9577.208
10153.833,6756.633,9338.167
9859.146,6578.333,9094.542
10167.083,6677.467,9474.625
10655.833,6946.133,9787.208
10145.875,6795.467,9443.5
9796.604,6599.633,9225
10727,7180.4,10000.375
10552.917,7383.667,9833.458
10033.021,7158.467,9575
10199.562,7147.467,9853.083
10509.521,7315.4,10139.708
10775.25,7506.767,10468.292
10735.229,7735.567,10385.625
10238.25,7557.067,10042.375
10408.5,7634.433,10241.042
10711.583,7947.7,10549.5
10249.792,7752.467,10153.583
10008.188,7576.767,9981.125
10619.896,7987.067,10515.375
10712.875,8359.833,10558.417
10190.417,8122.433,10190.792
10405.979,8199.667,10489.917
11158.583,8931.5,11059.583
10774.104,9129.9,10827.958
10442.979,9041.233,10550.708
10331.208,8954.066,10516.875
9846.583,8647.533,10147.208
10377.75,8863.667,10499.167
10848.208,9357.434,10828.292
10408.104,9249.634,10484.042
9860.958,8957.467,10166.542
10480.146,9213.667,10598.75
10842.021,9630.967,10844.458
10274.438,9413.6,10508.25
10026.271,9211.667,10364.25
10427.062,9652.066,10789.167
11092.708,10234.134,11177.125
10804.938,10362.4,11021.042
10268.771,10069.167,10676.708
10203.333,9902.866,10685.833
10616.75,10147.866,10940.875
10162.938,10061.9,10618.875
10229.479,10125.934,10750.042
10337.688,10185,10790.042
9991.521,10051.233,10591.167
10326.625,10299.233,10818.792
10884.646,10764.3,11207.75
10533.458,10642.967,10890.083
10088.375,10351.2,10507.917
10167.438,10335.733,10598.958
10800.938,10680.333,11042.083
11274.5,11141.4,11495.5
11199.875,11216.2,11370.292
10661.438,11006.833,10981.792
10320.458,10656.533,10877.125
11016.646,10949.9,11324.375
10868.958,10956.934,11115.625
10780.125,10952.167,11130.833
10231.833,10712.2,10787
10370.021,10570.2,10831.625
10766.583,10852.833,11184.792
10424.521,10657.767,10841.542
10241.75,10569.6,10708.292
10560.208,10778.9,11168.083
10339,10811.1,11203.542
10611.271,10914.267,11221.167
10255.146,10749.7,11024.083
9833.583,10428.233,10745.167
10426.854,10793.9,11178.458
10414.25,10929.4,11257.667
10085.854,10810.8,11072.25
9570.312,10516.7,10663.958
9478.458,10288.967,10518.083
10020.958,10505.866,10910.625
10816.917,10918.9,11340.75
10716.396,11015.733,11150.667
10276.833,10833.366,10909.958
9944.396,10643.434,10609.208
9866.667,10529.634,10595.25
10490.708,10694.533,10931.917
10504.792,10743,10923.333
10571.312,10809.5,11106.542
9994.042,10521.667,10703.083
10479.271,10571.167,11097.708
10884.979,10945.066,11394.958
10357.312,10736.333,10952.833
9990.979,10435.5,10671.667
10497.542,10595.1,11050.333
10221.021,10544.333,10779.375
9847.146,10374.3,10461.333
10352.75,10607.566,10852.625
10689.396,10766.7,11013.75
10640,10781.7,11058.625
10830.958,10897.333,11289.5
10276.542,10624.566,10851.667
9823.396,10288.967,10433
10398.896,10352.667,10758.5
10608.583,10621.2,10959.042
10101.938,10368.533,10625.708
9680.021,10133.3,10276.333
9655.75,10036.066,10252
10275.729,10269.066,10699.458
10737.729,10624.434,10932.417
10217.229,10546.233,10571.417
9961.625,10376.333,10426.542
10094.75,10339.866,10577.625
9725.646,10172.033,10235
9438.125,9998.366,9986.458
9977.167,10186,10369.75
10639.979,10678.566,10720.208
10387.771,10735.866,10652.583
10025.25,10529.5,10528.292
10314.833,10503.767,10705.625
10583.542,10666.733,10916.333
10198.604,10470.066,10603.417
9837,10260.634,10402.25
10120.521,10295.233,10655.75
10566.375,10478.8,10903.875
10087.021,10284.366,10536.625
9817.396,10092.1,10352
10257.396,10257.033,10666.333
10465.208,10385.733,10815.5
9924.938,10146,10544.542
9415.208,9843.1,10057.042
9803.667,9926.667,10299.792
10430.771,10276.7,10670.167
10291.104,10384.467,10675.917
10177.167,10285.267,10777.5
9840.896,10113,10480.292
9324.104,9811.9,10077.208
9730.125,9752.066,10369.25
9684.812,9763.2,10320.042
9283.917,9485.7,9963.625
8898.958,9197.4,9624.625
8573.5,8971.833,9370.208
8228.688,8696.833,9024.458
7925.625,8379.5,8733.542
7649.625,8227.967,8513.833
7418.625,7969.2,8251.417
7236.625,7769.033,7972.167
7061.771,7581.1,7745
6858.542,7346.667,7565.625
6711.125,7173.967,7361.25
6568.292,7008.5,7162.167
6429.646,6864.8,6968.625
6289.479,6745.233,6834.167
6170.292,6609.133,6702.708
6107.917,6423.6,6490.708
5993.354,6292.867,6386.542
5907.938,6204.4,6259.333
5857.833,6082.067,6155.083
5715.625,6012.167,5998.208
5642.125,5849.567,5893.917
5562.604,5784.267,5769.167
5502.167,5687.233,5681.292
5430.625,5597.8,5594.042
5397.75,5581.8,5506
5339.875,5435.167,5429.917
5319.917,5383.7,5318
5239.875,5301.9,5270.042
5182.062,5258.833,5161.292
5149.292,5171,5048.875
5064.5,5088.067,5007.167
5033.708,5033.933,4912
4994.667,4982.733,4891.542
4948.521,4922.9,4784.083
4920.479,4869.267,4748.625
4852.833,4813.033,4695.792
4860.062,4759.733,4658.042
4806.229,4730.967,4615.25
4786.167,4689.9,4532.167
4754.021,4637.633,4500.875
4704.021,4586.2,4488.875
4696.542,4563.633,4432.958
4654.417,4516.233,4407.542
4625.958,4474.3,4352.625
4603.521,4409.933,4371.958
4606.042,4414.6,4326.167
4569.521,4354.167,4300.5
4567.396,4358.133,4260.875
4523.417,4329.567,4233.917
4533.396,4305.7,4216.667
4522.479,4282.833,4174.292
4501.083,4240.3,4158.417
4504.292,4208.6,4194.375
4485.833,4206.367,4091.25
4469.812,4167.533,4116.208
4446.604,4146,4097.75
4448.042,4086.6,4104.542
4456.417,4089.5,4080.75
4447.896,4056.867,4039.375
4420.312,4039.867,4019
4420.75,4043.333,4024.875
4389.604,4005.9,4009.917
4375.521,4016.033,4021.792
4391.25,4025.067,3970.5
4387.771,3984.367,3955.417
4390.792,3982.5,4003.125
4378.396,3958.5,3972.792
4351.812,3952.467,3976.75
4354.042,3927.367,3963.708
4356.792,3920.867,3981.417
4339.938,3910.233,3949.5
4349.75,3904.6,3962.667
4349.312,3888.067,3947.417
4339.312,3886.033,3930.542
4337.688,3878.267,3925.292
4338.25,3857.2,3895.208
4332.375,3832.3,3928.917
4326.5,3828.3,3920.917
4321.562,3816.433,3888.75
4319.458,3841.867,3871.208
4320.396,3790.967,3919.292
4309.875,3829.9,3894.542
4299.333,3826.367,3871.75
4306.146,3805.733,3894.333
4290.604,3787.567,3883.542
4270.146,3792.533,3869.333
4276.75,3780.6,3831.5
4299.917,3762.2,3862.542
4307.542,3780.967,3844.542
4278.646,3789.233,3854.833
4281.5,3758.5,3864.833
4304.542,3772.7,3859.542
4290.625,3769.3,3852.042
4288.583,3736.6,3852.292
4303.812,3741.8,3841.333
4308.792,3720.433,3868.625
4300.625,3733.1,3824.375
4300.188,3698.433,3836.125
4287.042,3709.533,3836
4265.396,3727,3810.417
4266.646,3708.467,3848.708
4295.083,3728,3863.667
4290.333,3714.367,3830.833
4266.562,3722.367,3824.125
4282.458,3706.767,3855.5
4289.458,3709.167,3843.833
4284.375,3672.867,3857.583
4271.562,3704.933,3808.167
4276.667,3725.867,3831.75
4314.438,3712.767,3843.667
4284.167,3696.9,3811.708
4290.688,3710.5,3845.375
4270.792,3702.2,3830.042
4294.167,3693.733,3818.625
4298.438,3715.667,3820.208
4278.375,3713.9,3817.708
4297.562,3701.233,3847.625
4300.25,3710.1,3823.208
4283.688,3671.767,3838.708
4269.042,3674.267,3853.5
4306.417,3705.8,3789.792
4297.479,3707.167,3826.208
4263.271,3683.067,3838.667
4295.042,3672.867,3827.417
4277.958,3691.5,3825.958
4284.312,3689.933,3813.833
4286.271,3665.033,3811.75
4292.5,3674.9,3807.542
4298.396,3683.333,3816.458
4291.875,3676.167,3819.083
4277.417,3684,3842.542
4281.833,3668.8,3817.792
4271.021,3680.333,3829.458
4274.729,3674.1,3775.625
4282.271,3696.133,3828.667
4269.042,3679.933,3796.25
4270.812,3681.133,3781.375
4268.792,3682.833,3811.125
4277.646,3673.5,3835.333
4279.25,3645.3,3813.125
4288.792,3691.467,3828.458
4277.396,3645.767,3798.042
4293.375,3647.6,3810.458
4303.604,3685.367,3811.083
4271.896,3665.233,3823.875
4298.396,3677.033,3833.708
4299.667,3679.5,3821.875
4280.021,3670.833,3804.708
4293.438,3666.933,3807.875
4298.25,3661.933,3806.042
4270.083,3666.267,3812.833
4290.5,3657.733,3777.417
4276.562,3690.6,3825.708
4271.375,3640.033,3803.625
4316.458,3685.167,3790.833
4291.812,3662.233,3812.25
4292.042,3692.1,3800.792
4313.208,3657,3817.125
4284.417,3685.7,3818.292
4283.479,3686.467,3806.875
4276.854,3677.367,3815.875
4275.292,3649,3781.208
4282.125,3651.767,3789.167
4289.458,3668.233,3799.125
4314.917,3690.333,3826.042
4292.458,3652.6,3792.75
4301.688,3673.567,3806.208
4277.958,3647.5,3794.083
4293.125,3666,3805.167
4288.354,3660.033,3795.667
4298.979,3677.1,3794.75
4767.958,3661.933,3912.167
4922.333,3670.167,3951.125
4856.729,3658.067,3900.833
4788.438,3651.433,3861.667
4678.979,3654.167,3865.333
4618.854,3669.833,3873.625
4603.562,3658.267,3833.458
4541.979,3681.633,3854.042
4519.604,3667.633,3838.625
4470.583,3681.267,3859.167
4464.021,3673.767,3838.042
4412.188,3694.033,3851.75
4397.583,3651.567,3850.958
4381.354,3662.667,3835.542
4323.646,3689.5,3820.125
4356.104,3694.833,3832.042
4345.646,3669.7,3832.833
4334.333,3667.133,3818.875
4325.917,3658.833,3825.75
4316.021,3666.867,3834.208
4304.354,3668.7,3814.167
4316.396,3670.133,3806.208
4305.917,3658.7,3821.542
4282.417,3679.867,3802.333
4316.896,3668.633,3814.417
4296.583,3681.967,3829.875
4305.5,3649.267,3820.333
4303.812,3686.967,3824.25
4286.146,3673.6,3825.25
4291.708,3637.767,3808.292
4293.438,3676.133,3814.875
4289.188,3655.2,3796.875
4278.5,3659.367,3807
4276.271,3677.767,3828.708
4282.75,3667.8,3815.667
4271.583,3670.7,3818.083
4268.167,3660.533,3800.5
4290.021,3638.233,3794.958
4282.271,3667.033,3825.625
4297.312,3666.033,3815.667
4285.104,3670.2,3829.917
4308.312,3662.4,3815.875
4299.042,3636.467,3813.125
4308.062,3655.767,3801.083
4266.958,3654.167,3795.417
4300.417,3665.133,3798.667
4290.854,3641.733,3812.458
4273.917,3649.433,3815.292
4281.312,3681.067,3815.125
4282.729,3686.633,3826.875
4288.896,3640.333,3808.917
4276.625,3661.8,3820.333
4273.271,3652.267,3840.5
4290.25,3650.833,3822.125
4291.833,3645.233,3785.708
4277.312,3664.633,3828.542
4304.312,3653.367,3798.042
4286.771,3648.333,3818.292
4300.604,3684.267,3845.167
4271.417,3665.2,3831
4289.979,3672.467,3801.958
4275.396,3644.533,3800.208
4260.771,3630.933,3803.667
4295.896,3684.133,3799.042
4280.312,3678.633,3830.208
4290.229,3643.9,3789
4274.688,3650.2,3812.5
4295.104,3664.367,3815.708
4290.583,3653.767,3790.625
4277.938,3655.5,3776.208
4283.75,3647.033,3795.875
4257.667,3642.067,3812.375
4290.271,3633.067,3793.875
4289.562,3632.067,3805.417
4292.396,3643.433,3804.583
4267.646,3657.4,3809.333
4272.979,3647.833,3789.458
4278.375,3660.333,3791.208
4276.354,3634.667,3783.792
4267.104,3655.167,3805.167
4270.208,3658.133,3795.917
4301.125,3653.1,3814.208
4282.5,3654.533,3805.125
4275.125,3638.4,3809.667
4275.792,3632.533,3783.5
4288.458,3665.1,3805.833
4265.438,3664.967,3805.667
4278.708,3672.533,3805.083
4266.479,3676.433,3818.083
4274.042,3671.567,3782.625
4267.833,3662.133,3794.958
4275.771,3648.833,3779.458
4263.104,3640.667,3797.125
4295.854,3642.433,3825.167
4260.833,3635.133,3800.167
4277.771,3656.267,3807.417
4295.854,3656.8,3799.375
4290.542,3650.7,3780.333
4281.938,3664.3,3812.792
4286.104,3643,3775.458
4289.583,3653.567,3798.042
4285.917,3643.867,3809.542
4264.312,3655.233,3795.875
4261.375,3650.2,3799.667
4272.312,3629.6,3817.417
4260.312,3622.6,3782.833
4260.104,3648.333,3810.25
4292.25,3642.1,3775.125
4265.042,3641,3785.083
4279.958,3635.967,3782.708
4265.5,3631.3,3776.375
4280.604,3654.933,3805.5
4267.896,3649.967,3801.458
4253.5,3637.833,3794.208
4271.625,3648.7,3806.417
4286.167,3643.133,3808.417
4285.896,3622.933,3791.875
4270.021,3645.467,3816.083
4257.604,3644.2,3826.583
4275.958,3642.6,3797.708
4270.188,3637.6,3794.958
4272.229,3657.467,3810.583
4269.75,3627.5,3805.708
4261.979,3649.967,3813.583
4242.229,3643.967,3802
4273.042,3624.767,3800.333
4293.792,3617.367,3778.875
4265,3636.633,3822.125
4275.812,3627.9,3759.5
4299.271,3644.167,3765.958
4284.562,3610.4,3803.5
4283.021,3625.267,3777.583
4293.771,3646.3,3781.75
4273.188,3651.333,3799.083
4284.208,3672.7,3769.25
4282.938,3635.4,3779.667
4327.375,3650.8,3804.708
4681.312,3639.967,3891.542
4627.208,3638.367,3878.5
4583.25,3640.6,3889.458
4661.521,3622.767,3942.208
4963.354,3632,4011.792
5375.917,3686.267,4191.25
5298.5,3701.433,4196.333
5141.562,3694.833,4109.958
5362.083,3812.633,4231.583
5559.625,3984.567,4323.042
5456.417,4135.233,4272.083
5301.417,4089.467,4197.667
5152.167,4058.8,4183.167
5166.688,4030.933,4175.958
5286.875,3993.367,4143.333
5506.771,4020.867,4225
5928.979,4280.6,4537.625
5743.396,4303.733,4501.375
5551.938,4240.267,4425.792
5725.688,4287.5,4552.792
6125.771,4423.967,4785.833
5873.792,4374.8,4711.25
5695.25,4309.9,4627.042
5827.604,4354.367,4806
5729.438,4337.933,4711.958
5574.542,4290.3,4615.583
5372.125,4197.767,4546.75
5257.771,4159.367,4501.292
5625.771,4200.4,4611.667
6386.542,4458.833,5112.208
6825.604,4596.433,5455.542
6617.812,4570.067,5376.583
6350.167,4463.3,5250.875
6156.438,4368.833,5206.125
5979.146,4297.367,5076.208
6020.188,4285.933,5139.292
6726.833,4453.733,5646.583
6724.375,4503.533,5655.208
6869.542,4552.067,5604.292
6634.25,4494.033,5431.375
6340.167,4396.433,5318.375
6607.792,4415.4,5545.833
7545.646,4645.7,6286.958
7513.896,4719.6,6371.917
7171.854,4597.067,6175.667
7154.688,4571.333,6229.917
7727.354,4655.2,6788.583
7591.688,4692.6,6794.292
7252.562,4605.033,6538.292
7206.958,4535.5,6576.625
7994.333,4750.467,7364.167
8215.604,4835.6,7547.417
7809.396,4767.467,7311.75
7496.583,4659.867,7090.083
7999.5,4662.7,7409.542
7891.104,4720.4,7424.917
7555.312,4617.9,7251.792
7247.646,4489.4,6990.583
7153.812,4466.6,6948.875
7919.458,4663.067,7491.417
7832.021,4668.4,7490.708
7474.625,4567.4,7255.125
8023.208,4701,7640.625
8563.458,4910.633,8022.583
8160.188,4862.933,7785.167
7823.75,4732.167,7559.292
7853.562,4684.733,7487.583
7767.583,4628.133,7374.083
7767.792,4641.833,7382.792
7969.167,4727.133,7569.667
7629.188,4652.2,7328.667
7851.833,4637.633,7505.208
8533.312,4772.667,8023.292
8196.75,4806.733,7759.875
7843.229,4705.233,7493.375
8206.146,4747.867,7744.792
8521.396,4941.8,7874.083
8210.938,4877,7648.708
8005.375,4870.233,7510.375
8573.479,5100.7,8007.792
8845.062,5290.633,8244.958
8414.521,5153.7,7921.583
8336.417,5044.633,8019.708
8917.521,5265.7,8454.792
8716.583,5281.267,8245.083
8981.896,5408.333,8528.167
9042.208,5607.3,8653.583
8684.521,5499,8351.125
8428.417,5397.367,8254.458
9105.625,5577.6,8633.542
9211.792,5792.967,8802.083
8776.938,5669.067,8500.625
9211.438,5722.8,8856.958
9193.333,5758.767,8721.417
8882.062,5704.933,8590.792
8752.396,5701.333,8457.75
8392.333,5538.733,8228.917
8161.583,5433.167,7984.917
8894.688,5590.867,8592.75
9353.542,5936.433,9031.375
9011.875,5887.667,8744.542
8620.5,5742.467,8456.75
9309.104,5994.267,8998.625
9305.917,6254.367,9094.208
9002.479,6218.1,8940.5
8612.812,6015.8,8631
8290.646,5913.133,8414.417
8886,6063.867,8878.875
8821.25,6110.767,8788.875
8438.104,5986.633,8532.25
8177.542,5893.533,8279.5
9089.667,6264.3,8973.417
9669.271,6714.9,9508.167
9345.479,6754.367,9331.125
9265.75,6814.633,9351.083
8849.562,6636.9,9082.75
8740.417,6581.067,8960.167
9220.688,6834.767,9378.333
8817.25,6719.7,9056.875
8453.292,6557.033,8737.333
9324.75,6866.433,9343.5
9703.25,7404.867,9681.958
9392.938,7413.133,9466.75
8962.479,7257.3,9175.708
8770.125,7164.5,9146
9051.646,7281.4,9247.375
8707.167,7164.867,8996.333
8622.396,7062.433,8998.792
9351.958,7479.2,9506.417
8996.271,7439.867,9251.542
8610.917,7263.1,8996.875
8428.542,7104.333,8832.292
9032.333,7454.5,9373.708
9518.354,7901.967,9803.25
9203.667,8031.933,9579.583
9034.625,7996.9,9420.708
9039.854,8083.5,9529.083
8635.583,7873.433,9147.125
8559.792,7745.833,9176.708
9349.542,8078.033,9684.708
9015.417,8060,9375.708
8716.333,7927.333,9087.625
8988.354,8036.533,9292.333
9186.062,8238.434,9468.333
8769.229,8059,9143
9189.667,8142.233,9485
9133.292,8259.366,9459.5
8860.5,8165.367,9251.375
8552.854,8012.667,8996.875
8370.729,7883.833,8839.792
8892.771,8188.2,9208.542
9073.021,8410.4,9440.958
9103.312,8540.434,9573.667
9064.021,8622.134,9612.208
8648.521,8404.033,9237.208
9201.896,8603.267,9594.5
9107.646,8649.8,9530.958
8703.417,8458.967,9214.708
8629.417,8458.866,9198.083
9321.521,8866.066,9658.792
9178.333,8961.634,9535.333
8810.771,8824.267,9198.375
8941.75,8944.366,9247.542
9483.688,9244.467,9601.5
9137.188,9136.634,9369.042
9058.812,9028.767,9303.167
9644.604,9288.033,9787.833
9518.354,9318.066,9696.125
9068.271,9101.5,9439.25
8875.812,8911.333,9223.958
9389.958,9053.167,9650.125
9557.5,9209.934,9866.708
9445.312,9298.3,9801.167
8980.375,9114.066,9467.708
8636.875,8902.4,9222.792
9333.917,9056.7,9750.917
9213.333,9019.434,9547.333
8800.5,8840.634,9204.917
8460.833,8716.9,8918.542
8849.875,8779.3,9194.208
9276.771,8976.033,9529.542
8829.375,8817.967,9227.292
8971.771,8874.1,9444.375
9287.062,9036.167,9554.542
9071.667,9071.3,9535.458
9198.167,9209.167,9690.583
8824.125,9071.7,9359.292
8466.167,8878.866,9063.583
8278.896,8763.767,8742.667
8653.333,8795.167,9120
9287.375,9170.1,9691.375
9530.062,9558.333,10052.042
9036.708,9381.8,9697.667
8592.896,9136.366,9364.458
8311.604,8853.066,8989
9109.167,9056,9560.083
9471.25,9469.634,9908.417
9071.104,9374.733,9657.5
8659.958,9233.066,9380.708
8630.208,9143.134,9397.583
8782.938,9302.033,9536.25
8460.792,9152,9268.125
8983.479,9349.733,9617.875
8981.5,9568.733,9599.292
9098.729,9615.233,9795.875
8759.146,9578.033,9602.625
8745.312,9525.833,9629.083
9112.812,9783.667,9927.458
8739.188,9688.533,9676.333
8442.938,9415.533,9369.375
8737.708,9568.5,9694.625
8771.583,9585.267,9659.583
8346.146,9329.767,9304.292
8722.75,9480.667,9680.208
8957.104,9580.434,9890.708
8614.521,9430.934,9717.667
8155.604,9254.6,9310.5
8304.146,9111.3,9371.125
8492.875,9220.8,9580.042
9027.188,9472.2,9942.75
9508.042,9849.4,10352.875
9182.938,9774.1,10111.917
8704.146,9533.5,9757.667
8277.083,9316.134,9377.5
8264.25,9095.434,9291.75
8923.979,9260.3,9835.208
9149.167,9385.767,10074.458
8731,9270.533,9744.417
8412.5,8997,9533.708
9027.833,9139.233,9965.417
9112.062,9253.2,10133.792
8629.604,9076,9814.417
8465.708,8903.267,9701.625
8883.333,9103.2,10074.292
9096.938,9262.2,10306.5
8869.75,9177.434,10082.5
8463.062,8914.866,9730.25
8398.729,8865.066,9849.208
8672.083,8887.7,10028.417
8421.229,8768.134,9801.833
8222.896,8601.1,9663.583
8369.188,8696.6,9704.5
8037.979,8413.467,9417.25
7728.083,8228.3,9092.5
7463.604,8029.367,8800.25
7193.708,7834,8495.583
6933.729,7653.167,8254.583
6736.562,7440.767,8033.833
6555.208,7346,7828.25
6437.271,7178.5,7683.417
6331.167,7056.333,7452.375
6218.062,6894.633,7353
6126.458,6768.733,7175.583
6026.521,6609.1,7005
5948.729,6530.4,6855.917
5811.229,6420.967,6733.375
5688.438,6312.133,6638
5622.896,6167.367,6426.5
5578.146,6115.367,6343.75
5471.479,6034.6,6221.833
5426.5,5923.3,6140.958
5354.438,5849.5,6059.958
5295.5,5744.5,5904.583
5244.375,5695.133,5818.25
5166.125,5634.367,5729
5097.333,5539.967,5625.125
5065.188,5452.233,5569.917
4972.188,5402.667,5494.417
4958.208,5368.2,5427.583
4917.312,5298.067,5352.417
4883.979,5236.2,5284.5
4868.604,5188.833,5165.083
4774.958,5093.5,5143.333
4804.542,5063.167,5053.333
4733.812,5011.567,5015.125
4723.875,4939,4938.542
4661.896,4930.033,4889.792
4613.062,4868.733,4742
4587.604,4799.267,4760.833
4562.229,4786.467,4703.208
4558.812,4755,4694.375
4547.083,4689.7,4607.292
4526.583,4637.867,4551.292
4490.896,4600.533,4518.333
4455.208,4575.6,4463.208
4436.562,4542.033,4453.167
4403.521,4499.1,4413.958
4413.104,4482.767,4334.542
4413.229,4457.667,4311.25
4406.625,4418.7,4257.083
4396.479,4363.367,4253.375
4390.979,4354,4224.042
4355.25,4315.733,4216.667
4361.125,4300.3,4196.917
4345.875,4294.8,4128.542
4325.979,4247.933,4121.875
4316.562,4245,4127.833
4303.417,4218.033,4067.375
4290.125,4198.633,4084.708
4294.646,4160.567,4075.833
4289.896,4157.833,4043.042
4268.479,4160.767,4011.292
4239.625,4105,4027.75
4237.604,4066.967,4008.667
4261.354,4059.067,3962.958
4246.167,4060.2,3959.875
4239.375,4014.6,3970.5
4247.271,4018,3941.333
4226.125,4013.4,3945.292
4214.312,3992.967,3927.208
4213.917,3956.667,3902.833
4207.75,3956.9,3933.333
4195.958,3940.433,3868.25
4196.021,3915.667,3878.042
4213.333,3907.8,3899.583
4193.146,3921.367,3885.458
4201.479,3888.6,3857.583
4193.229,3865.167,3856.125
4190.583,3872.467,3853.208
4204.333,3848.3,3862
4202.771,3837.233,3861.125
4198.312,3853.333,3844.917
4186.104,3846.333,3831.542
4187.292,3829.967,3832.208
4207.938,3830.4,3805.875
4201.125,3786.4,3814.625
4176.208,3786.433,3791.833
4198.188,3774.6,3803.417
4199.688,3772.133,3786.708
4200.042,3750.333,3812.792
4211.958,3737.633,3781.875
4175.021,3745.9,3815.333
4197.521,3744.933,3801.792
4200.229,3763.733,3782.75
4195.229,3735.433,3779.75
4184.854,3744.767,3763.958
4182.375,3709.8,3775.875
4169.042,3711.2,3777.333
4180.354,3698.467,3774.625
4184.188,3670.633,3768.708
4176.333,3675.167,3760.75
4186.083,3684.567,3764.083
4173.042,3670.733,3772.792
4191.75,3669.7,3747.958
4176.188,3657.9,3755.042
4172.292,3665.6,3783.375
4181.771,3680.033,3733.5
4168.188,3663.9,3759.125
4184.083,3682.833,3742.875
4195.125,3672,3750.5
4180.667,3651.7,3757.583
4180.771,3661.133,3767.625
4200.479,3645.033,3748.542
4171.271,3657.1,3773.958
4182.875,3659.4,3759.667
4180.417,3642.8,3722.292
4170.417,3646,3774.917
4171.625,3656.233,3747.958
4164.688,3645.467,3762.083
4178.708,3652.7,3753.958
4181.458,3648.067,3741.833
4186.125,3617.3,3740.875
4179.312,3617.433,3773.333
4175.104,3640.333,3767.583
4194.542,3602.933,3752.958
4182.229,3607.7,3749.458
4183.792,3616.6,3750.708
4175.188,3629.567,3730.292
4183.771,3615.767,3752.833
4173.125,3598.8,3732.958
4203.688,3603.867,3713.125
4182.229,3606.3,3725.708
4185.375,3621.1,3731.917
4183.604,3628.833,3756.167
4181.875,3614.8,3730.375
4189.583,3623.6,3727.083
4173.896,3602,3723.625
4187.729,3601.633,3756.792
4177.604,3625.8,3751.917
4167.667,3595.633,3693.375
4207.271,3602.933,3716.708
4166.354,3583.767,3717.875
4187.479,3599.533,3718.042
4185.125,3608.7,3705.792
4194.625,3608.4,3731.417
4175.167,3587.067,3734.042
4192.542,3593.967,3753.083
4179.417,3594.567,3724.25
4171.792,3606.067,3735.417
4192.938,3617.867,3755.583
4181.375,3594.5,3713.667
4185.854,3589.333,3712.292
4174.958,3605.733,3744.25
4195.375,3583.367,3736.917
4198,3598.067,3774.583
4196.729,3595,3742.542
4177.125,3598.867,3739.667
4191.146,3607.533,3730.583
4190.396,3600.6,3752.083
4194.792,3602.133,3733.25
4190.708,3595.8,3749.833
4181.458,3610.333,3716.458
4180.292,3596,3729.542
4201.167,3611.967,3732.333
4191.979,3572.9,3763.542
4194.875,3608.467,3742.417
4189.917,3576.6,3724.083
4214.292,3592.233,3735.75
4193.229,3607.967,3736.375
4205.979,3587.433,3747.167
4210.625,3619.467,3738.917
4189.271,3580.467,3740.042
4205.792,3595,3747.708
4210.125,3607.933,3726.792
4183.167,3590.167,3740.208
4207.229,3587.6,3720.75
4188.083,3597.7,3734.875
4191.75,3595.533,3705.208
4201.5,3608.867,3734.875
4194.896,3591.1,3728.167
4193.417,3596.233,3722.375
4215.792,3595.933,3718.667
4190.417,3604.4,3711.833
4190.917,3609.933,3721.833
4202.958,3620.967,3745.958
4198.5,3618.567,3743
4196.396,3590.367,3731.208
4187.458,3589.3,3758.5
4210.25,3585.667,3711.958
4199.25,3597.133,3738.833
4182.979,3613.667,3751.292
4217.292,3597.867,3720.667
4215,3584.4,3744.167
4198.521,3581.2,3722
4187.333,3605.9,3742.042
4178.396,3574.533,3761
4203.104,3580.567,3734.75
4193.625,3608.633,3747.333
4212.521,3597.7,3722.417
4207.708,3586.5,3705.083
4180.792,3580.867,3698.833
4200.479,3597.667,3748
4203.25,3608.4,3760
4204.771,3584.767,3735.25
4182.562,3624.967,3733.417
4193.021,3609.6,3737.208
4193.812,3604.133,3750.042
4195.521,3596.233,3742.667
4193.625,3619.633,3754.542
4204.875,3593.2,3751.417
4203.354,3604.033,3730.875
4195.708,3592.067,3713.5
4201.562,3586.2,3749.667
4193.938,3580,3739.583
4186.75,3589,3753.167
4205.438,3590.467,3746.958
4210.396,3576.367,3729.667
4181.292,3606.1,3738.333
4186.917,3580.6,3723.542
4194.854,3589,3721.917
4182.833,3608.8,3737.583
4188.729,3608.5,3717.5
4214.5,3573.033,3762.833
4207.667,3583.433,3727.333
4197.479,3609.433,3724.333
4204.208,3593.4,3721.125
4212.875,3580.933,3747.667
4189.021,3595.533,3742
4195.083,3607.867,3739.292
4217.417,3579.167,3716.583
4207.979,3592.933,3725.625
4223.542,3578.567,3739.25
4194.771,3599.933,3738.042
4213.438,3594.467,3734.292
4211.458,3556.933,3737.833
4204.75,3577.1,3773.208
4211,3573.567,3727.958
4200.375,3613,3755.417
4190.729,3577.733,3724.75
4177.125,3606.967,3756.333
4205.562,3625.067,3735.125
4189.938,3588,3737.875
4195.125,3592.5,3732.417
4183.479,3571.1,3737.917
4213.208,3607.933,3729.125
4204.583,3581.567,3726.417
4186.292,3571.9,3704.083
4193.792,3580.8,3722.875
4185.708,3579.633,3726.708
4203.104,3585.167,3712.542
4187.625,3583.933,3727.792
4197.875,3554.967,3733.125
4195.812,3575.967,3744.875
4214.333,3573.167,3731.25
4183.625,3556.033,3717.042
4196.375,3599.633,3723.083
4180.792,3587.8,3723.208
4198.021,3568.333,3725
4198.042,3597.1,3740.458
4198.208,3545.467,3743.833
4206.333,3585,3735.958
4176.021,3569.1,3717.292
4202.333,3582.967,3734.542
4188.583,3565.433,3723.667
4181.583,3579.7,3750.208
4189.625,3566.2,3727.5
4211.667,3585.233,3735.208
4202.521,3567,3727.667
4218.75,3575.9,3734.542
4197.771,3572.967,3746.75
4188.479,3577.467,3744.917
4183.562,3580.767,3715.667
4206.75,3577.6,3723.625
4220.604,3578.433,3727.167
4185.812,3600.7,3742.417
4216.396,3577.467,3751.833
4197.167,3580.8,3718.75
4179.146,3562.3,3749.958
4186.562,3555.133,3744.667
4205.125,3559.1,3705.333
4195.562,3571.367,3722
4211.875,3566.633,3726.75
4185.917,3550.167,3733.833
4208.625,3571.433,3731.833
4170.812,3581.567,3706.708
4200.333,3572.9,3728
4202.729,3566.467,3740.375
4193.833,3564.9,3725.25
4198.938,3582.067,3729.042
4184.667,3594.633,3721.875
4199.583,3577.933,3704.542
4169.562,3560.633,3744.417
4188.938,3553.5,3725.208
4192.083,3594,3731.833
4196.688,3568.767,3727.667
4168.125,3548.5,3728.125
4193.271,3578,3731.625
4192.146,3576.833,3710.958
4182.479,3567.267,3714.75
4194.292,3571,3736.5
4191.688,3565.533,3727.667
4211.354,3564.633,3737.708
4202.146,3557.767,3731.208
4193.146,3560.533,3729.917
4189.625,3583.367,3706.875
4210.521,3566.133,3740.875
4210.021,3586.567,3722.792
4205.917,3567.067,3729.042
4194.792,3593.8,3747.083
4215.229,3595.633,3738
4199.229,3571.3,3705.958
4190.167,3582.767,3730.625
4184.333,3571.5,3708.625
4210.104,3575.767,3708.917
4211.042,3596.433,3725.833
4308.729,3575.233,3815.208
4265.833,3587.433,3809.625
4253.083,3576.267,3799.875
4256.896,3574.3,3784.5
4235.417,3583.6,3770.917
4225.229,3573.867,3789.625
4246.229,3590.533,3794.208
4221.708,3571.267,3766.583
4218.312,3586.567,3779.792
4645.333,3642.267,4019.833
4897.708,3723.2,4103.75
4792.479,3708.767,4038.167
4728.354,3703.2,3985.208
4660.521,3669.633,3939.292
4730.75,3705.4,4007.625
4903.562,3750.133,4059.458
4851.521,3779.833,4027.958
4763.375,3760.633,3992.875
4772.938,3759.667,4025.5
5075.083,3944.9,4279.125
4979.25,3954.867,4186.625
4864,3947.233,4132.375
4789.688,3899.133,4079.167
4732.292,3882.367,4053.542
4708.75,3868,4003.167
4603.833,3836.5,3991.833
4764.292,3830.933,4062.667
5224.208,4066.667,4383.333
5148.083,4209.3,4323.208
4996.354,4142.3,4252.5
4891.458,4084.133,4199.708
4877.521,4039.5,4172
4908.854,4012.833,4118.833
4832.583,3945.533,4092.542
4747.958,3924.733,4076.792
4647.583,3880.733,4016.708
4853.125,3914.267,4060.667
4958.208,3966.333,4104.875
4858.479,3943.467,4077.958
4934.75,3979.633,4130.917
4890.021,3925.4,4088.417
4796.333,3915.367,4028.125
4700.271,3879.467,3991.417
4754.917,3930.433,4086.292
4841.042,3998.8,4130.292
4807.708,3954.233,4078.875
4717.229,3920.767,4061.667
5107.854,4071.3,4256.792
5782.312,4305.2,4674.917
5796.792,4419.5,4829.792
5559.604,4337.267,4728.958
5373.146,4272.067,4607.542
5397.917,4192.4,4721.542
5266.146,4155,4617.25
5100.083,4087.967,4581.125
5022.646,4047.033,4485.25
5073.208,4036.2,4531.458
5407.479,4138.467,4670.167
5257.5,4118.267,4605.875
5139.812,4076.7,4523.167
5037.917,4032.433,4460.333
5073.458,4029.867,4506
5158.771,4122.533,4514.042
5060.146,4089.4,4436.25
5249.979,4075.467,4682.542
5502.354,4186,4990.542
5367.667,4161.4,4880.917
5225.375,4092.967,4817.292
5420.479,4188.533,5058.417
5730.125,4306.533,5347.792
5933.958,4406.267,5514.958
5701.812,4314.533,5362.292
5902.062,4358.1,5560.958
5899.521,4414.467,5600.042
5696.271,4346.967,5435.625
5507.646,4259.4,5323.833
5524.667,4288.8,5294.542
5396.521,4239.5,5175.792
5268.521,4185.367,5102.625
5617.667,4249.833,5388.875
6221.562,4470.033,5940.667
6010.521,4493.867,5808.583
5829.625,4422.3,5676
5724.083,4351.667,5644.292
6196.771,4487.733,6200.583
6028.104,4483.7,6076.542
5798.208,4383.3,5875.417
5639.792,4319.4,5728.792
5894.062,4332.8,5963.458
6402.938,4534.733,6531.083
6392.792,4632.6,6555.833
6147.312,4585.367,6341.792
5985.396,4482.433,6188.708
5882.521,4471.9,6099.542
6076.438,4622.433,6393.333
6343.188,4750.567,6700.25
6180.792,4659.467,6525.042
6171.146,4642.8,6597.792
6559.25,4678.067,7009.75
6279.396,4604.6,6783.042
6059.375,4559.5,6591.583
5879.625,4519.467,6577.083
6165.833,4686.033,6983.708
6386.792,4717.433,6996.417
6187.333,4643.6,6733.292
5983.542,4584.7,6616
5898.917,4591.067,6524.292
6305.792,4806.167,7022.958
6285.75,4843.533,6984.542
6055.083,4738.367,6847.458
6584.458,4862.433,7281.75
6587.542,4924.4,7250.542
6332.312,4837.733,7068.958
6132.188,4811.367,6950.417
6189.875,4752.867,6976.5
6244.812,4813.267,7103.917
6058.854,4745.633,6872.625
5896.542,4682.133,6829.625
6349.521,4753.1,7266.542
6702.146,4956.667,7639.708
6781.896,5068.8,7851.333
6491.771,4989.5,7614.083
6721.5,4985.233,7940.417
7182.312,5202.867,8308.417
6887.062,5146.033,8059.375
6626.208,5066.967,7814.75
6397.5,4983.733,7591.25
6584.792,5079.633,7709
6383.042,5048.833,7523.208
6303.062,4984.467,7518.583
6869.792,5201.967,7960.458
6655.271,5165.7,7889.708
6377.021,5079.8,7611.25
6216.521,4998.533,7369
6029.812,4903.133,7156.667
6270.417,4997.433,7495.542
7021.938,5329.8,8027.792
6920.5,5438.333,7905.375
6760.542,5447.733,7755.042
6876.938,5454.2,7758.25
7487.188,5773.433,8278.292
7403.5,5915.8,8328.75
7090.667,5833.167,8066.167
7162.438,5779.167,8228.375
7455.438,5866.3,8411.625
7122.646,5806,8215.875
6887.562,5771.133,7973.292
6636.646,5691.1,7755.917
6560.083,5597.467,7611.375
6506.729,5582.233,7471.667
6290.354,5455.167,7275.75
6097.083,5386.467,7101.583
6110,5419.367,7238.833
6960.188,5871.6,8014.208
7521.208,6277.167,8564.042
7248.542,6252.4,8381.083
6925.604,6096.433,8091.292
7047.833,6073.3,8183.417
7573.188,6358.167,8543.458
7502.792,6389.233,8336.375
7130.854,6251.1,8100.167
7008.354,6186.733,8062.417
7541.667,6413.533,8445.5
7623.875,6540.733,8478.375
7702.417,6557.533,8510.417
8027.562,6824.767,8872.208
7701.958,6744.167,8573.583
7414.375,6643,8419.333
8221.875,6956.533,9023.25
8192.875,7096.8,9041.25
7791.479,6981.467,8737.458
7508.417,6860.467,8522.167
7243.062,6701.667,8229.042
7233.25,6585.233,8091.5
7832.375,6776.333,8564.708
8212.125,7075.033,9017.417
7872.958,7025.9,8806.375
7535.729,6866.3,8600
7280.583,6721.433,8366.292
7036.521,6585.767,8049.083
6916.875,6540.467,8051.292
7549.875,6865.867,8535.708
7847.062,7135.6,8985.875
7734.208,7205,8809.458
7803.562,7316.233,8765.875
8086.646,7539.633,9066.708
7840.708,7533.433,8982.833
7493.188,7392.3,8726.708
8002.646,7544.667,9109.875
8166.083,7761.233,9188.417
7845.875,7655.933,8979.917
7545.292,7552.567,8726.333
7369.646,7522.2,8680.333
7647.604,7684.5,8991.792
7389.854,7596.233,8799.75
7155.875,7440.1,8585.958
7458.604,7496.667,8890.583
7604.188,7559.567,8918.75
8121.708,7808.167,9354.458
7773.979,7688.933,9113.958
7632.229,7556.5,9047.125
8215.021,7760.6,9459.667
7931.333,7771,9159.792
7593.021,7563.633,8877.042
7299.354,7473.567,8702.917
7425.188,7531.4,8789.333
8056.875,7827.633,9238.417
7964.208,7930.9,9130.333
7641.938,7879.3,8858.25
7486.896,7899.533,8782
7829.417,8091.2,9101.708
8245.604,8452.967,9365.708
7935.792,8312.967,9101.375
7734.354,8129.167,8938.083
8297.521,8373.667,9400.542
8001.729,8293.033,9193.792
7697.958,8149.767,8954.792
7500.75,8009.1,8715
7820.458,8119.367,8941.875
7559.042,7989.433,8751.958
7364.146,7826.533,8556.25
8012.521,8000.567,9076
8009.5,8234.6,9129.125
7663.333,8120.833,8872.958
7443.333,8047.767,8612.958
7189.688,7903.633,8361.917
7174.062,7818.1,8415.292
7144.312,7790.967,8399.167
6870.979,7633.533,8143.333
6694.125,7468.5,7931.875
6547.375,7399.533,7842.958
6975.062,7626.9,8266.25
7690.646,8059.333,8761.792
7733.958,8214.634,8701.542
7421.438,8025.267,8388
7270.667,7914.433,8257.75
7911.604,8101.3,8808.625
7882.667,8307.333,8817.208
7563.104,8111.4,8511.792
7555.792,8014.067,8626.042
7636.917,8082.133,8728.792
7399.583,7959.2,8477.083
7176.854,7882.133,8308.583
7039.333,7890.467,8315.583
7579.812,8107.033,8781.5
7722.833,8267.434,8798.417
7396.917,8084.833,8515.625
7391.25,8045.7,8576.375
7943.812,8292,9012.25
7862.812,8411.3,9041.292
7675.042,8452.4,8931.958
7344.312,8278.866,8658.208
7362.75,8229.767,8727.542
7303.75,8212.134,8673.042
7060.625,8105.767,8437.792
6851.542,8066.5,8273.208
7124.729,8108.133,8311
7737.729,8379.366,8809.125
7602.521,8427.267,8645.167
7264.229,8195.967,8330.5
7575.75,8164.033,8548.25
8004.771,8390.866,9025.167
7924,8473,8996.75
7585.542,8395.033,8689.75
7241.292,8259.5,8423.667
7336.021,8141.433,8481.625
7201.646,8059.8,8421.875
6985.792,7952.967,8214.542
6873.646,7899.433,8128.708
7296.292,8084.9,8612.917
7871.062,8365.566,8800.958
7551.208,8277.033,8556.917
7265.542,8051.667,8340.333
7669.646,8174,8721.125
7967.854,8442.866,8919.458
7867.188,8520.634,8932.5
7506.375,8325,8622.167
7344.521,8144.167,8501.75
7810.417,8211.167,8768.625
8199.979,8345.233,8966.917
7766.917,8178.5,8724.042
7456.792,8037.767,8382.167
7310.667,7870.467,8332.875
7792.625,8036.667,8675.5
8068.146,8243.134,8909.167
7791.062,8144.5,8724.833
7438.229,7981.9,8432.042
7174.792,7833.533,8203.125
6993.292,7712.9,8030.75
7626.375,7934.033,8434.75
8034.458,8220.566,8709
7725.875,8143.433,8509.792
7454.021,8036.1,8350.292
7800.542,8075.3,8591.583
7769.167,8102.667,8542.458
7592.625,8037.533,8407.5
7300.542,7828.8,8115.042
7093.708,7685.6,7862.167
6885.292,7590.2,7674.125
6662.625,7382.5,7473.042
6507.688,7207.2,7253.792
6345.771,7090.633,7121.125
6177.688,6939.633,6940
6129.042,6794.7,6811.167
6046.312,6718.767,6699.042
5996.292,6598.167,6536.167
5913.125,6459,6442.833
5818.458,6365.967,6330.542
5733.188,6226.967,6210.208
5653,6147.2,6112.292
5586.521,6090.233,6040.25
5470.042,6001.067,5930.167
5413.5,5939.733,5792.292
5364.896,5846.867,5759.292
5300.979,5761,5665.042
5256.792,5703.7,5569.458
5214.75,5616.367,5499
5193.708,5546.233,5357.958
5100.625,5482.2,5315.292
5020.104,5416.133,5225.458
4955.792,5360.567,5186.5
4894.104,5318.433,5122.667
4828.583,5233.467,5021.208
4820.75,5201.833,4975.583
4775.438,5160.5,4958.708
4720.083,5075.5,4845.458
4716.75,5062.533,4821.458
4700.729,5008.7,4763.833
4634.854,4971.067,4758.583
4595.708,4935.033,4714.667
4547.75,4862.333,4687.5
4559.958,4838.2,4667.667
4538.188,4807.6,4588.125
4497.896,4731.9,4552.042
4495.479,4726.4,4502.667
4420.812,4659.533,4463.583
4438.208,4648.5,4463.208
4432.292,4605.733,4413.583
4415.771,4539.533,4393.75
4377.812,4523.767,4320.667
4373.188,4518.967,4312.917
4364.208,4467.767,4251.042
4348.417,4434.367,4233.167
4346.708,4407.833,4225.125
4336.271,4415.033,4191.5
4298.479,4370.333,4173.167
4293.958,4376.133,4128.333
4275.146,4318.3,4124.208
4262.792,4315.1,4095.625
4253.208,4286.5,4104.5
4242.062,4237.133,4044.708
4248.729,4256.9,4063.5
4245.062,4184.167,4002.417
4230.896,4165.333,4006.25
4199.104,4136.567,3986.625
4217.646,4133,3961.083
4195.521,4102.6,3949.583
4194.875,4072.867,3915.083
4178.417,4096.233,3935.292
4188.917,4056.833,3907.5
4194.396,4027.067,3909.125
4162.625,4016.133,3923.458
4154.75,4013.333,3929.667
4138.521,3961.867,3857.917
4145.667,3963.867,3855.042
4163.667,3940.967,3856.708
4172.729,3953,3862.375
4145.167,3921.767,3838.583
4139.5,3930.4,3839.042
4140.146,3889.067,3798.833
4142.125,3896,3803.458
4118.125,3873.467,3819.625
4122.417,3858.167,3817.125
4112.979,3873.7,3783.917
4105.938,3844.1,3783.625
4114.292,3831.6,3775.833
4104.646,3815.467,3783.458
4099.938,3810.1,3779.167
4114.479,3802.967,3751.75
4113.979,3794.333,3793.042
4099.458,3792.467,3757
4107,3763.033,3774.667
4099.688,3741.733,3769.958
4095.812,3736.5,3746.875
4115.583,3736.6,3736
4094.854,3706.067,3730
4118.042,3729.533,3740.708
4095.812,3735.9,3761.292
4096.25,3704.167,3739.375
4092.812,3690.733,3729.083
4078.417,3697.6,3749
4088.333,3703.2,3726.583
4079.521,3684.433,3736.833
4091.771,3676.067,3737.583
4071.979,3671.433,3687.958
4093.812,3674.333,3705.708
4087.875,3629.267,3723.083
4080.417,3639.367,3713.25
4068.938,3625.533,3730.167
4083.375,3626.9,3719.458
4082.146,3647.7,3689.208
4106.812,3653.033,3705.167
4095.812,3640.767,3728.458
4091,3613.233,3701.667
4080.375,3616.767,3717.75
4078.604,3632.567,3700.667
4099.625,3615.667,3702.333
4098.958,3607.767,3692.292
4084.979,3636.7,3686.125
4088.812,3613.6,3694.417
4094.354,3611.8,3659.833
4091.812,3603.433,3696.417
4093.167,3614.533,3687.292
4072.438,3582.967,3688
4107.354,3607.867,3702
4085.104,3585.667,3698.417
4094.5,3581.133,3712.125
4080.229,3574.067,3680.75
4090.812,3563.967,3694.167
4080.521,3575.8,3687.083
4079.438,3567.133,3679.5
4092.896,3578.833,3677.292
4102.75,3553.133,3671
4093.917,3556.467,3690.375
4069.479,3559.367,3673.917
4091.104,3556.433,3681.875
4079.375,3562,3665.417
4092.708,3538.833,3692.833
4083.667,3549.833,3692.125
4089.792,3544.5,3669.083
4079.938,3554.633,3679.375
4078.167,3543.633,3676.542
4081.146,3539.333,3652.625
4104.812,3541.067,3697.208
4089.646,3541,3660.708
4096.146,3548.833,3664
4081.396,3534.933,3679.042
4093.062,3539.733,3672.75
4083.458,3550.767,3671.708
4084.625,3517.067,3680.042
4095.417,3557.7,3675.125
4095.583,3555,3685.958
4078.812,3519.467,3677.042
4090.354,3528.567,3668.958
4084.604,3521.733,3664.5
4093.458,3519,3659.333
4069.312,3534.133,3660.458
4092.833,3536.867,3691.5
4081.104,3511.533,3666.875
4102.604,3521.2,3702.5
4086.271,3507.033,3664.75
4105,3514.1,3669.5
4088.958,3525,3667.667
4098.625,3518.133,3678.667
4092.354,3511.067,3675.75
4117.396,3536.2,3698.083
4105.021,3507.967,3662.583
4101.167,3512.1,3664.25
4103.958,3514.167,3698.208
4101.333,3533.233,3654.875
4100.25,3516.633,3673.542
4112.792,3516.567,3681.292
4138.625,3513.567,3684.875
4129.729,3522.633,3659.958
4098.771,3512.167,3678.292
4125.604,3504.9,3706.875
4103.021,3533.967,3665.292
4103.667,3508.733,3686
4105.708,3532.333,3683
4110.104,3529.9,3682.375
4094.854,3536.567,3680.167
4111.021,3518.367,3678.667
4094.292,3528.233,3688.375
4092.771,3513.733,3672.917
4118.083,3506.667,3645.458
4098.188,3489.133,3689.208
4092.271,3510.433,3670.708
4095.375,3500.633,3651.833
4106.25,3501.267,3655.917
4090.708,3507.033,3660.042
4109.854,3500.367,3691.083
4104.333,3499,3673.958
4115.604,3521.367,3672.917
4087.583,3495.3,3693.083
4088.729,3501.3,3656.75
4104.062,3513,3692.958
4104.208,3505.867,3672.583
4098.125,3527.567,3675.042
4121.875,3487.133,3643.583
4089.312,3502.233,3659.042
4109.562,3489.1,3686.667
4105.958,3519.867,3671.083
4091.396,3503.6,3676.167
4091.583,3493.633,3714.417
4100.521,3520,3675.083
4098.521,3492.867,3674.625
4098.792,3488.6,3679.417
4113.688,3492.433,3695.667
4103.104,3481.033,3645.708
4098.521,3492.2,3672.125
4108.25,3491.967,3668.417
4105.604,3526.733,3666.958
4086.562,3501.7,3664.25
4091.438,3513.7,3650.417
4094.792,3498.533,3647.708
4101.583,3482.067,3651.458
4097.438,3499.7,3654.5
4099.271,3494.067,3702.167
4095.167,3480.933,3678.333
4113.458,3503.5,3681.583
4109.479,3504.767,3647.167
4107.208,3515.467,3638.458
4086.271,3487.633,3658.083
4080.333,3493.767,3685.208
4103.417,3519.167,3651.917
4107.104,3497.6,3655.875
4107.917,3496.367,3644.542
4109.167,3490.533,3676.5
4097.062,3498,3656.667
4101.146,3490.8,3652.167
4101.167,3484.2,3650.542
4092.062,3509,3673
4115.958,3488.133,3648.25
4092.146,3480.567,3662
4086.625,3501.733,3652.208
4102.042,3493.067,3682.875
4111.812,3493.767,3654.208
4112.562,3508.033,3694.333
4097.729,3500.833,3651.625
4100.833,3507.6,3653.917
4108.021,3487.667,3677.167
4101.583,3512.333,3652.25
4117.792,3525.167,3675.5
4093.25,3506.3,3659.25
4131.75,3485.067,3658.167
4119.792,3511.233,3665.125
