3724.271,3569.833,3164.167
3719.958,3575.733,3170.375
3731.125,3594.2,3153.667
3747.438,3609.367,3211.333
3764.417,3614.267,3173
3757.458,3574.8,3182.75
3718.438,3599.1,3193.542
3812.104,3648.533,3195.833
3830.771,3716.967,3227.25
3827.021,3698.567,3238.292
3788.042,3682.233,3221.458
3790.042,3667.467,3210.083
3766.958,3655.333,3210.042
3748.917,3658.633,3206.333
3751.042,3611.6,3190.333
3751.583,3603.1,3186
3723.5,3597.167,3184.875
3717.396,3608.4,3175.25
3718.917,3569.533,3189.208
3741.75,3583.267,3170.542
3728.021,3570.367,3191.167
3717.854,3575.033,3174.833
3721.542,3591.167,3191.375
3721.146,3564.133,3166.083
3714.854,3583.833,3176.958
3737,3613.567,3172.458
3723.104,3578.233,3183.708
3707.438,3590.733,3165.208
3706.104,3565.3,3152.75
3703,3569.167,3157.958
3717.25,3569.967,3179.625
3694.729,3571.467,3191.417
3728.771,3569.733,3162.167
3743.229,3618.1,3192.667
3731.833,3581.233,3170.917
3731.167,3588.333,3164.875
3715.521,3581.967,3195.792
3709.875,3592.8,3178.542
3700.917,3553.533,3142.375
3702.729,3555.633,3136.917
3706.25,3565.2,3136.958
3700.833,3561.7,3133.958
3687.625,3524.233,3175.208
3712.188,3582.9,3165.458
3686.625,3579.1,3164
3702.25,3539.233,3179.375
3683.729,3566.367,3150.542
3700.042,3543.133,3156.958
3699.271,3543.933,3146.792
3660.958,3532.267,3161.875
3667.521,3549.467,3155.333
3664.229,3562.767,3151.542
3651.146,3514.133,3148.833
3663.729,3561.033,3146.042
3717.208,3607.9,3191.625
3710.021,3605.333,3187.458
3700.938,3592.667,3198
3687.896,3567.433,3194.375
3689.354,3582.4,3189.25
3716.104,3588.933,3166.708
3685.146,3595.2,3182.375
3695.292,3551.6,3157.417
3714.479,3570.967,3183.417
3708.188,3604.567,3184
3717.188,3574.3,3215.208
3719.083,3580.467,3203
3699.5,3572.567,3165.375
3729.104,3607.3,3210.667
3721.688,3598.7,3217.292
3709.583,3595.767,3204.292
3694.625,3565.167,3197.833
3697.958,3575.167,3205.625
3692.896,3572.367,3199.917
3690.562,3542.5,3192.75
3701.542,3562.333,3177.792
3676.271,3561.833,3210.625
3683.312,3566.9,3190.292
3667.167,3522.2,3180.208
3646.875,3526.1,3159.417
3681.75,3503.867,3159.667
3655.229,3519.933,3151.625
3648.125,3504.933,3169.417
3643.167,3506.767,3132
3654.958,3504.133,3166.875
3654.271,3505.4,3133.542
3637.646,3494.067,3160.708
3658.688,3486.2,3160.5
3717.208,3579.833,3200.25
3705.438,3610.867,3191.208
3708.896,3584.4,3208.333
3685.417,3547.4,3181.625
3658.146,3544.167,3163.25
3676.938,3533.367,3165.375
3677.167,3531.533,3183.125
3647.708,3538.667,3151.542
3681.979,3541.167,3160.083
3695.125,3518.367,3182.5
3671.271,3509.067,3160.458
3669.229,3507.133,3177.667
3678.75,3532.233,3180.958
3695.062,3524.567,3182.583
3673.812,3504.6,3173.167
3681.646,3512.167,3168.875
3665.104,3506.533,3188.542
3712.542,3518.333,3191.667
3708.042,3561.967,3177.792
3695.146,3542.2,3181.583
3686.958,3531.233,3177.5
3669,3525.133,3190.875
3656.042,3504.533,3154.292
3661.312,3509.533,3179.875
3679.812,3489.1,3198.458
3638.417,3492.067,3167.667
3650.562,3485.767,3174.208
3696.729,3509.133,3169
3690.396,3504.333,3189.667
3693.542,3526.6,3164.5
3666.104,3502.967,3146.625
3662.729,3492.2,3163.208
3667.812,3486.533,3143.583
3652.875,3465.633,3172.708
3642.958,3476.167,3154.625
3653.562,3481.667,3167.292
3662.25,3486.9,3173.292
3646.833,3449.733,3150.958
3651.604,3478,3149.25
3643.5,3456.833,3156.708
3655.375,3474.233,3141.583
3639.438,3431.533,3123.583
3642.438,3477.333,3122.583
3655.75,3450.333,3147.583
3630.688,3451.067,3102.083
3617.583,3425.433,3110.458
3615.083,3438.733,3135.542
3641,3445.267,3141.208
3662.896,3504.8,3152.917
3670.375,3480.433,3162.708
3657.438,3471.067,3157.083
3656.562,3457.067,3148
3685.729,3538.9,3165.292
3704.146,3512.533,3185.417
3691.292,3513.867,3180.458
3665.167,3483.033,3174.458
3683.667,3519.733,3145.75
3678.854,3498.933,3168.417
3674.667,3466.667,3160.792
3648.938,3479.5,3137.625
3659.875,3464.833,3143.417
3667.792,3474.633,3169.792
3640.75,3484.767,3169.083
3628.917,3475.533,3178.125
3646.5,3464.067,3132.958
3637.792,3462.967,3133.167
3627.292,3479.567,3170.25
3633.479,3446.4,3120.583
3626.229,3427.867,3129.958
3622.875,3441.9,3167.042
3622.5,3422.133,3151.625
3617,3426.5,3114.708
3635.854,3439.567,3180.125
3605.104,3428.5,3121.625
3623.271,3439.7,3137.792
3620.479,3417.8,3116.417
3629.812,3427.6,3150.917
3639.479,3428.6,3136.958
3632.688,3409.833,3149.75
3618.771,3435.3,3139.625
3603,3395.767,3140.583
3605.396,3426.667,3153.083
3624.208,3417.8,3155.542
3621.646,3413.167,3141.208
3619.125,3410.267,3107.542
3655.458,3420.567,3121.958
3620.854,3430.7,3114.417
3615.083,3406.567,3120.625
3617.062,3406.3,3130.708
3620.708,3408.2,3126.333
3623.688,3420.6,3139.5
3646.188,3452.1,3140.5
3631.729,3416.867,3145.417
3641.729,3406.5,3149.75
3653.375,3428.967,3162.375
3622.729,3405.633,3147.75
3606.562,3419.933,3136.375
3648.688,3426.467,3115.083
3662.417,3441.533,3134.25
3650.896,3411.233,3152.083
3646.854,3431.933,3135.292
3636.229,3430.7,3132.5
3616.062,3423.1,3142.042
3614.396,3405.133,3136.708
3645.521,3420.667,3123.75
3670.458,3455.3,3167.25
3683.792,3492.5,3199.458
3673.625,3474.5,3174.958
3670.417,3463.2,3142.833
3674.667,3456.233,3157.167
3667.146,3469.433,3152.083
3639.417,3459.267,3159.167
3645.833,3446.167,3161.708
3643.042,3459.533,3145.208
3654,3416.333,3179.75
3629.25,3446.7,3147.417
3640.396,3469.467,3146.625
3630.417,3439.967,3160.833
3628.583,3426.833,3145.042
3639.688,3434,3137.583
3650.125,3421.2,3169.833
3654.396,3412.533,3151.458
3634.396,3418.133,3165.708
3632.042,3435.833,3170.458
3644.708,3416.7,3168.292
3617.438,3415.733,3133.708
3622.896,3406.3,3117.375
3605.562,3388.3,3147.75
3614.083,3427.6,3148.958
3608.917,3415.533,3158
3601.021,3415.333,3130.958
3597.208,3407.2,3134.375
3590.292,3415.967,3134.167
3613.896,3400.4,3147.667
3602.021,3403.933,3146.667
3583.875,3367.633,3126.375
3581.25,3395.7,3148.875
3615.292,3404.5,3143.833
3649.375,3404.733,3163.625
3646.75,3388.2,3141.5
3633,3404,3118.75
3637.646,3396.5,3131.833
3633.292,3398.467,3145.333
3615.5,3385.433,3141
3617.417,3392.9,3148.875
3621.708,3383.733,3133.417
3633.917,3390.6,3131.208
3621.458,3383.8,3150.458
3610.646,3388.9,3160.542
3630.167,3397.767,3138.958
3602.583,3396.8,3134.25
3614.229,3358.8,3140.917
3627.458,3393.333,3156.208
3609.75,3391.067,3118.75
3604.458,3385.9,3128.292
3610.604,3370.967,3125.125
3619.167,3409,3146.375
3605.208,3388.733,3140.5
3612.479,3391.033,3136.5
3606.083,3371.533,3127.792
3613.083,3377.5,3122.458
3622.146,3356.033,3116.458
3590.979,3381.467,3115.292
3623.979,3380.4,3147.958
3648.417,3413.4,3132
3635.854,3359.633,3138.542
3627.75,3407.9,3129.583
3605.854,3389.433,3123.5
3620.562,3378.8,3158.542
3620.146,3366.5,3119.875
3614.292,3371.267,3135.542
3594.188,3381.9,3126.458
3603.938,3387.233,3123.333
3600.396,3383.367,3143.25
3573.208,3378.3,3129.583
3582.479,3363.3,3119.542
3593.146,3361.667,3102.75
3593.958,3358.933,3112.542
3592.271,3369.567,3116.375
3590.438,3366.667,3125.75
3623.396,3381,3141.083
3604.188,3380.533,3131.75
3604.875,3381.367,3142
3654.333,3398.867,3133.208
3627.125,3394.667,3113.125
3622.958,3406.467,3146.667
3623.688,3371.167,3117.208
3636.208,3376.167,3142.042
3607.5,3353.033,3114.958
3601.5,3371.667,3125.083
3627.896,3395.733,3141.958
3632.021,3398.467,3138.042
3627.979,3416.1,3136.125
3595.458,3388.067,3132.417
3619.708,3373.2,3123.708
3608.479,3369.7,3135.875
3604.771,3379.7,3127.042
3598.417,3353.367,3123.708
3593.125,3374.167,3114.375
3596.646,3350.8,3104.583
3587.896,3361.633,3115.792
3606.208,3371.633,3108.292
3605.833,3364.667,3109.917
3577.146,3358.967,3107.25
3592.062,3375.633,3116.625
3571.271,3344.667,3112.417
3579.583,3348.433,3116.417
3585.458,3342.133,3096.583
3579.167,3332.867,3119.125
3571.125,3333.633,3092.125
3560.854,3348.533,3112.958
3575.146,3344.867,3116.958
3580.5,3332.133,3091.708
3575.562,3354.567,3090.5
3581.958,3334.867,3109.625
3602.604,3351.2,3101.542
3638.188,3403.433,3130.708
3618.708,3395.1,3130.25
3608.979,3389.4,3147.333
3619.688,3383.367,3151.375
3600.312,3367.7,3121.875
3583.854,3348.667,3115.833
3590.438,3356,3118.875
3624.208,3363.033,3134.667
3632.375,3358.067,3149.333
3609.875,3360.367,3116.75
3611.979,3357.367,3111.917
3601.167,3360.033,3135.542
3583.104,3361.867,3090.708
3578.396,3338.867,3110.917
3593.833,3364.333,3149.542
3641.583,3411.333,3148.667
3683.917,3473.6,3175.417
3708.583,3512.267,3226
3721,3526.9,3252.458
3734.958,3534.667,3255.708
3760.583,3548.967,3268.458
3890.188,3627.233,3359.042
3817.479,3570.1,3327.083
3772.562,3564.6,3347.042
3746.979,3527.967,3296.083
3786.625,3539.4,3304.667
3770.75,3522.367,3340.667
3775.688,3526.7,3324.583
3796.312,3544.133,3346.083
3782.646,3545.267,3354.917
3780.604,3499.9,3317.167
3775.542,3502.633,3335.542
3790.812,3522.2,3361.958
3786.875,3510.2,3341.958
3786.729,3510.367,3358.5
3775.125,3534.6,3364.292
3782.396,3515.767,3336.417
3789.896,3534.167,3360.375
3759.958,3511.767,3358.458
3768.479,3511.033,3347.042
3776.396,3510.2,3345.583
3789.042,3518.3,3353.5
3766.771,3506.933,3336.208
3785.708,3513.267,3348.667
3798.229,3502.5,3345.792
3792.438,3522.567,3360.625
3781.792,3517.133,3367.083
3785.333,3508.233,3372
3792.854,3506.867,3356.25
3766.562,3520.9,3360.542
3763.208,3499.533,3333.333
3746.396,3504.467,3314.792
3780.146,3505.833,3315.708
3771.771,3491.033,3338.083
3782.833,3495.033,3340.625
3776.958,3513.267,3335.083
3793.812,3519.2,3338.583
3776.729,3486.6,3315.708
3766.562,3505.233,3330.125
3783.708,3495.8,3300.708
3795.875,3497.267,3317.75
3770.958,3482.567,3292.667
3754.667,3486.967,3283.208
3764.75,3504.367,3261.333
3736.104,3473.267,3236.583
3763.792,3496.8,3272.042
3741.458,3476.233,3253.125
3750.333,3476.867,3263.417
3770.458,3469.367,3261.625
3748.167,3478.2,3252.167
3777.896,3483.2,3240.25
3752.167,3490.1,3226.875
3733.562,3459.233,3243.333
3731.104,3463.6,3276.125
3740.021,3486.4,3245.833
3753.896,3501.433,3226.333
3738.896,3498.033,3212.917
3714.542,3478.433,3220.25
3698.729,3447.4,3220.917
3701.104,3470.533,3186.708
3664.833,3442.533,3182.792
3676.688,3441.1,3191.917
3644.146,3408.733,3158.542
3646,3408.933,3168.625
3616.438,3401.067,3149.125
3613.5,3391.233,3177.583
3611.312,3387.933,3134.917
3612.542,3364.067,3125.75
3626.792,3374.533,3134.583
3589.042,3370.5,3143.917
3586.104,3364.133,3131.125
3591.958,3390.033,3106.208
3587.354,3358.9,3101.958
3567.896,3352,3105.833
3560.604,3341.833,3127.75
3567.792,3333.3,3104.792
3563.604,3356.467,3100.292
3564.979,3355.3,3091.125
3548.688,3347.333,3054.542
3561.729,3331.833,3070.667
3548.688,3328.367,3079
3548.562,3331.5,3070.75
3539.708,3327.967,3090.583
3532.604,3329.667,3070.542
3531.042,3329.7,3064.542
3518.833,3321.9,3075.625
3524.562,3313.933,3070.667
3531.708,3324.767,3078.625
3518.104,3304.333,3076.167
3535.625,3317.833,3074.208
3544.667,3313.033,3079.292
3535.208,3333.133,3062.75
3519.625,3325.467,3071.667
3512.104,3318.333,3084.167
3532.854,3305.667,3086.417
3523.062,3311.3,3085.625
3530.583,3306.067,3069
3510.583,3335.633,3090.167
3518.542,3290.933,3049.625
3526.479,3279.167,3077.375
3517.104,3325.233,3051.792
3519.75,3302.233,3068
3496.312,3314.2,3074.917
3518.021,3312.767,3075.167
3534.667,3310.1,3082.958
3515.271,3303.067,3042.75
3513.729,3286.967,3055.792
3505.479,3302.133,3058.708
3500.396,3319.767,3076.083
3500.688,3305.7,3076.625
3510.729,3296.933,3074.625
3519.521,3313.833,3066.958
3524.812,3319.767,3078.5
3490.938,3313.467,3072.5
3509.583,3300.2,3087.583
3489.062,3329.167,3077.25
3499.333,3307.667,3088.375
3512.917,3314.233,3098.917
3494.229,3318.7,3096.167
3515.146,3301.367,3064.167
3512.604,3314.833,3070.042
3520.438,3322.333,3089.708
3511.062,3289.4,3106.875
3528.521,3336.467,3063.875
3510.979,3338.5,3080.5
3514.771,3311.833,3081.333
3520.271,3306.3,3088.583
3515.708,3339.867,3085.292
3506.646,3320.3,3074.375
3505.146,3303.933,3087.083
3544.708,3310.1,3117.542
3564.771,3332.233,3107.25
3567.833,3318.6,3116.25
3543.979,3319.033,3108.75
3547.458,3319.567,3090.375
3544.521,3320.933,3106.292
3526.292,3321,3097.042
3534.417,3304.6,3115.375
3538.854,3327.1,3094.875
3533.229,3326.5,3095.75
3541.062,3311.2,3096.5
3513.354,3303.633,3085.75
3513.229,3312.667,3114.708
3512.292,3326.667,3086.333
3529.875,3337.5,3108.792
3523.104,3324.567,3101.125
3519.417,3325.633,3113.333
3514.771,3322.5,3108.625
3500.625,3325,3091.542
3525.75,3307.8,3118.125
3522.125,3320.533,3096.583
3522.25,3311.867,3102.208
3509.188,3308,3100.75
3505.208,3339.067,3109.667
3515.875,3346.133,3108.583
3507.479,3313.767,3103.5
3511.417,3340.7,3107.5
3492.479,3324.967,3115.542
3517,3334.467,3105.5
3503.729,3316.267,3114.583
3505.354,3319.067,3119.417
3497.521,3304.5,3110.625
3503.292,3325.3,3113.292
3522.625,3317.533,3103.792
3510.917,3327.133,3123.25
3498.604,3329.567,3120.333
3510.25,3338.433,3108.542
3516.104,3333.833,3106.708
3508.792,3317.367,3106.542
3504.979,3335.033,3113.833
3512.917,3317.667,3111.667
3505.188,3336.133,3106.833
3497.75,3323.833,3118.083
3499.417,3320.767,3121.625
3510.458,3304.333,3097.542
3502.708,3314.367,3106.333
3510.958,3337.3,3104.042
3503.875,3320.833,3116.792
3496.667,3311.467,3101.125
3507.583,3318.233,3096.75
3499.458,3329.933,3123
3497.5,3344.4,3088.917
3519.021,3344.067,3116
3536.521,3323.9,3119.125
3557.583,3347.067,3105.833
3526.708,3335.2,3122.25
3539.833,3326.667,3098.542
3518.542,3318.1,3119.792
3542.688,3335.433,3109.208
3541.729,3308.833,3136.542
3540.146,3337.933,3131.792
3532.021,3328.8,3120.708
3557.229,3328.433,3104.875
3554.75,3339.1,3123.042
3542.396,3340.467,3129.708
3573.479,3340.2,3139.875
3563.833,3347.8,3117.958
3593.875,3375.033,3158.042
3576.146,3344.267,3146.375
3560.042,3367,3142
3544.396,3332.367,3140.458
3546.729,3364.867,3121.5
3536.479,3352.6,3134.167
3524.75,3351.867,3129.792
3529.958,3326.033,3123.042
3521.25,3318,3127.042
3518.75,3326.533,3144.875
3520.458,3343.033,3118.708
3538.562,3329.233,3134.625
3505.958,3329.9,3141.125
3506.062,3324.067,3143.083
3501.375,3333.867,3112.417
3492.292,3330.3,3125.75
3509.188,3327.467,3116.917
3508.479,3335.033,3149.917
3490.958,3322.033,3142.958
3515.958,3332.333,3135.75
3509.792,3335.133,3118.083
3499.854,3321.433,3121.875
3487.938,3329.2,3144.167
3500.396,3319.733,3149.958
3499.062,3309.2,3136.542
3512.188,3336.5,3114.708
3508,3334.733,3133.625
3510.875,3310.467,3145.875
3501.042,3327.1,3131.792
3510.812,3340.7,3094.875
3489.5,3324.433,3131.042
3503.812,3333.133,3127.542
3497.792,3326.767,3138.75
3510.5,3312.833,3118.083
3498.208,3324.3,3130.458
3494.583,3321.233,3100.708
3494.417,3335.333,3159.083
3506.688,3315.9,3130.667
3480.396,3321.267,3123.125
3498.833,3332.7,3115.458
3497.062,3330.4,3125.5
3498.875,3344.933,3137.625
3494.188,3313.9,3101.917
3490.583,3302.9,3134.958
3483.354,3313.4,3111.417
3494.229,3313.567,3112.708
3497.021,3318.833,3143.708
3496.854,3333.433,3129.333
3495.312,3324.167,3104.667
3487.25,3335.167,3131
3503.208,3314.367,3113.292
3499.771,3327.767,3128.917
3491.458,3330.833,3108.5
3469.979,3286.533,3106.75
3493.438,3314,3103.708
3472.167,3314.633,3115.417
3489.792,3333,3123.542
3492.083,3304.433,3125.958
3520.562,3310.333,3115.292
3497.312,3314.7,3134.292
3498.604,3319.633,3128.417
3492.896,3303.633,3134
3475.75,3333.767,3127.708
3500.646,3318.167,3118.958
3496.854,3342.867,3120.75
3520.542,3336.9,3156.25
3528.521,3316.933,3128.208
3528.875,3311.133,3132.167
3494.917,3301.5,3111.875
3491.167,3311.6,3138.75
3491.292,3313.167,3141
3479.021,3322.633,3130.458
3500.542,3313.267,3121.625
3527.146,3318.167,3127.75
3494.583,3304.333,3144.583
3500.812,3306.967,3144.5
3506.542,3334.667,3146.958
3493.521,3337.1,3120.125
3488.562,3306.5,3126.5
3503.271,3315.2,3136.083
3487.75,3320.933,3130.875
3504.646,3321.4,3136.792
3517.75,3309.433,3133
3489.083,3295.4,3136.333
3495.812,3314.333,3144.833
3498.771,3317.467,3152.958
3485.417,3309.367,3114.333
3477.5,3334.933,3127.833
3491.875,3310.233,3135.333
3491.771,3297.867,3141.083
3461.042,3306.933,3133
3485.875,3306.033,3110.542
3497.125,3299.5,3141.333
3462.104,3320.733,3145.083
3480.042,3309.533,3122.917
3480.021,3304.3,3135.458
3497.417,3343.033,3136.917
3498.229,3315.2,3152.083
3468.229,3334.933,3132.458
3487.333,3315.7,3119.292
3481.396,3308.2,3155.625
3478.458,3280.6,3138.75
3492.771,3321.6,3125.625
3473.812,3308.733,3129.083
3465.292,3313.067,3148.042
3475.625,3302.767,3135.958
3493.271,3307.667,3133.292
3474.812,3331.867,3134.458
3486.938,3309.033,3148
3486.146,3314.867,3121
3485.917,3311.233,3140.417
3495.292,3316.767,3119.583
3468.188,3310.033,3138.792
3486.583,3312.633,3130.583
3487.292,3299.933,3137.042
3477.562,3297.033,3139.958
3490.208,3313.9,3115.292
3455.917,3311.5,3148.375
3478.333,3313.433,3136.625
3462.542,3295,3150.917
3468.146,3304.8,3118.083
3469.042,3320.633,3136
3469.562,3319.4,3124.625
3463.792,3327.033,3127.292
3457.833,3318.767,3127.208
3482.021,3295.8,3115.792
3498.417,3307.867,3145.25
3497.958,3329.7,3125.292
3503.562,3335.733,3146.917
3499.521,3336.167,3126.833
3475.146,3291.5,3132.417
3498.812,3325.4,3137.083
3504.771,3338.4,3137.625
3492.104,3327.467,3182.708
3491.729,3323.967,3145.708
3476.062,3317.967,3158.958
3483.708,3308.533,3141.5
3476.229,3311.467,3143.833
3476.167,3319.033,3133.708
3488.458,3335.7,3130.083
3468.521,3304.833,3121.417
3468.583,3317.333,3143.5
3477.438,3312.733,3147.167
3478.979,3301.5,3149.167
3475.792,3304.867,3116.25
3480.396,3315.533,3126.958
3466.021,3319.733,3139.542
3463.479,3309.333,3131.042
3470.5,3328.133,3151.25
3474.646,3289.9,3140.75
3463.646,3287.8,3123.667
3474.292,3316.467,3138.083
3465.438,3307.733,3157.833
3472.021,3306.1,3135.875
3452.312,3305.033,3163.167
3471.125,3299.133,3156.875
3463.812,3313.667,3135.333
3459.979,3303.8,3147.583
3472.562,3304.233,3133.25
3488.208,3312.933,3135.708
3483.854,3291.767,3133.208
3482.708,3306.733,3145.208
3461.646,3292.067,3127.625
3478.333,3305.933,3124
3474.292,3304.633,3107.167
3502.667,3317.2,3120.875
3534.646,3315.767,3155.708
3532.292,3369.2,3164.417
3578.646,3365.8,3178.208
3591,3399.167,3202.625
3645.208,3403.867,3231.75
3634.271,3451.967,3256.083
3635.771,3465.033,3260.333
3615.292,3473.667,3241.708
3653.667,3482.4,3246.083
3665.562,3489.5,3276.75
3647.5,3501.7,3253.917
3679.271,3508.633,3257.292
3701.521,3531.8,3317.542
3698.167,3584.133,3336.375
3682.062,3572.9,3308.25
3677.542,3534.667,3315.625
3712.25,3559.633,3300.458
3725.271,3535.933,3318.667
3682.521,3556.533,3321.5
3698.333,3530.4,3338.542
3719.792,3566,3362.375
3753.583,3610,3393.125
3733.042,3570.533,3380.75
3693.854,3583.033,3359.542
3672.292,3541.267,3348.25
3675.625,3553.7,3343.083
3715.333,3589.567,3396.083
3708.875,3604.533,3407.5
3723.729,3565.833,3383.042
3709.958,3574.433,3374.25
3716.917,3585.333,3403.958
3716.792,3531.033,3387.208
3680.167,3541.833,3362.958
3702.708,3541.833,3370.125
3755.417,3581.667,3399.542
3785.75,3592.967,3431.292
3712.812,3609.767,3437.667
3727.917,3595.9,3366.458
3679.604,3569.467,3401.917
3729.25,3575.967,3411.75
3760.479,3588.433,3424.417
3725.354,3599.2,3410.708
3705.833,3579.1,3380.75
3692.396,3536.067,3350.417
3703.625,3575.467,3358.417
3737.667,3561.733,3415.625
3748.562,3604.7,3428.917
3725.688,3586.067,3406.042
3703.167,3554.367,3388.458
3722.729,3597.933,3411.667
3753.958,3582.967,3405.375
3718.438,3579.133,3434.583
3712.583,3571.433,3403
3734.792,3565.667,3400.5
3721.812,3602.233,3419.792
3703.875,3563.067,3403.958
3733.062,3585.033,3408.75
3744.021,3579.233,3411.25
3737.542,3564.5,3412.5
3718.833,3587.567,3400.792
3685,3554.1,3373.583
3706.812,3551.4,3393.167
3731.979,3591.5,3437.125
3741.396,3569.633,3416.708
3728.625,3619.633,3420.75
3714,3564.5,3427.75
3706.188,3550.567,3389.583
3684.812,3580.9,3413
3722.604,3574.367,3389.792
3726.938,3575.967,3412.792
3720.771,3579.167,3406.875
3697.25,3583.367,3433.125
3693.25,3531.667,3354.083
3695.771,3559.8,3388.833
3725.625,3596.833,3401.5
3705.771,3561.633,3420.125
3699.729,3566,3380.917
3709.396,3567.4,3401.25
3696.896,3551.5,3441.167
3691.583,3558.1,3418.625
3718.167,3543.233,3402.792
3735.562,3563.233,3405.75
3728.771,3569.467,3395.167
3683.646,3541.2,3386.458
3689.792,3560.667,3392.333
3721.625,3545.867,3405.792
3734.688,3583.5,3379.125
3708.917,3592.733,3410.625
3691.208,3537.467,3374
3690.771,3538.3,3396.333
3698.354,3543.367,3410.75
3699.542,3521.2,3391.708
3700.771,3541.433,3391.917
3706.917,3565.033,3364.125
3720.292,3542.4,3370.833
3670.667,3544.833,3374.917
3664.75,3575.8,3367.125
3703.25,3535.833,3385.875
3707.438,3551.5,3400.208
3712.729,3567.267,3391.667
3695.417,3561.9,3400.25
3681.312,3537.133,3376.333
3689.792,3570.233,3383.542
3726.521,3562.567,3375.5
3723.604,3580.9,3405.25
3671.542,3533.767,3379.583
3670.042,3519.133,3370.833
3698.896,3554.8,3392.333
3691.25,3561.867,3400.375
3665.688,3507.6,3384.333
3669.958,3530.633,3370.167
3681.479,3527.9,3379.792
3668.229,3547.133,3363.542
3664.375,3533.267,3375
3655.062,3525.533,3358.625
3699.021,3531.7,3397.292
3683.5,3550.433,3373.542
3695.188,3520,3339.917
3679.021,3520.067,3380.083
3671.021,3540.5,3340.167
3668.125,3528.667,3379.958
3642.438,3518.3,3346.625
3621.917,3522.433,3323.5
3614.042,3495.667,3322.875
3596.167,3467.633,3310.375
3568.229,3457.433,3298.417
3577.729,3467.533,3304.667
3571.188,3438.833,3282.958
3557.938,3429.667,3292
3540.75,3427.9,3261
3553.062,3393.5,3280.375
3540.375,3401.133,3266.958
3531.854,3405.667,3272.083
3518.292,3392.333,3239.25
3536.021,3388.467,3256.667
3500.938,3400.167,3238.875
3499.958,3361.633,3225.083
3506.208,3388.067,3233.167
3514.792,3385.9,3237.833
3502,3350.833,3205.875
3499.708,3357.267,3217.25
3462.667,3359.967,3201.833
3486.042,3358.267,3195.167
3479.5,3344.833,3196.625
3480.854,3322.8,3227.333
3484.521,3317.367,3188.125
3475.208,3351,3196.75
3470.396,3313.867,3180.25
3471.188,3347.467,3181.333
3459.562,3310.5,3195.292
3471.521,3318.167,3197.375
3464.042,3346.8,3169.667
3464.5,3322.733,3187.417
3459.146,3336.367,3179.833
3465.771,3320.733,3171.083
3453.979,3310.5,3186.792
3458.021,3318.8,3172.75
3432.208,3318.6,3151.5
3465.708,3319.767,3186.75
3445.021,3313.467,3150.125
3448.688,3289.167,3148.708
3455.542,3296.6,3172.292
3460.875,3307.5,3158.292
3452.875,3333.633,3135.417
3445.646,3294.567,3153.542
3429.583,3292.733,3171.333
3447.333,3296.667,3139.833
3444.083,3268,3152.333
3433.208,3299.167,3173.708
3425.271,3304.233,3135
3447.833,3302.2,3165.917
3442.583,3311.3,3132.708
3442.75,3302.167,3155.125
3443.833,3295.433,3156.417
3450.521,3285.4,3144
3433.938,3307.5,3165.458
3440,3276.5,3145.042
3445.646,3294.6,3154.583
3447.875,3290.167,3128.833
3440.479,3288.1,3135.75
3433.917,3271.7,3149.875
3447.979,3303.8,3137.625
3441.75,3295.8,3147.458
3436.25,3287.267,3147.458
3449.875,3272.633,3154.125
3442.458,3298.267,3150.583
3439.188,3290.633,3144.042
3434.521,3269,3129.708
3435.083,3294.633,3128.667
3442.771,3281.533,3146
3446.062,3264.5,3144.292
3426.75,3298,3146.625
3412.125,3279.1,3138.042
3439.979,3292,3132
3445.542,3286.867,3141.833
3439.167,3290.8,3155.125
3451.042,3290.467,3124.042
3445.5,3280.033,3133.75
3426.979,3291.967,3123.958
3433.812,3284.767,3139.542
3434.625,3277.433,3140.792
3435.625,3280.8,3148
3420.5,3288.933,3149.083
3435.458,3262.167,3141.75
3424.167,3289.933,3163.042
3438.208,3291.767,3156.167
3439.021,3281,3179.167
3423.229,3295.767,3137
3429.021,3285.033,3136.917
3422.958,3280.533,3144.542
3432.479,3277.433,3149.292
3430.917,3270.567,3141.833
3417.167,3293.6,3132.917
3416.979,3269.4,3173.708
3425.979,3257.867,3147.25
3424.146,3272,3147.125
3417.958,3277.833,3154.292
3426.292,3276.3,3141.375
3433.646,3296.967,3166.542
3415.375,3271.667,3137.208
3423.354,3303.7,3158.833
3438.271,3260.333,3160.792
3424.479,3278.2,3150.375
3443.5,3287.067,3138.667
3421.396,3287.8,3138.833
3426.021,3270.667,3155.667
3425.688,3280.233,3158.542
3421.667,3289.067,3160.833
3427.958,3271.433,3148.708
3434.5,3274.067,3154.958
3426.896,3281.467,3141.583
3425.417,3284.4,3132.333
3421.979,3264.433,3159.458
3414.146,3275.033,3145.333
3420.562,3275.7,3149.667
3437.083,3285.9,3139.917
3433.688,3280.167,3167
3420.042,3282.1,3170.583
3416.229,3273.633,3162.042
3417.771,3246.067,3151.417
3438.708,3254.7,3155.875
3414.292,3261.933,3157.25
3419.375,3288.967,3163.167
3431.083,3256.7,3140.833
3446.917,3270.1,3149.875
3454.062,3275.1,3160.25
3460.125,3274.5,3139.417
3441.271,3261.633,3154.208
3441.479,3275.433,3158.958
3438.25,3272.933,3141.833
3416.229,3265.2,3158.333
3426.792,3278.633,3157.625
3429.75,3246.133,3148.708
3432.896,3273.867,3138.417
3401.417,3291.033,3126.792
3412.188,3279.3,3129.667
3426.396,3287.833,3119.875
3420.438,3271.333,3154.292
3427.875,3282.867,3145.958
3428.292,3304.567,3141.083
3422.146,3276.533,3153.542
3425.312,3275.733,3142
3432.938,3268.967,3157.458
3417.5,3263.133,3136.5
3418.542,3277.767,3157.125
3436.958,3284.133,3139.417
3429.083,3273.533,3149.042
3427.417,3265.6,3137.208
3429.521,3276.633,3140.167
3432.438,3270,3143.417
3441.583,3253.9,3128.5
3402.083,3264.467,3148.083
3438.333,3259.333,3132.125
3413.562,3264.9,3148.458
3416.812,3264.733,3133.75
3409.958,3269.667,3139.625
3421.229,3280.2,3145.5
3431.938,3278.967,3166.917
3424.479,3263.1,3138.167
3426.812,3269.167,3121.667
3431.812,3248.733,3151.292
3430.979,3249.3,3133.458
3411.896,3265.367,3172.083
3414.333,3273.9,3161
3425.896,3276.133,3161.292
3419.667,3290.667,3136.208
3431.354,3264.367,3140.208
3421.542,3258.767,3139.417
3433.75,3258.967,3131.958
3417.708,3276.833,3150.25
3421.958,3288.8,3147.042
3419.396,3260.1,3139.208
3400.854,3279.167,3146.042
3442.479,3276.5,3140.708
3416.542,3269.033,3139.417
3385.979,3267.9,3122.042
3421.312,3266.467,3145.25
3415.625,3256.433,3160.792
3427.021,3246.1,3147.25
3419.708,3279.533,3143.875
3410.667,3259.5,3132.583
3410.292,3266.8,3128.333
3430.646,3276.1,3149.5
3420.312,3245.033,3146.75
3422.333,3274.833,3110.667
3414.167,3258,3143.167
3423.729,3265.7,3147.208
3425.75,3253.167,3151.958
3409.354,3257.167,3149.208
3399.667,3282.267,3126.042
3417.917,3260.667,3155.375
3418.208,3260.6,3143.792
3423.708,3266.067,3153.542
3402.208,3268.9,3131.25
3406,3261.2,3129.917
3416.417,3277.433,3159.667
3421.833,3291.7,3139
3429.208,3269.033,3130.792
3409.938,3258.667,3137.333
3420.042,3284.367,3119.042
3418,3275.467,3156.833
3409.333,3274.633,3152.208
3419.771,3248.433,3145.292
3408.688,3264.5,3132.708
3415.104,3264.3,3132.5
3409.417,3275.033,3144.208
3412.104,3240.367,3128.042
3429.208,3267.067,3117.667
3426.438,3266.967,3141.75
3415.354,3266.433,3110.5
3414.688,3252.667,3111.75
3414.625,3252.3,3127.292
3416.396,3261.967,3123.958
3427.646,3259.367,3130.167
3415.312,3260.2,3123.917
3422.646,3262.533,3124.042
3425.458,3266.4,3131.75
3425.146,3264.067,3144.917
3425.958,3265.433,3134.375
3425.333,3268.1,3136.25
3427.958,3263.833,3139.417
3421.833,3253.933,3116.125
3422.021,3263.933,3121.708
3419.25,3262.467,3111.917
3412.104,3280.267,3120.458
3423.771,3288.033,3142.083
3393.292,3274.667,3139.167
3423.5,3252.167,3117.917
3440.208,3287.433,3113.667
3423.042,3271.033,3136.042
3426.396,3256.8,3136.75
3419.021,3262.7,3155.375
3410.646,3274.067,3117.167
3404.479,3252.667,3116.958
3422.854,3270.367,3099
3418.021,3262.367,3134.958
3423.375,3261.4,3123.208
3418.604,3255.433,3138.083
3417.438,3265.367,3126.917
3413.312,3258.1,3141.792
3422.292,3261.333,3126.5
3421.125,3252.333,3125.958
3410.125,3255.967,3129.208
3404.333,3249.833,3132.542
3423.875,3261.633,3111.333
3422.729,3269.433,3131.375
3414.708,3255.1,3104.375
3421.479,3247.9,3139.417
3412.167,3255.8,3131.958
3414.188,3260.6,3127
3406.271,3248.067,3123.708
3434.146,3253.9,3128.208
3401,3266.233,3152.125
3413.812,3258.567,3098.125
3423.292,3261.867,3126.375
3430.333,3273.433,3122.833
3417,3272.967,3107.667
3412.896,3247.6,3149.208
3395.854,3265.633,3135.25
3438.771,3259.5,3136.417
3433.438,3271.733,3117.458
3422.042,3250.767,3126.792
3404.5,3254.133,3125.833
3404.417,3240.367,3107.042
3412.875,3243.467,3131.375
3406.354,3261.633,3095.167
3425.917,3246.967,3116
3418.896,3259.067,3133.042
3412,3243.567,3135.292
3419.583,3249.633,3137.083
3411.375,3247.267,3134.75
3412.167,3248,3135.792
3413.271,3273.367,3111.667
3413.083,3254.4,3125.458
3401.833,3271.767,3155.542
3424.125,3256.533,3125.167
3418,3261.4,3134.375
3404.396,3260.1,3146.792
3393.917,3230.733,3131.958
3413.458,3241.5,3129.542
3403.021,3264.467,3125.708
3427.479,3250.733,3145.875
3408.292,3257.333,3135.125
3403.833,3247.133,3114.792
3409.917,3269.733,3113.292
3398.812,3264.367,3128
3410.312,3261.433,3131.542
3407.042,3245.967,3082.083
3405.208,3247.067,3129.417
3427.542,3262.2,3116.042
3429.167,3267.4,3117.833
3427.771,3236.033,3138.25
3421.979,3261.867,3131.417
3416.021,3267.833,3115.083
3402.479,3250.567,3128.875
3402.667,3255.033,3138.5
3419.646,3248.333,3144.5
3410.125,3251.967,3129.292
3407.146,3254.467,3141.333
3408.833,3250.167,3135.875
3405.417,3254.433,3142.25
3430.521,3276.6,3138.083
3431.229,3256.133,3134.667
3425.979,3271.333,3141.958
3431.708,3255.133,3124.792
3407.667,3245.767,3134.333
3400.521,3255.333,3135.417
3415.646,3262.667,3123.875
3418.729,3251.5,3136.917
3415.021,3259.033,3135.042
3408.771,3257.533,3111.75
3402.208,3268.5,3117.917
3408.25,3267.7,3134.875
3406.042,3247.867,3150.083
3408.438,3243.633,3125.875
3438.854,3262.967,3136.042
3472.812,3270.133,3143.833
3448.292,3264.067,3137.708
3449.979,3285.3,3150.042
3429.938,3272.067,3135.958
3454.896,3301.367,3161.417
3500.938,3298.233,3149.875
3497.812,3289.967,3160.708
3489.583,3285.933,3157.625
3471.5,3291.133,3141.792
3483.646,3287.433,3176.875
3523.354,3306.967,3163.125
3525.542,3287.633,3203.042
3495.854,3303.733,3165.708
3507.688,3291.867,3165.042
3510.417,3296.667,3192.5
3501.083,3305.667,3163.958
3477.688,3290.5,3147.25
3489.354,3284.333,3167.208
3527.708,3289.733,3185.5
3577.917,3318.7,3224.583
3572.917,3307.2,3216.333
3561.333,3286.4,3213.667
3550.312,3292.033,3238.208
3564.104,3309.667,3201.417
3583.917,3318.367,3261
3610.521,3321.767,3244.792
3607.708,3331.4,3272.042
3595.75,3317.033,3221.292
3573.521,3322.767,3234.208
3586.854,3313.8,3240.917
3591.479,3327.467,3252.542
3584.625,3332.833,3251.083
3590.062,3325.533,3236.042
3589.771,3326.633,3237.667
3621.333,3332.9,3288.875
3619.271,3325.867,3271.333
3599.271,3319.233,3257.333
3589.542,3333.167,3236.125
3591.875,3332.433,3246.333
3606.979,3320.867,3251.833
3607.646,3301.133,3277.75
3632.708,3336.5,3287.708
3628.188,3331.833,3279.708
3605.292,3317.933,3260.667
3660.25,3327.333,3302.542
3646.979,3341.533,3308.958
3642.917,3331.867,3276.25
3589.875,3348.667,3284
3641.958,3348.3,3313.167
3645.854,3376.2,3329.083
3599.958,3361.467,3307.625
3590.542,3360.467,3306.625
3628.312,3349.233,3311.833
3627.312,3396.5,3348.542
3614.646,3370.333,3308.833
3603.5,3360.867,3272.667
3637.312,3370.367,3334.75
3619.042,3400.233,3331.333
3596.667,3397.4,3310.917
3603.104,3349.033,3312.917
3622.104,3382.167,3320.792
3666.688,3400.333,3334.375
3628.833,3403.6,3333.458
3622.354,3364.567,3310.583
3619.917,3386.933,3329.458
3625.812,3413.167,3339.417
3617.5,3388.6,3331.333
3599.417,3390.567,3336.5
3630.542,3394.933,3343.375
3633.729,3413.667,3348.708
3620.479,3422.2,3336.583
3612.688,3409.633,3346.167
3658.938,3428.967,3376.25
3630.667,3465.533,3328.792
3632.25,3408.867,3331.5
3599.021,3432.267,3312.458
3610.604,3426.167,3317.792
3607.042,3438.233,3323.875
3641.062,3442.933,3349.208
3626.021,3426.967,3335.833
3595.521,3431.7,3318.125
3610.854,3449.5,3329.625
3630.812,3459.533,3370.375
3633.625,3457.933,3328.917
3592.583,3437.833,3342.042
3639.042,3469.467,3345.833
3650.375,3496.933,3350.792
3629.542,3465.533,3342.958
3616.958,3489.1,3343.292
3621.521,3460.667,3347.875
3619.104,3502.767,3342.542
3604.333,3480,3341.333
3608.562,3474.467,3341.917
3600.917,3487.833,3332.292
3595.375,3474.4,3348.292
3613.312,3490.767,3345
3649.062,3508.533,3351.083
3625.229,3504.633,3344.5
3581.646,3485.567,3319.833
3592.333,3472.833,3347.583
3653.583,3524.9,3362.542
3637.896,3492.733,3368.375
3637.5,3540,3382.292
3633.625,3516.7,3355.042
3614.729,3488.533,3321.458
3649.417,3517.833,3363.958
3646.229,3505.667,3374.833
3635.938,3503.2,3371.208
3611.958,3503.367,3321.917
3621.042,3492.567,3356.5
3624.917,3504.033,3377.458
3622.938,3513.7,3343.542
3602.812,3474.567,3358.958
3624.333,3505.9,3354.333
3606.208,3480.5,3387.042
3629.771,3509.567,3364.625
3612.042,3493.6,3351.833
3598.604,3506.767,3339.167
3617.938,3512.833,3358.375
3601.354,3494.933,3382.75
3609.604,3507.967,3359.042
3569.167,3487.967,3343.875
3561.458,3494.1,3336.667
3571.271,3488.567,3335.042
3626.542,3496.233,3371.667
3607.521,3534.133,3362.125
3603.958,3497.2,3352.167
3587.729,3483.667,3335
3601.479,3501.867,3331.417
3607.104,3489.367,3363.958
3614.062,3475.4,3334.583
3620.25,3512.3,3344.75
3593.688,3492.3,3334.25
3607.812,3483.567,3343.75
3619.188,3477.967,3352.875
3604.417,3501.967,3349.958
3589.604,3484.967,3326.75
3604.062,3501.667,3354.458
3615.854,3476.867,3351.458
3586.542,3482.633,3338.333
3590.125,3477.533,3342.417
3620.521,3498.233,3350.208
3628.771,3498.467,3337.625
3625.667,3498.933,3357.667
3597.75,3489.933,3336.292
3570.354,3477.5,3307.458
3615.458,3478.233,3314.917
3613.625,3493.833,3341.375
3613.5,3486.533,3334.208
3561.208,3459.767,3324.667
3583.646,3467.267,3307.125
3602.833,3489.1,3300.833
3604.417,3486.367,3350.25
3576.875,3475.233,3336.542
3585.812,3458.867,3310.667
3582.208,3462.5,3323.833
3568.917,3478.867,3323.208
3574.354,3471.9,3310.792
3581.125,3471.567,3334.292
3605.271,3494.667,3339.25
3600.396,3481.3,3341.5
3610.167,3501.9,3340.208
3612.708,3502.333,3332.333
3630.25,3483.8,3353.625
3590.042,3482.833,3316.333
3597.625,3469.567,3318.375
3583.25,3502.233,3341.917
3615.854,3479.8,3366.458
3588.812,3444.767,3333.208
3581.896,3477.6,3301.917
3608.771,3480.867,3322.792
3595.771,3487.533,3324.75
3590.646,3477.567,3325
3552.083,3441.867,3286.583
3595.312,3468.233,3344
3597.729,3473.867,3332.667
3602.417,3482.1,3317.833
3597.604,3492.267,3326.375
3585.938,3471.967,3336.792
3575.104,3454.333,3314.917
3577.854,3465.467,3296.958
3600.417,3469.967,3357.375
3574.812,3490.367,3330.25
3574.708,3470.8,3325.792
3562.188,3432.6,3309.333
3544.896,3418.167,3300.917
3540.396,3435.3,3276.167
3521.104,3393.533,3255.75
3523.458,3402.433,3275.042
3499.708,3375.433,3248.875
3502.188,3402.467,3251.167
3501.792,3382.967,3255.167
3481.188,3360.9,3233.875
3468.646,3357.9,3236.583
3478.125,3348.7,3214.917
3484.562,3360.533,3214.625
3444.917,3352.2,3213.25
3468.771,3351.167,3211.75
3459.458,3320.633,3216.708
3443,3328.6,3227.708
3472.75,3328.8,3206.333
3430.021,3340,3174.542
3435.25,3304.2,3187.833
3428.75,3328.067,3189.958
3429.604,3306.267,3190.792
3415.042,3276.967,3187.833
3429,3301.433,3196.958
3434.312,3288.367,3212.292
3431.708,3294.733,3180.417
3435.042,3309.567,3164.083
3418.021,3302.333,3172.042
3417.021,3295.467,3179.708
3418.104,3321.467,3180.667
3404.25,3290.6,3152.875
3397.354,3303.367,3176.042
3420.75,3280.433,3176.25
3433.125,3293.7,3168.792
3414.458,3282.7,3149
3400.104,3272.4,3157.667
3409.521,3257.3,3157.583
3393.25,3292.167,3149.792
3389.375,3294.8,3156.792
3401.229,3272.8,3136.375
3398.104,3276,3146.542
3397.229,3272.433,3161.333
3389,3273.333,3124.875
3392.229,3266.267,3137.125
3399.125,3266.333,3140.667
3401.562,3272.567,3158.125
3389.083,3239.567,3123.875
3388.208,3280.767,3134.333
3385,3263.7,3130.375
3372.917,3256.733,3134.167
3392.292,3258.267,3142.25
3392.208,3228.767,3133.042
3397.625,3244.433,3130.375
3390.792,3264.233,3183.083
3404.833,3251.5,3130.708
3395.646,3261.733,3142.875
3384.042,3254.6,3124.333
3396.958,3255.633,3123.625
3383.104,3271.367,3113.583
3388.021,3251.4,3117.167
3382.708,3249.833,3099.542
3392.625,3251.4,3115.75
3398.438,3228.967,3125.333
3385.292,3263.733,3102.167
3365.042,3259.567,3123.917
3383.312,3264.467,3117.542
3391.312,3261.833,3111.167
3405.917,3248.333,3110.875
3377.542,3267.467,3120.875
3391.312,3251.267,3137.083
3400.938,3235.467,3121.75
3390.146,3241.8,3116.917
3399.75,3233.3,3121.25
3396.792,3242.667,3106.542
3373.292,3225.367,3124.667
3375.438,3243.867,3123.417
3381.5,3230.8,3151.417
3382.417,3247.8,3151.208
3380.896,3242.167,3139.083
3392.021,3206.633,3119.792
3385.812,3239.033,3116
3386.917,3236.9,3112.833
3387.688,3264.233,3153.833
3388.917,3230.467,3156.042
3373.854,3241.567,3122.917
3376,3227.433,3137.708
3381.562,3231.367,3126.167
3384,3240.8,3161.917
3387.354,3243.067,3109.125
3381.792,3251.5,3135.458
3365.354,3241.967,3114.042
3386.625,3234.867,3127.875
3386.396,3227.1,3140.208
3387.375,3259.3,3124.5
3389.458,3237.067,3138.667
3369.833,3237.033,3105.375
3384.042,3234.2,3100.125
3379.104,3238.7,3112.583
3377.646,3231.267,3132
3372.333,3245.5,3128.208
3363.312,3235.533,3094.75
3377.271,3249.8,3128.625
3381.896,3252.667,3139.625
3393.417,3241.7,3151.083
3384.438,3230.333,3118.958
3385.458,3223.033,3124.458
3385.271,3232.167,3126.833
3361.104,3220.4,3125.042
3370.062,3237.767,3139.042
3382.438,3255.133,3108.625
3361.938,3235.267,3133.458
3379.708,3236.467,3117.75
3386.938,3226.367,3133.417
3377.396,3239.967,3118
3365.312,3241.467,3117.333
3378.271,3220.033,3113.125
3382.521,3249.567,3115.833
3375.771,3216.233,3102.917
3387.292,3232.533,3128.125
3377.646,3239.367,3120.083
3378,3236.333,3140.458
3380.25,3225.567,3131.042
3385.208,3231.8,3127.667
3373.771,3232.567,3119
3380.125,3230.3,3134.625
3374.521,3217.7,3106.833
3380.792,3231.5,3130.458
3374.375,3229.9,3134.208
3373,3241.333,3128.625
3380.75,3237.733,3102.875
3378.958,3214.633,3116.417
3374.688,3248.067,3121.417
3379.667,3234.2,3120
3367.479,3221.4,3119.375
3376.208,3219.867,3116.083
3385.438,3210.367,3135.25
3390.271,3221.333,3104.792
3388.583,3224.333,3114.833
3376.604,3237.533,3117.25
3378.042,3224.4,3125.667
3369.188,3208.567,3113.875
3369.25,3217.133,3116.625
3384.583,3240.6,3134.75
3383.562,3238.933,3114.958
3374.896,3254.8,3101.417
3378.229,3238.7,3127.708
3363.875,3227.833,3127.75
3369.833,3216.667,3116.417
3388.271,3227.1,3139.458
3375.646,3214.967,3145.708
3372.021,3205.8,3120.875
3384.646,3231.133,3126.208
3379.5,3230.167,3129.333
3359.208,3230.267,3139.292
3374.333,3228.833,3108.458
3384.333,3230.567,3117.667
3369.542,3242.2,3133
3362.25,3234,3124.875
3362.938,3231.133,3103.292
3377.979,3231.6,3145.917
3375.917,3247.233,3111.083
3366.438,3206.9,3140.375
3380.146,3221.267,3100.292
3366.271,3240.733,3128.542
3363.188,3226.4,3120.875
3365.229,3233.2,3113.75
3369.708,3215.467,3119.667
3378.854,3227.167,3114.958
3363.562,3236.9,3132.375
3379.938,3230.467,3131.708
3382.917,3229.867,3123.542
3401.417,3217.1,3125.958
3390,3237.167,3113.333
3399.354,3229.167,3116.917
3394.438,3239.733,3140.875
3384.646,3235.667,3146.625
3388.562,3220.667,3126.792
3388.312,3224.2,3124.125
3386.021,3226.6,3136.458
3383.708,3209.933,3116.083
3383.542,3221.867,3121.625
3364.146,3250.467,3125.708
3363.104,3234.1,3116.875
3378.583,3234.233,3146.125
3380.438,3247.8,3119.875
3389.417,3248.933,3114.333
3351.771,3225.367,3118.708
3373.271,3232.733,3112.25
3374.292,3232.3,3128
3374.375,3215.8,3125.625
3373.562,3225.367,3127.292
3365.354,3253.2,3115.458
3365.083,3215.467,3101.917
3373.521,3229.2,3114.083
3371.188,3213.167,3119.083
3366.021,3227.933,3127.042
3377.312,3234.3,3118.333
3376.271,3224.967,3098.125
3367.771,3237.533,3124.875
3371.438,3222.833,3123.417
3373.938,3243.167,3128.667
3381.75,3233.1,3116.75
3381.688,3241.167,3112.917
3369.021,3230.333,3115.875
3384.729,3222.7,3130.25
3378.75,3224.6,3119.542
3369.042,3241.667,3123.083
3359.229,3223.833,3130.25
3366.958,3250.033,3106.792
3376.917,3243.633,3151.625
3365.75,3236.2,3126.833
3374.854,3233.267,3139.25
3372.438,3224.267,3153.833
3370.438,3227.967,3100.208
3363.729,3221.533,3156
3372.25,3236.933,3127.083
3376.896,3229.167,3119.667
3370.792,3240.167,3117.5
3366.104,3239.4,3132.083
3383.229,3242.7,3127.542
3385.542,3230.733,3131.542
3370.375,3243.833,3114.917
3366.188,3234.967,3143.458
3360.146,3231.533,3133.792
3395.979,3216.1,3122.792
3356.667,3215.633,3113.208
3369.333,3217,3126.292
3368.062,3224.933,3129.5
3370.292,3242.3,3117.042
3385.104,3223.533,3104.958
3370.042,3209.133,3119.292
3364.583,3206.167,3115.083
3367.438,3222.067,3138.083
3379.896,3246.567,3132.75
3361.208,3219.3,3131.583
3368.146,3224.067,3139.417
3357.042,3208,3140.5
3358.354,3249.067,3115.417
3367.146,3237.8,3130.375
3357.833,3230.267,3115.625
3368.583,3243.5,3114.042
3378.562,3221.867,3136.708
3363.875,3229.367,3130.958
3374.312,3242.267,3133.708
3363.292,3231.133,3118.167
3372.167,3202.467,3114.75
3390.729,3238.2,3127.833
3371.479,3239.667,3121.958
3360.896,3219.533,3119.542
3361.146,3226.367,3128.958
3359.312,3211.833,3114.833
3370.854,3229.7,3113.458
3365.625,3237.333,3123.75
3379.479,3231.733,3105.833
3376.542,3212.367,3129.917
3349.188,3223.667,3105.75
3360.188,3228.367,3103.083
3384.792,3229.033,3116.5
3369.625,3245.833,3114.375
3374.312,3222.767,3100.083
3372.146,3228.967,3128.417
3367.021,3222.6,3102.208
3374.792,3216.633,3125.167
3378.667,3233.433,3121.417
3373.542,3213.667,3111.542
3377.146,3210.133,3120.25
3379.333,3234.2,3133.958
3362.167,3206.267,3116.542
3376.208,3232.5,3124.833
3374.812,3245.533,3104.708
3367.75,3247.9,3112.792
3356.792,3219.333,3108.208
3362.583,3228.9,3100.792
3355.958,3234.9,3122.958
3367.958,3219.667,3110.625
3362.604,3213.9,3116.167
3356.125,3204.933,3094.833
3364.167,3220.3,3107.208
3368.979,3228.867,3123.458
3358.854,3206.867,3118.667
3358.938,3220.5,3123.625
3351.958,3231.667,3119.292
3369.625,3218.067,3097.958
3364.125,3235.033,3102
3378.708,3232.267,3115.917
3355.979,3225.3,3139
3373.958,3239.8,3101.833
3377.792,3231.267,3100.375
3355.479,3222.433,3111.167
3364.896,3217.967,3141.792
3359.896,3223.067,3115.208
3360.25,3214.067,3119.417
3368.771,3218.5,3088.792
3363.667,3226.133,3102.833
3361.354,3221.867,3101.417
3375.625,3225.767,3124.25
3357.854,3216.433,3097.125
3343.375,3226.733,3115.792
3362.292,3224.633,3080
3360.104,3209.867,3105.875
3377.312,3216.8,3089.875
3375.688,3190.8,3106.125
3372.75,3216.8,3109.75
3398.375,3218.333,3082.375
3377.021,3222.3,3096.083
3369.062,3233.133,3080
3362,3224.733,3111
3383.229,3213.367,3099.417
3370.521,3213.167,3075.292
3377.438,3198.9,3103.875
3380.708,3219.733,3102.25
3397.312,3224.6,3103.125
3413.167,3191.767,3097.583
3406.958,3239.267,3104.458
3386.479,3223.333,3093.625
3408.875,3235.333,3104.5
3419,3221.2,3112.208
3405.771,3241.333,3096.208
3389.604,3237.467,3093.542
3383.833,3217.4,3098.833
3392.125,3205.733,3079.125
3411.833,3216.833,3094.625
3405.854,3226.167,3097.375
3435.458,3244.967,3119.375
3426.917,3257.167,3122.417
3416.042,3242.6,3081.625
3413.875,3246.8,3144.708
3430.354,3243.5,3156.417
3415.792,3237.933,3126.167
3428.438,3252.2,3103.125
3421.5,3233.1,3122.25
3416.167,3242.2,3144.5
3407.229,3241.133,3130.958
3405.021,3230.233,3109.25
3378.938,3218.2,3124.042
3411.604,3224.533,3139.583
3436.812,3254.833,3160.583
3452.312,3257.5,3128.917
3463.333,3280.2,3144.25
3444.083,3247.267,3131.292
3428.646,3238.533,3120.875
3415.896,3247.467,3107.417
3420.5,3200.533,3133.875
3443.125,3243.3,3157.375
3442.542,3244.767,3151.417
3457.125,3256.833,3138.208
3449,3248.633,3158.375
3451.167,3254.667,3148.417
3443.708,3256.467,3131.542
3490.646,3241.167,3176
3490.417,3243,3162.833
3481.833,3244.367,3181.583
3480.208,3247.567,3170.583
3476.25,3254.4,3209.125
3477.896,3260.133,3196.833
3474.771,3243.867,3192
3475.979,3240.9,3206.208
3486.5,3236.7,3208.458
3535.979,3242.933,3200.875
3477.812,3242.867,3229.833
3468.188,3241.8,3197.917
3481.479,3256.733,3220.958
3497.875,3244.233,3205.875
3483.458,3255.2,3195.083
3460.833,3228.5,3179.333
3468.917,3253.567,3189.458
3499.583,3228.367,3198.917
3496.604,3239.233,3207
3468.729,3233.3,3195.083
3501.875,3252.933,3232.333
3513.125,3255.933,3233.625
3499.604,3257.533,3212.5
3491.458,3246.133,3220.875
3505.792,3250.533,3210.458
3495.729,3246.9,3213.667
3469.021,3253.667,3198.208
3486.958,3266.167,3215.417
3480.396,3236.9,3209
3474.479,3245.6,3221.292
3513.583,3239.267,3230.542
3498.083,3246.767,3220.625
3491.208,3250.267,3232.542
3510.521,3258.233,3194.125
3522.771,3262.5,3214
3489.792,3252,3221.542
3488.979,3261.133,3222.583
3512.979,3246.1,3235.417
3527.021,3259.8,3223.125
3518.812,3253.367,3234.25
3497.812,3251.867,3229.042
3511.125,3260.167,3275.042
3513.854,3271.4,3262.792
3528.938,3295.1,3240.75
3547.854,3284.667,3293.542
3530.5,3300.7,3247.292
3501.688,3267.233,3259.458
3522.458,3272.367,3256.667
3544.854,3283.167,3257.208
3519.458,3281.667,3250.167
3532.583,3262.3,3257.667
3523.167,3282.767,3259.125
3521.521,3299.667,3264
3510.938,3260.933,3252.25
3497.854,3275.7,3244.208
3500.958,3269.5,3222.75
3527.958,3291.9,3241.792
3547.562,3294.9,3249.875
3529.854,3287.8,3281
3512.75,3295.567,3255.875
3542.438,3307.833,3290.417
3541.792,3303.4,3253.042
3521.188,3321.633,3263.792
3490.312,3297.3,3267.208
3509.896,3292.1,3239.667
3524.042,3302.133,3247.958
3521.521,3311.867,3260.792
3509.312,3315.367,3259.625
3493.479,3290.1,3229.125
3523.854,3305.833,3254.083
3555.479,3329.067,3306.25
3542.583,3307.933,3262.25
3545.229,3335.467,3305.333
3531.375,3319.5,3303.625
3504.417,3315.133,3267.292
3523.562,3299.333,3285.583
3501.833,3299.7,3288.083
3510.333,3317.467,3253.333
3529.958,3344.567,3271.792
3538.708,3357.5,3294.208
3548.333,3347.233,3292.792
3515.917,3345.2,3274.875
3488.292,3333.333,3260.625
3520.833,3350.067,3275.5
3506.917,3358.4,3265.667
3499.688,3329.233,3263.208
3534.583,3343.433,3298.167
3538.771,3337,3288.208
3495.271,3328.933,3270.708
3505.917,3338.467,3239.958
3513.521,3359.333,3291.917
3539.062,3363.8,3277.333
3519.271,3362.733,3287.125
3532.875,3378.233,3290.583
3531.688,3374.033,3282.708
3501.604,3384.3,3277.792
3503.875,3350.467,3278.167
3536.146,3361.3,3264
3537.896,3377.167,3270.833
3494.625,3353.633,3278
3525.771,3371.833,3264.208
3536.292,3372.533,3279.792
3500.479,3359.967,3250.708
3529.5,3371.833,3279.625
3539.396,3365.9,3296.458
3521.667,3389.7,3274.292
3524.125,3388.967,3258.042
3505.562,3373.633,3272.333
3494.896,3353.567,3271.542
3524.771,3393.9,3283.167
3527.75,3390.7,3290.792
3557.896,3386.967,3303.417
3497.75,3387.2,3275.125
3541.396,3403,3284.417
3537.875,3403.433,3270
3507.167,3390.233,3279.833
3512.354,3409.8,3275.917
3550.062,3420.767,3307
3522.333,3404.4,3317.75
3512.25,3387.267,3266.917
3522.188,3383.067,3267.083
3543.688,3407.967,3301.042
3534.25,3415.333,3281.708
3527.333,3406.767,3280.833
3538.167,3400.833,3305.458
3532.938,3401.267,3270.417
3503.729,3422,3254.292
3490.708,3416.767,3292.708
3524.5,3416.167,3318.25
3529.271,3395.867,3298.958
3525.938,3423.9,3301.542
3535.354,3391.133,3296.083
3507.521,3409.2,3250.042
3522.375,3419.467,3277.667
3532.562,3429.267,3306.458
3517.104,3394.267,3272.333
3499.979,3403.733,3273.5
3500.188,3384.333,3288.958
3535.938,3389.833,3273.25
3499.292,3407.467,3268.75
3521.062,3392.2,3270.292
3520.917,3381.1,3270
3528.104,3394.667,3270.125
3533.792,3420.767,3288.208
3507.521,3381.1,3267.208
3501.312,3390.733,3265.458
3496.167,3388.367,3255.792
3502.021,3371.333,3250.958
3514.604,3396.3,3277.75
3513.792,3433.833,3286.292
3503.958,3406.933,3277.5
3514.604,3385.167,3259.917
3512.729,3382.9,3243.417
3504.729,3415.233,3283.417
3530.292,3408.533,3285.792
3518.958,3405.933,3273.917
3491.708,3397.967,3272.917
3490.104,3432.333,3282.083
3526.188,3411.5,3298.167
3514.875,3374.033,3268.917
3521.646,3390.233,3289.667
3516.667,3429.667,3296.417
3516.062,3407.2,3305.25
3512.646,3403.733,3289.375
3509.375,3423.7,3288.667
3502.854,3438.533,3337.375
3497.333,3416.733,3327.583
3480.167,3390.433,3292.125
3516.688,3420.867,3298.167
3500.458,3421.533,3274.583
3490.208,3392.867,3275.042
3497.938,3419.9,3278.833
3517.854,3432.6,3309.167
3494.667,3428.933,3299.917
3484.729,3408.5,3295.708
3498.604,3400.167,3283.958
3488.958,3407.533,3286.458
3512.417,3409.4,3296.292
3528.979,3423.7,3304.833
3508.333,3430.533,3307.375
3507.917,3414.4,3316.708
3482.812,3413.6,3288.875
3473.729,3417.3,3285.75
3506.042,3404.667,3316.833
3516.271,3407.667,3282.792
3511.958,3392.167,3276.125
3493.917,3377.867,3285.167
3507.646,3404.3,3303.125
3536.688,3420.733,3304.708
3501.354,3396.667,3287.542
3480.271,3402.867,3275.042
3508.729,3399.667,3290.292
3529.375,3394.467,3311.917
3526.479,3419.867,3295.708
3485.042,3384.333,3280.125
3474.292,3406.933,3291.042
3493.229,3389.533,3283.583
3490.438,3383.333,3270.375
3479.833,3381.2,3299.083
3512.75,3398.1,3289.208
3499.5,3395.8,3306.25
3488.104,3410.5,3260.75
3513.771,3385.4,3234.833
3465.646,3369.933,3256.292
3461.521,3376.933,3221.292
3459.292,3334.967,3246.417
3436.708,3359.3,3238.125
3443.25,3333.333,3218.417
3416.5,3333.433,3236.75
3414.479,3336.4,3237.542
3415.896,3328.267,3222.5
3432.083,3332.167,3214.833
3417.667,3315.2,3197.542
3410.188,3302.033,3209.667
3418.562,3332.9,3179.375
3413.625,3302.267,3207.542
3410.375,3287.767,3159.75
3400.25,3284.733,3189.417
3390,3289.8,3176
3377.25,3310.8,3167.25
3397.583,3278.1,3143.375
3394.229,3308.033,3172.917
3375.229,3263.533,3171.875
3364.167,3299.733,3150.542
3372.417,3282,3164.417
3378.375,3287.867,3175
3382.125,3275.6,3145
3375.812,3267.7,3161.667
3385.75,3277.2,3146.458
3367.417,3254.567,3145.167
3369.438,3246.933,3122.292
3371.646,3258.033,3115.375
3375,3260.667,3144.708
3363.896,3254.067,3135.958
3371.167,3243.867,3134.667
3378.958,3252.067,3148.5
3359.542,3270.933,3135.333
3359.75,3254,3126.792
3364.417,3264.033,3147.125
3356.667,3243.933,3123.125
3373.438,3238.767,3130.708
3340.5,3237.967,3106.25
3368.562,3236.233,3109.75
3361.979,3237.7,3118.667
3358.896,3245.633,3139.25
3360.521,3232.467,3116.083
3363.146,3240.033,3120.792
3386.604,3230.6,3140.375
3372.271,3225.4,3112.042
3358.25,3219.967,3105.875
3360.042,3243.3,3120.75
3361.042,3224.533,3104.833
3376.479,3230.4,3116.208
3363.833,3223.633,3110.333
3346.271,3203,3122.625
3365.25,3233.433,3109.708
3363.333,3218.767,3117.292
3350.917,3235.667,3107.625
3353.833,3212.3,3120.333
3338.771,3203.467,3102.833
3347.229,3214.833,3106.792
3355.333,3224.933,3133.167
3344.062,3221.633,3120.458
3325.854,3229.667,3133.333
3346.458,3224.767,3115.708
3347.104,3200.933,3116.75
3351.625,3213.9,3113.75
3336.229,3219.9,3130.958
3341.667,3238.333,3122.833
3352.292,3217.733,3105.042
3345.188,3194.167,3128.792
3354.5,3215.1,3123.5
3333.104,3225.1,3147.958
3342.396,3222.833,3119.917
3343.646,3222.367,3132.958
3357.458,3213.833,3136.167
3346.625,3218.967,3120.958
3340.646,3186.7,3130
3350.729,3192.433,3102.083
3343.833,3241.5,3107.292
3337.146,3211.3,3090.042
3352.25,3227.8,3100.208
3354.792,3203.7,3087.375
3345.146,3200,3108.375
3346.062,3199.5,3095.542
3351.646,3229.267,3122.792
3341.458,3198.5,3111.917
3347.125,3205.9,3106.667
3347.812,3232.433,3100.125
3336.771,3222.267,3085.167
3334.104,3227.833,3122.542
3342.188,3205.4,3100.792
3350.271,3215.433,3127.417
3340.188,3204.267,3113.042
3355.896,3227.733,3128.25
3355.938,3202.7,3103.792
3356.854,3210.733,3102.292
3340.917,3193.267,3079.625
3346.354,3223.2,3103.167
3333.896,3201.6,3080.667
3345.271,3217.8,3100.958
3344.458,3198.1,3076.333
3344.375,3208.9,3100.625
3349.333,3191.7,3093.667
3350.042,3196.633,3099.917
3345.292,3191.433,3114.167
3346.917,3199.267,3102.667
3347.188,3212.767,3118.458
3343.188,3186.533,3081.167
3342.354,3180.6,3080.375
3335.792,3190.7,3089.542
3350.708,3210.467,3092.875
3339.312,3182.667,3102.667
3331.375,3212.4,3105.833
3352.75,3219.3,3107.375
3337.417,3217.567,3100.792
3343.729,3190.7,3106.375
3333.229,3200.733,3085
3339.25,3180.367,3092.167
3356.188,3211.467,3095.875
3350.333,3195.533,3096.75
3351.042,3200.633,3096.958
3353.271,3195.867,3093.958
3314.292,3208.267,3099.833
3342.042,3204.367,3079.417
3356.229,3200.2,3088.542
3341.792,3198.133,3100.958
3340.271,3203.067,3112.833
3325.979,3190.933,3101.875
3344.417,3183.7,3095.375
3342.917,3189.467,3115.708
3328.396,3194.133,3096.875
3343.125,3204.3,3082.208
3346.562,3202.233,3092.167
3334.229,3202.467,3092.167
3340.667,3208.667,3075.875
3347.438,3204.267,3109.708
3324.896,3213.1,3081.208
3350.396,3216.8,3101.75
3347.896,3211.433,3100.083
3335.646,3192.567,3089.25
3347.729,3188.133,3085.333
3348.833,3201.867,3092.5
3332.562,3193.233,3108.542
3337.312,3209.767,3099.292
3329.938,3208.2,3086.583
3345.75,3221.033,3099.333
3333.25,3190.567,3089.208
3352.292,3209.233,3100.708
3336.917,3203.667,3108.125
3338.667,3196.2,3086.125
3344.417,3171.733,3071.042
3343.146,3212.133,3077.792
3321.688,3210.3,3094
3343.938,3225.733,3080.583
3354.667,3180.533,3094.208
3348.417,3192.533,3096.167
3340.771,3194.733,3107.75
3333.438,3191.5,3096.625
3350.938,3221.9,3079.083
3350.708,3204.367,3083.208
3357.271,3196.967,3109.417
3339.271,3211.5,3088.667
3312.292,3220.033,3105.833
3345.229,3208.1,3091.792
3355.271,3204.567,3100
3348.771,3195.767,3083.208
3342.25,3178.1,3095.042
3342.792,3201.9,3087.625
3324.396,3208.533,3086.042
3332.375,3198.833,3090.125
3337.938,3198.267,3084.333
3335.792,3206.8,3091.792
3353.458,3196.133,3092.25
3326.625,3210.6,3111.083
3345.542,3175.267,3083.792
3335.979,3168.667,3082.333
3339.708,3192.1,3085
3340.104,3213.833,3101.667
3336.25,3209.7,3086.875
3349.292,3204.567,3082.667
3329.812,3184.567,3075.083
3357.271,3199.533,3076.792
3342.917,3194.8,3085.208
3342.333,3215.1,3092.292
3346.5,3201.9,3086.333
3345.667,3187.733,3090.958
3347.208,3195.267,3057.458
3331.458,3195.167,3064.542
3345.375,3214.333,3082.708
3343.708,3194.8,3082.625
3335.438,3183.367,3111.208
3326.646,3175.033,3113.667
3339.75,3185.9,3104.292
3336.146,3211.5,3079.333
3343.708,3212.467,3103.583
3348.958,3197.1,3106.292
3336.396,3177.333,3115.917
3332.646,3195.867,3097.167
3339.792,3197.067,3074.708
3329.771,3192.333,3090.75
3333.458,3204.767,3084.958
3339.521,3190.2,3100.75
3323.667,3208.1,3099.917
3349.479,3183.167,3090.833
3350.521,3171.567,3100.708
3348.417,3201.3,3097.083
3346.042,3193.067,3079
3351.021,3176.9,3083.417
3324.021,3211.9,3100.75
3320.646,3200.967,3101.958
3334.292,3187.567,3093.542
3331.042,3203.767,3105.625
3344.417,3190.233,3088.208
3338.438,3188.033,3089.625
3340.833,3192.567,3089.708
3327.646,3189.9,3097.708
3336.958,3192.267,3086.208
3322.958,3205,3090.833
3343.625,3196.5,3112.417
3344.479,3184,3083.292
3338.542,3197.7,3075.958
3334.625,3203.167,3097.375
3340.125,3179.267,3076.542
3362.271,3187.667,3097.167
3348.292,3208.667,3077.375
3347.938,3184.733,3095.458
3334.354,3180.9,3071.083
3344.042,3191.467,3069.542
3337.312,3195.167,3096.167
3327.25,3200.733,3072.958
3340.958,3189.2,3083.583
3357.083,3173.1,3072.125
3344.292,3181.167,3080.375
3339.292,3197.567,3088.417
3317.354,3189.2,3089.875
3324.938,3200.633,3088.167
3334.271,3208.667,3095.292
3334.417,3198,3091.625
3327.75,3189.667,3093.292
3325.417,3205.633,3097.042
3339.083,3200.467,3107.542
3336.854,3200.867,3081.917
3344.583,3187.567,3086.792
3344.333,3187.767,3083.375
3333.021,3191.6,3095.708
3328.812,3195.533,3081.625
3327.542,3208.867,3097.417
3356.083,3203.367,3105.292
3335.958,3200.9,3096.292
3350.271,3203.933,3093.167
3320.604,3190.267,3103.875
3336.771,3177.6,3082.333
3331.667,3176.133,3093.333
3336.312,3186.067,3084.417
3326.708,3189.6,3114.958
3332.396,3199.233,3086.333
3331.771,3206.533,3082
3345.979,3202.333,3080.792
3338.625,3206.767,3101.583
3342,3174.633,3104.083
3342.125,3201.667,3089
3327.833,3210.2,3095.292
3334.104,3169.867,3096.292
3321.062,3205.4,3099
3331.042,3208.5,3090.875
3334.771,3193.067,3088.583
3328.812,3201.033,3088.083
3329.729,3204.867,3096.833
3332.521,3199,3106.083
3336.375,3189.3,3099.208
3338.146,3202.367,3085.417
3331.667,3199.933,3089.208
3324.521,3174.767,3088.583
3337.021,3184.1,3111
3344.271,3212.6,3107.208
3352.021,3220.467,3087.083
3339.875,3204.767,3107.75
3339.854,3212.933,3078.458
3348.646,3187.867,3103.667
3338.479,3205.767,3101.375
3336.104,3219.933,3088.292
3330.042,3203.167,3090.208
3332.583,3195.6,3105.542
3332.479,3188.533,3095.667
3327.208,3201.6,3106.375
3319.979,3197.367,3087.792
3341.542,3205.7,3090.917
3333.562,3194.133,3117.583
3343.625,3210.833,3092.542
3341.938,3199.933,3114.708
3316.208,3209.767,3113.542
3330.854,3196.2,3098.167
3346.042,3189.533,3097.542
3333.583,3208.033,3103.625
3329.083,3219.7,3071.958
3336.167,3209.767,3075.75
3333.521,3198.033,3094.708
3345.167,3222.533,3093.083
3352.104,3196.467,3096.875
3340.708,3199.8,3090.083
3343.062,3185.7,3087.333
3318.729,3182.367,3096.417
3327.583,3195.2,3099.167
3330.354,3203.133,3082.167
3335.292,3211.6,3097.167
3336.021,3191.233,3085.042
3333.75,3207.8,3057.583
3330.896,3192.2,3086.292
3338.5,3187.967,3082
3327.771,3185.867,3073.167
3334.729,3180.267,3056.792
3326.771,3205.333,3066.125
3324.646,3176.467,3085.625
3323.667,3194.233,3090.333
3333.021,3197.867,3082.167
3358.417,3189.333,3076.667
3338.896,3192.767,3091.333
3330.312,3212.4,3074.875
3337.833,3190.167,3100.208
3328.208,3212.133,3060.75
3340.542,3191.4,3089.75
3355.021,3182.233,3084.917
3344.083,3221.833,3081.167
3354.188,3199.067,3057.917
3339.875,3202.033,3081.75
3349.271,3161.6,3075.583
3350.854,3200.967,3079.417
3364.417,3191.833,3079.542
3348.104,3205.933,3057.5
3351.396,3207.733,3057.583
3355.542,3205.5,3074.542
3358.25,3197.033,3075.667
3356.604,3196.333,3094.417
3365.458,3181.367,3091.625
3327.833,3209.467,3074.292
3347.75,3190.533,3073.25
3354.646,3203.167,3073.125
3332.729,3194.3,3084.958
3350.479,3198.333,3057.792
3371.604,3210.133,3071.375
3359.104,3215.5,3086.5
3367.875,3218,3074.208
3369.375,3220.267,3095.5
3327.333,3197.333,3078.25
3354.021,3200.633,3069
3355.771,3194.733,3074.125
3321.146,3200.433,3089.875
3351.021,3190.7,3074.083
3355.521,3193.7,3074.542
3363.208,3212.167,3084.542
3353.688,3197.433,3076.833
3356.208,3185.6,3059.333
3346.667,3190.6,3067.958
3349.708,3196.433,3084.125
3347.062,3203.833,3087.833
3345.229,3188.067,3062.5
3354.292,3200.633,3099.5
3330.271,3204.667,3069.708
3336.667,3203.133,3080.292
3334.667,3196.867,3068.75
3380.417,3199.167,3081.583
3372.625,3239.8,3089.917
3384.271,3226.633,3097.5
3373.938,3217.867,3095.792
3362.854,3204.633,3086.25
3373.354,3195.367,3105.708
3357.646,3206.233,3102
3358.729,3192.567,3083.542
3350.333,3235.633,3102.625
3380.521,3197.133,3089.583
3362.75,3214.4,3083.208
3357.562,3197.233,3083.25
3354.229,3194.133,3084.167
3355.688,3205.7,3094.542
3360.917,3188.633,3089.667
3364.646,3210.767,3085
3358.062,3185,3077.375
3376.792,3196.433,3127.667
3363,3187.067,3116.042
3360.896,3214.2,3079.833
3361.417,3208.633,3103.458
3379.938,3218.9,3103.75
3394.521,3208.733,3111.417
3370.188,3213.033,3097.458
3386.625,3204.533,3153.208
3381.188,3216.367,3127.542
3381.188,3216.667,3097.667
3358.5,3207.433,3119.625
3377.958,3216.9,3118.958
3364.354,3193.833,3122.167
3338.167,3199.7,3078
3372.708,3201.8,3107.167
3380.583,3224.2,3127.417
3387,3195.167,3124.958
3367.646,3189.967,3124.25
3381.021,3214.933,3120.333
3397.167,3214.167,3143
3382.104,3211.5,3157.375
3358.062,3188.367,3141.542
3372.479,3202.067,3146.375
3377.667,3221.567,3149.958
3388.792,3211.933,3166.208
3393.75,3233.633,3150.333
3390.042,3211.767,3144.708
3383.125,3208.633,3148.5
3369.688,3212.1,3129.458
3384.417,3225.367,3165.792
3395.688,3224.633,3150.333
3384.583,3204.767,3156.083
3388.688,3225.7,3159.5
3402.542,3230.167,3174.208
3411.75,3236.033,3172.125
3386.458,3215.967,3173.208
3389.458,3213.967,3183
3402.5,3220.733,3156.208
3419.271,3239.667,3175.5
3403.979,3208.2,3185.875
3410.938,3226.533,3139.208
3381.792,3233.833,3147.75
3389.875,3233,3153.375
3411.5,3227.033,3174.833
3384.167,3232.967,3189.625
3405.354,3241.367,3161.292
3403.479,3249.2,3178.542
3394.083,3231.5,3179.25
3381.083,3234.467,3148.708
3368.25,3232.733,3200.5
3411.438,3245.033,3186.667
3386.792,3235.267,3180.5
3371.979,3222.8,3159.625
3406.021,3233.267,3182.583
3408.667,3235.033,3201.958
3421.771,3227.533,3200.417
3398.375,3231.167,3174.167
3413.229,3235.533,3202.25
3415.438,3226.3,3219.125
3398.625,3232.633,3203.333
3421.646,3232.5,3182.708
3386.354,3232.2,3215.75
3406.646,3225.333,3195.083
3392.479,3223.133,3200.792
3381.875,3221.533,3175.333
3410.25,3244.333,3215.042
3417.542,3251.933,3213.083
3395.271,3232.967,3196.208
3386.292,3234.033,3160.5
3391.25,3218.4,3150.958
3390.062,3244.8,3190.042
3415.021,3247.667,3205.417
3401.312,3233.7,3192.625
3404.312,3270.8,3187.167
3417.938,3255.567,3195.917
3437.062,3248.867,3194.625
3436.271,3257.833,3207.125
3429.521,3246.2,3206.083
3426.271,3277,3204.417
3440.146,3270.8,3211.625
3428.979,3255.1,3191.583
3416.167,3261.533,3182.292
3407.583,3246.167,3163.25
3401.958,3261.033,3170.292
3380.979,3257.2,3165.375
3384.75,3249.7,3176.417
3376.771,3234.1,3154.417
3367.208,3251.867,3155.958
3415.375,3255.733,3191.667
3422.812,3283,3213
3419.229,3286,3201.542
3416.229,3269.533,3194.708
3436.562,3271.367,3216.042
3431.688,3285.3,3196.042
3418.812,3266.833,3205.292
3405.271,3270.767,3229.5
3398.208,3287.8,3207.542
3445.667,3275.4,3205.333
3430,3298.2,3217.792
3452.125,3295.8,3221.375
3435.5,3301.367,3213.958
3455.188,3288.1,3200.333
3429.125,3280.933,3176.5
3455.438,3303.1,3232.458
3444.667,3288.767,3211.292
3452.167,3296.2,3208.042
3430.021,3288.467,3214.875
3412.875,3278.967,3212.792
3419.812,3270.1,3194.792
3427.438,3296.6,3226.417
3447.896,3303.267,3200.208
3448.979,3303.6,3239.375
3444.479,3309.367,3219.5
3427.875,3285.167,3218.875
3418.25,3273.767,3201.917
3405.438,3276.133,3187.875
3415.812,3295.6,3190.458
3435.542,3327.4,3229.708
3450.521,3305.1,3221.125
3450.167,3290.367,3208
3466.708,3339.533,3219.208
3450.917,3325.9,3227.042
3434.229,3317.567,3207.708
3463.458,3317.3,3233.375
3454.729,3337.567,3214.625
3430.896,3339.267,3199.583
3434.729,3313.8,3198.875
3413.188,3314.067,3186.792
3438.5,3334.833,3220.583
3434.917,3323.7,3227.667
3407.354,3316.333,3245.917
3438.229,3340.867,3206.25
3425.542,3336.967,3226
3440.042,3341.967,3233.542
3437.812,3314.6,3222.458
3444.25,3337.733,3228.375
3452.646,3333.933,3255.958
3456.062,3329.033,3204.667
3430.438,3316.533,3203.292
3415.396,3305.667,3217.125
3435.062,3308.267,3204.917
3450.896,3341.233,3236.125
3448.625,3322.233,3220.333
3438.833,3324.1,3202.667
3433.062,3353.833,3208.167
3436.958,3333.733,3215.25
3459.771,3371.733,3238
3435.083,3353,3220.875
3432.688,3333.333,3224.5
3458.729,3343.033,3254.083
3447.854,3350.5,3246.25
3431.625,3343.933,3217.208
3430.833,3349.3,3211.958
3432.646,3319.033,3210.417
3426.688,3326.733,3222.083
3415.958,3329.567,3208.542
3447.854,3335.267,3193.917
3461.479,3362.533,3225.583
3450.667,3372.933,3227.542
3433.938,3351.633,3197.333
3427.562,3344.667,3203.583
3402.875,3344.1,3207.625
3402.562,3330.067,3216.167
3401.021,3313,3210.542
3389.562,3297.767,3176.125
3378.208,3306.233,3200.833
3411.521,3327.4,3188.542
3426.583,3363.7,3218.375
3429.25,3352.233,3203.792
3434.875,3352.333,3183.917
3418.083,3325.7,3176.292
3444.854,3357.2,3210.917
3440.854,3336.833,3204.458
3435.479,3364.033,3194.125
3430.229,3352.333,3210.958
3424.062,3330.8,3186.875
3434.125,3354.1,3185.792
3418.875,3327.9,3192.75
3413.229,3328.467,3195.333
3436.542,3341.767,3246.875
3429.792,3368.433,3211.333
3421.375,3315.1,3204.917
3428,3342.533,3200.458
3447.292,3343.067,3234.958
3436.417,3361.867,3225.792
3438,3328.767,3220
3422.354,3341.733,3217.167
3425.021,3352.133,3221.625
3410.958,3346.967,3204.167
3398.479,3358.567,3197.25
3413.083,3322.633,3193.667
3404.812,3345.167,3192.375
3433.812,3364.467,3229.375
3413.458,3356.633,3207.375
3420.042,3333.833,3227.375
3424.583,3344.367,3218.583
3440.958,3361.4,3217.792
3439.854,3364,3208.417
3429.896,3360.367,3202.917
3414.625,3369.633,3205
3418.292,3350.5,3201.958
3410.938,3325.333,3198.333
3409.333,3328.333,3194.625
3405.479,3348.167,3199.083
3410.083,3312.133,3222.042
3460,3359.933,3227
3436.521,3344.033,3219.292
3404.042,3313.833,3201.125
3417.458,3337.567,3229.792
3448.771,3343.3,3237.167
3437.792,3377.967,3210.583
3408.417,3348.733,3202.083
3419.917,3349,3222.083
3433.042,3351.533,3214
3454.958,3361.233,3214.708
3437.104,3334.5,3227.542
3421.917,3345.433,3206.333
3411.771,3337.933,3203.292
3435.292,3349.833,3229.292
3458.062,3350.067,3227.125
3453.771,3335.733,3201.708
3424.75,3325.467,3198.875
3425.146,3330.133,3178.208
3401.25,3310.867,3185.458
3412.25,3306.867,3171.917
3465.146,3323.867,3207.875
3435.667,3326.7,3197.5
3441.271,3343.9,3187.333
3429.104,3326.6,3207.667
3449.229,3344.967,3210.75
3447.125,3342.367,3200.042
3439.312,3350.033,3204.167
3451.271,3332.9,3190.292
3417.458,3330.333,3214.75
3436.625,3320.333,3180.25
3410.062,3321.967,3184.25
3402.542,3312.333,3156.75
3414.438,3337.5,3178.292
3385.479,3317.5,3179.708
3402.042,3321.7,3157.667
3407.5,3304.8,3156.167
3384.354,3260.567,3154.333
3397.917,3287.167,3153.417
3367.958,3298.367,3154.292
3373.062,3286.367,3160.792
3366.792,3271.6,3145.5
3361.125,3281.433,3146.042
3371.354,3280.267,3137
3359.5,3262.5,3145
3360.021,3255.367,3136.375
3378.312,3259.6,3120.833
3359.25,3243.867,3125.083
3339.333,3259.9,3127
3333.208,3263.767,3105.875
3352.792,3257.567,3117.792
3367.062,3254.767,3152.042
3344.146,3243.5,3138.958
3360.75,3250.3,3114.75
3337.292,3247.867,3111.292
3325.625,3240.7,3104.083
3336.938,3242.767,3103.25
3323.958,3239.567,3117.958
3333.104,3242.533,3118.292
3332.188,3246.1,3096.75
3331.229,3216.967,3119.792
3318.688,3238.233,3089.583
3344.25,3235.533,3096.583
3319.583,3231.133,3102.083
3329.917,3222.133,3089.667
3322.5,3226.167,3072
3325.354,3219.133,3101.667
3334.875,3213.367,3091.917
3317.312,3205.567,3090.583
3339.938,3222.6,3103.75
3318.562,3231.167,3089.875
3341.312,3201.133,3079.042
3324.521,3199,3090.625
3310.375,3234.867,3085.333
3323.062,3231.767,3097.125
3341.792,3200.4,3082.583
3309.125,3214.5,3089.792
3312.438,3196.333,3081.958
3308.208,3218.933,3081.833
3323.167,3224.467,3080.333
3322.979,3208.733,3079.208
3312.875,3216.833,3079.167
3325.354,3220.667,3087.958
3337.688,3198.767,3090.75
3325,3202.967,3084.917
3305.604,3204.867,3070.833
3316.479,3217.7,3037.5
3319.667,3209.833,3074.625
3307.833,3202.167,3085.25
3324.812,3200.2,3091.458
3313.208,3209.167,3084.917
3318.188,3197.167,3074.167
3326.146,3185.9,3070.458
3315.521,3190.467,3055.042
3297.062,3196.633,3068.208
3332,3215.167,3071.875
3315.417,3197.367,3067.75
3315.062,3188.367,3063.917
3305.833,3178.533,3079.167
3314.812,3180.2,3066.375
3309.771,3187.433,3058.75
3329.292,3199.533,3040.167
3304.062,3187.667,3055.708
3302.104,3200.233,3093.708
3304.208,3186.033,3082.125
3328.604,3180.433,3073.667
3312.75,3184.9,3082.875
3298.062,3206.6,3092.542
3305,3170.367,3073.125
3322.083,3184.667,3065.292
3319.25,3165.067,3110.458
3312.812,3190.433,3050.833
3303.542,3174.8,3081.958
3313.875,3196.933,3083.25
3311.854,3173.033,3059.25
3295.146,3200.9,3072.875
3301.146,3187.3,3074.625
3309.771,3189,3078.75
3325.729,3185.033,3070.208
3301.854,3185.4,3068.958
3306.062,3179.833,3061.375
3300.521,3178.167,3062.083
3292.354,3172.933,3077.25
3299.125,3197.167,3075.083
3306.146,3168.6,3082.625
3316.25,3172.633,3071.208
3296.917,3175.133,3079.792
3315.708,3182.3,3074.417
3315.062,3181.3,3058.708
3314.25,3188.4,3082.125
3292.292,3187.867,3079.292
3300.583,3178.6,3065
3303.5,3185.433,3088.875
3302.833,3178.567,3055.208
3317.104,3189.7,3055.042
3307.062,3183.2,3067.708
3304.396,3144.4,3070.417
3291,3159.333,3076.208
3299.854,3189.933,3043.25
3315.458,3180.6,3048.417
3306.521,3172.6,3060.875
3299.958,3179.067,3051.042
3311.771,3178.767,3070.958
3297,3172.3,3046.667
3314.688,3188.2,3057.167
3298.521,3168.867,3066.042
3306.833,3161.933,3050.667
3311.812,3188.767,3068.375
3311.125,3173.467,3064.625
3309.042,3178.433,3076.875
3280.021,3186.7,3061.083
3302.792,3174.6,3059.875
3314.979,3182.8,3055.083
3294.833,3170.233,3058.167
3299.833,3171.2,3046.875
3314.229,3169.3,3074.042
3304.875,3178.533,3065.042
3304,3175.4,3068.167
3313.729,3164.933,3062.917
3303.917,3174.133,3082.958
3305.729,3182.767,3068.5
3305.938,3185.433,3078.042
3295.958,3178.467,3097.75
3302.667,3172.833,3066.958
3297.833,3182.367,3056.75
3292.229,3172.667,3061.917
3312.729,3174.367,3046.583
3312.438,3167.033,3052.583
3281.438,3191.6,3078.792
3297,3168.7,3067.833
3289.333,3162.067,3047.375
3286.646,3174.3,3046.792
3305.792,3167.4,3044.5
3319.458,3185.267,3056.833
3301.979,3157.933,3063.25
3294.104,3171.267,3069.167
3294.354,3179.4,3062.958
3316.604,3188.267,3070.917
3311.938,3186.567,3063.625
3305.312,3173.433,3071.375
3306.271,3171.9,3056.125
3309.875,3184.8,3064.75
3316.188,3182.5,3072.25
3310.417,3168.233,3064.083
3309.146,3186.467,3061.125
3303.521,3188,3043.083
3302.125,3149.067,3048.292
3311.375,3176.333,3063
3295.521,3173.9,3044.583
3322.479,3172.433,3053.375
3311.812,3166.067,3067
3311.375,3189.2,3069.208
3301.604,3164.967,3066.5
3287.583,3166.867,3046.833
3309.25,3170.267,3043
3303.208,3170.6,3049
3302.354,3161.433,3063.333
3302.292,3174.833,3072.042
3308.75,3174.967,3086.375
3297.938,3174.2,3068.917
3307.812,3175,3063.125
3314.021,3202.233,3067.375
3302.25,3160.033,3056.542
3306.729,3172.533,3075.708
3319.083,3162.833,3062.375
3301.333,3183.567,3077.292
3304.333,3195.3,3062.833
3307.5,3185.667,3067.792
3298.958,3189.933,3050.667
3310.75,3175.2,3087.583
3302.375,3171.7,3087.042
3299.583,3168.133,3074.833
3303.812,3187.4,3071.208
3315.562,3170.1,3076.542
3312.812,3178.1,3067.458
3299.938,3162.067,3069.792
3310.938,3178.233,3068.875
3307.979,3158.233,3063.708
3288,3170.833,3072
3298.062,3153.4,3084.292
3316.625,3177.1,3062.333
3294.396,3162.967,3054.292
3299.312,3177.4,3071.5
3305.438,3178.133,3056.042
3310.354,3173.6,3067.958
3318.875,3198.267,3062.875
3294.354,3181.133,3079.917
3308.854,3158.633,3053.708
3302.333,3189.867,3068.917
3317.292,3169.833,3060
3295.479,3173.767,3057.833
3296.521,3177.833,3064.125
3296.479,3171.833,3060.833
3288.958,3192.3,3060.083
3322.354,3174.633,3080.833
3299.708,3189.833,3078.917
3301.792,3155.033,3101.417
3312.479,3173.067,3074.583
3310.188,3157.633,3062.25
3292.479,3174.333,3086.708
3313.958,3173.4,3060
3298.396,3176.133,3042.542
3311.646,3159.567,3074.792
3301.625,3170.767,3046.625
3302.708,3136.6,3068.542
3296.479,3159.8,3057.208
3300.667,3167.9,3066.5
3299.646,3182.1,3070.875
3296.104,3166.967,3059.917
3293.333,3147.7,3066.875
3301.354,3178.3,3066.542
3298.833,3180.767,3085.458
3320.062,3158.333,3066.167
3310.229,3192.8,3052.208
3312.479,3188.033,3060.625
3310.25,3168,3066.25
3305.708,3156.8,3059.417
3304.562,3190.367,3066.083
3297.188,3168.967,3068.167
3313.812,3165.567,3073.583
3304.479,3171.567,3076.292
3297.042,3183.733,3082.083
3286.458,3169.233,3071.5
3301.708,3165.533,3068.292
3304.021,3172.633,3100.458
3305.729,3174.533,3079.542
3298.771,3191.667,3064.583
