5396.467,6030.000,6268.500,5918.667,5726.111,5177.333,5174.000
5364.467,6101.111,6357.250,5875.111,5663.667,5050.333,5267.417
5330.600,6103.778,6362.375,5896.556,5699.667,4899.111,5166.000
5287.400,6101.222,6004.375,5824.667,5636.667,4906.778,5237.083
5292.400,5835.778,6197.125,5858.444,5678.667,5088.000,5275.750
5391.467,6116.000,6051.750,5772.667,5786.000,4986.556,5102.833
5407.867,6017.556,6025.875,5751.000,5769.000,5032.556,5256.000
5388.733,5913.556,6148.875,5735.778,5644.667,4943.889,5177.000
5304.800,5826.222,6084.000,5851.333,5611.778,5055.222,5138.000
5318.200,6029.778,5978.125,5752.444,5597.111,4975.444,5324.167
5264.733,6031.000,6100.250,5699.000,5560.111,5007.889,5161.750
5218.133,5955.667,5989.000,5800.222,5410.111,4993.333,5186.167
5231.733,6048.444,6182.250,5622.444,5515.667,5011.222,5153.417
5265.133,6065.222,6225.500,5866.778,5573.889,5045.444,5150.000
5312.800,5878.444,6042.375,5680.444,5447.778,4963.444,5216.167
5299.333,5887.889,6152.500,5916.111,5651.222,4972.222,5148.917
5253.867,5867.667,5988.125,5632.667,5707.333,5011.000,5016.417
5379.133,6019.556,6014.750,5704.889,5531.778,5033.111,5139.417
5095.267,6019.111,6086.750,5742.222,5413.667,5035.889,5102.917
5377.667,6074.444,5984.375,5819.889,5503.222,4964.000,5026.333
5387.467,5992.222,6104.875,5659.556,5587.444,4965.000,5093.167
5348.933,5885.778,6009.750,5702.667,5569.111,5004.000,5230.500
5362.200,5895.667,6051.250,5823.333,5594.556,4968.444,5104.500
5331.067,5857.000,5960.500,5756.667,5630.222,4843.333,5084.667
5276.067,5843.889,6115.750,5738.444,5670.111,5027.333,5150.417
5401.333,5932.222,6165.125,5813.667,5613.667,4894.556,5163.000
5281.333,6005.333,5896.625,5869.778,5525.444,4889.444,5182.167
5223.200,5822.444,6046.500,5691.778,5657.333,4931.667,5156.917
5220.867,5758.444,5957.750,5707.889,5632.333,4983.000,4992.667
5203.333,6060.556,5897.625,5863.556,5484.667,4896.556,5131.500
5233.067,5822.889,5940.875,5571.556,5545.444,4919.778,5019.500
5355.667,5871.889,6080.875,5827.667,5700.111,4985.222,5080.167
5335.800,5870.111,6106.250,5654.556,5661.667,4978.222,5115.583
5298.267,6041.889,5820.375,5598.889,5460.000,4863.778,5109.250
5325.867,5869.222,6134.875,5798.111,5478.222,4962.444,5113.833
5224.533,5921.778,5985.000,5736.889,5636.000,5141.667,5161.583
5243.467,5932.000,6137.750,5882.444,5581.111,4860.333,5086.917
5305.867,6098.667,6080.250,5747.444,5564.667,5009.111,5220.333
5357.600,5891.444,6036.750,5509.444,5511.556,4889.889,5190.500
5321.867,6059.778,5877.125,5684.667,5479.444,4890.000,5189.750
5340.400,5818.556,5945.500,5651.556,5646.889,4927.222,5025.917
5286.600,5882.667,5964.500,5645.000,5613.000,4911.333,5150.167
5258.667,6023.222,5905.875,5742.333,5577.222,5013.111,5218.500
5256.933,5928.556,5918.875,5758.778,5729.333,4924.778,5156.167
5241.733,5844.556,5953.500,5724.889,5676.000,5012.111,4978.583
5320.933,5884.889,5846.250,5799.667,5412.444,4906.000,5160.083
5136.400,5937.222,6014.375,5496.556,5374.222,4901.333,4995.583
5270.933,5923.667,6126.875,5755.778,5600.222,4979.111,5005.083
5315.733,5889.778,6065.125,5695.556,5537.444,4793.889,5109.583
5272.867,5984.111,5936.875,5597.889,5633.889,4957.333,5131.417
5221.667,6045.778,6150.625,5606.556,5433.667,4881.778,5145.750
5292.000,5808.111,6099.625,5633.778,5592.889,5018.333,5110.250
5288.067,5837.000,6103.375,5633.333,5490.222,4870.000,5413.167
5179.333,5960.222,6100.375,5712.556,5521.667,4944.222,5148.500
5346.600,5933.889,6024.875,5724.000,5538.333,4848.333,5035.583
5235.467,5890.444,6145.375,5787.222,5466.444,4956.111,5018.667
5242.667,5875.222,6045.750,5757.889,5658.889,4911.333,5134.000
5262.467,5747.778,6030.125,5711.778,5340.222,5008.778,5127.917
5231.667,5844.667,6146.125,5669.000,5582.444,4920.444,5114.333
5306.267,5890.333,6184.875,5642.444,5352.778,4899.889,5052.833
5333.067,5966.778,6101.250,5802.556,5372.778,5003.333,5152.083
5299.800,5834.556,6068.250,5681.556,5400.444,4942.222,5102.167
5144.067,5880.222,6051.250,5705.444,5467.778,4884.111,4951.167
5175.467,5878.444,6157.625,5560.000,5551.000,4898.778,5098.167
5274.467,5874.222,6063.125,5626.000,5488.222,4896.444,4981.667
5156.733,5707.667,6056.125,5821.778,5552.667,4932.778,5154.500
5310.400,5966.222,6076.250,5664.778,5542.222,4924.222,5045.500
5158.800,5877.667,5941.500,5576.889,5518.000,4802.889,4937.083
5260.800,5854.444,6044.750,5832.000,5472.444,4786.000,5160.000
5225.333,5870.222,6103.250,5711.000,5555.667,4759.000,5119.917
5099.467,5937.778,5969.250,5693.667,5492.333,4916.111,5063.583
5191.867,5840.000,5897.750,5767.444,5420.000,4813.778,5164.417
5234.200,5992.444,5923.625,5686.111,5462.222,4852.667,4943.250
5199.533,5923.333,5930.000,5704.778,5442.889,4987.667,5105.250
5194.200,5769.000,6138.500,5642.000,5544.222,4810.000,5069.250
5276.267,5702.000,5977.625,5824.556,5428.556,4920.222,5136.000
5215.533,5856.111,6182.250,5628.111,5456.000,4846.778,5163.250
5153.267,5927.222,6017.875,5747.667,5499.667,4941.222,4940.250
5238.533,5798.000,6081.125,5511.556,5448.889,4866.889,5045.167
5163.000,5953.111,6037.125,5638.111,5386.333,4898.222,5217.417
5257.267,5711.556,6004.375,5549.444,5535.778,4877.667,5146.167
5274.000,5866.333,6100.125,5699.222,5483.556,4836.222,5141.750
5235.400,5745.000,5910.125,5556.222,5489.556,4889.222,5106.667
5266.000,5794.556,5951.625,5619.667,5467.778,4913.444,4995.833
5321.600,5757.333,5970.125,5774.000,5541.333,4918.222,5034.250
5227.133,5640.444,6099.875,5715.778,5437.778,4798.333,5067.000
5289.467,5946.889,5874.250,5551.556,5375.667,4812.667,5001.667
5237.333,5824.889,6127.500,5643.889,5543.556,4888.222,5191.000
5057.133,5899.000,5895.750,5590.778,5541.222,4898.111,5042.083
5277.800,5960.889,6007.125,5594.778,5577.444,4910.000,5050.417
5175.333,5814.222,5860.500,5709.222,5634.889,4876.889,5129.917
5250.400,5876.778,5969.875,5555.111,5461.333,4857.556,5079.917
5202.133,5701.444,5849.875,5646.778,5583.889,4901.889,5070.167
5239.467,5814.222,5995.250,5795.556,5556.667,4944.889,5148.917
5201.933,5833.889,5979.125,5681.222,5456.667,4880.333,5101.833
5196.333,5779.111,5934.750,5644.667,5511.556,4970.667,5056.833
5197.800,5893.778,6039.125,5584.556,5479.111,4780.667,5118.667
5203.800,5905.667,6074.000,5726.333,5593.444,4817.333,5078.583
5304.000,5770.000,5949.125,5632.333,5553.778,4857.778,5068.833
5126.333,5849.111,6009.000,5481.889,5623.222,4865.111,5041.500
5055.733,5887.556,5975.625,5605.000,5453.333,4839.000,5093.833
5212.133,5771.111,5886.250,5621.667,5505.889,4948.444,5052.833
5262.800,5878.000,5983.750,5700.444,5394.778,4779.778,5117.250
5205.533,5792.667,6087.875,5461.444,5515.333,4906.222,5103.833
5177.933,5824.333,5934.500,5640.778,5505.889,4926.111,4966.083
5287.067,5771.333,5979.375,5643.667,5556.111,4881.778,5016.167
5171.400,5946.889,5990.250,5773.222,5514.111,5042.333,4986.000
5081.267,5783.000,6074.250,5625.889,5514.667,4971.556,5157.000
5265.933,5869.667,5982.125,5616.222,5366.778,4983.667,5059.917
5238.467,5747.111,5898.000,5776.111,5535.222,4820.000,5014.917
5287.667,5800.889,6093.250,5708.111,5421.111,4759.556,5071.250
5207.200,5826.778,5906.000,5702.889,5551.111,4989.000,4996.917
5190.067,5822.889,5982.750,5802.111,5404.111,4915.222,5118.333
5315.133,5916.333,6174.250,5795.667,5526.556,4852.000,5045.917
5255.733,5915.333,6100.875,5544.222,5388.444,4857.444,5056.917
5162.600,5854.000,5981.250,5637.556,5431.333,4815.111,5049.833
5205.133,5872.222,6040.375,5545.889,5342.556,4960.222,4986.000
5239.800,5805.444,6105.375,5563.111,5551.889,4799.444,5018.000
5201.667,5670.111,5981.500,5833.222,5503.889,4942.556,5045.167
5146.667,5700.222,5960.000,5599.444,5436.111,4838.222,4976.083
5208.600,5821.778,5942.125,5547.778,5448.556,4863.000,5140.750
5145.400,5839.000,6022.000,5662.667,5399.333,4822.000,5056.833
5179.800,5750.444,5903.375,5769.667,5457.444,4828.111,5130.583
5163.133,5779.000,5914.875,5735.556,5594.444,4902.222,4986.000
5168.533,5901.556,6094.000,5811.222,5414.444,4816.889,5031.083
5212.400,5820.000,6183.750,5513.778,5545.111,4907.556,4989.583
5098.933,5878.556,6109.625,5548.556,5503.333,4883.222,5088.750
5155.067,5749.333,5886.000,5624.111,5433.778,4997.778,4998.500
5176.333,5799.444,6133.250,5725.111,5365.333,4858.222,5058.167
5152.000,5827.111,6015.375,5775.000,5464.111,4873.333,5000.167
5208.067,5783.778,5999.375,5726.333,5371.222,4812.556,5068.417
5209.400,5715.222,6086.000,5805.667,5333.000,4979.000,5040.667
5214.933,5740.000,6029.500,5648.333,5409.222,4883.778,5046.667
5185.467,5817.111,6121.125,5740.556,5469.111,4774.111,5033.250
5245.200,5750.222,5995.625,5584.111,5322.889,4969.222,5091.917
5158.600,5762.444,5886.750,5622.222,5447.111,4878.222,4959.250
5178.667,5827.667,6000.125,5803.222,5526.889,4742.889,4986.500
5101.133,5905.000,5965.125,5590.444,5509.889,4939.333,5132.083
5223.467,5782.556,6114.000,5579.000,5373.222,4892.444,4986.583
5096.800,5871.333,6187.625,5593.778,5484.556,4750.333,5088.000
5227.267,5829.111,6053.625,5639.333,5417.778,4803.000,5023.000
5177.667,5885.000,5903.625,5513.333,5566.111,4969.222,5022.750
5015.533,5853.778,5906.750,5649.333,5455.556,4992.556,5046.000
5121.067,5669.667,5880.125,5618.667,5492.778,4744.889,5021.333
5158.533,5901.000,5840.750,5773.556,5545.889,4860.000,5049.500
5110.800,5874.111,5847.125,5598.222,5269.222,4816.556,4929.667
5207.800,5748.889,5837.500,5516.889,5521.000,4810.556,4977.417
5172.800,5925.889,5910.125,5672.889,5583.778,4785.667,5013.250
5123.933,5876.222,5696.750,5637.667,5442.889,4759.556,5018.500
5089.800,5817.222,5948.750,5704.111,5528.556,4767.333,4995.000
5170.733,5709.111,5963.750,5520.111,5451.778,4897.778,4983.667
5224.600,5800.000,6050.250,5685.444,5418.889,4790.444,5087.167
5149.133,5843.333,5999.625,5422.667,5397.111,4822.889,4902.417
5041.067,5879.333,5810.375,5482.889,5506.556,4863.111,5011.083
5189.333,5843.778,6069.750,5363.222,5617.667,4961.000,5070.750
5093.000,5663.889,5881.875,5378.222,5339.111,4775.556,5035.083
5145.667,5773.222,5984.250,5585.222,5472.667,4851.667,4884.500
5126.267,5766.333,6025.000,5400.000,5465.000,4802.111,5025.000
5133.667,5594.222,6005.250,5438.111,5443.222,4858.222,4838.583
5156.467,5793.556,5884.875,5532.000,5384.444,4856.889,5060.833
5108.933,5886.778,5797.250,5521.667,5463.222,4875.111,5056.583
5172.133,5836.111,6017.625,5471.111,5332.333,4842.444,5082.250
5034.733,5896.222,5976.250,5486.889,5314.111,4777.778,5032.667
5119.600,5695.000,5839.125,5338.889,5578.889,4799.556,5027.583
5071.400,5783.111,5957.625,5437.222,5406.667,4897.778,5070.417
5252.533,5861.000,5959.750,5426.667,5495.444,4751.444,4977.417
5197.600,5757.333,5976.750,5379.889,5354.111,4950.667,4912.500
5114.000,5703.000,5968.750,5400.000,5559.333,4825.667,4980.333
5183.333,5692.667,5909.000,5519.111,5465.222,4862.667,5006.250
5147.333,5663.111,5985.625,5311.222,5495.778,4854.444,4973.583
5173.400,5782.444,5987.125,5266.111,5485.222,4780.222,5008.250
5099.333,5787.222,5759.625,5452.556,5509.667,4980.778,5021.500
5157.400,5636.667,5913.875,5405.222,5404.556,4792.889,5001.250
5155.800,5802.000,5959.375,5454.000,5414.222,4819.667,4985.667
5052.800,5736.444,5938.500,5395.778,5584.667,4879.111,5059.833
5158.200,5678.889,5914.125,5294.111,5514.333,4833.667,4915.750
5229.133,5762.889,5960.125,5521.222,5700.000,4773.444,4940.250
5130.533,5674.556,6104.000,5442.444,5451.667,4713.556,4979.417
5149.933,5685.333,6010.000,5363.111,5415.333,4796.333,4989.000
5182.667,5775.222,6088.625,5447.222,5516.444,4856.444,5008.583
5152.067,5843.778,6050.250,5352.111,5513.556,4710.444,5043.667
5145.600,5874.333,5977.375,5324.778,5473.111,4977.444,5174.333
5215.600,5713.000,6055.875,5281.333,5445.111,4811.778,5075.500
5207.533,5908.889,5995.000,5376.889,5520.111,4825.222,4978.750
5125.800,5760.111,6027.125,5368.000,5455.556,4727.333,4964.583
5191.733,5758.222,5891.875,5409.444,5340.778,4766.889,5126.167
5136.067,5903.889,6013.250,5335.667,5409.333,4788.000,4954.417
5103.067,5580.778,5935.250,5425.222,5467.556,4946.889,5035.000
5178.267,5786.222,6011.000,5401.556,5480.667,4807.444,4891.083
5154.133,5885.333,5843.125,5507.333,5496.111,4810.667,4992.333
4991.667,5741.111,5971.250,5342.778,5292.444,4799.556,5046.083
5218.467,5735.667,5874.375,5372.000,5581.000,4835.889,4964.083
5094.467,5655.556,5905.875,5444.222,5411.222,4794.000,5010.000
5105.667,5635.333,6050.375,5414.778,5352.444,4719.667,5010.833
5150.267,5720.222,5940.875,5447.111,5466.667,4740.778,4990.917
5110.133,5821.778,5781.625,5522.667,5496.000,4876.778,4982.750
5130.667,5672.778,6042.875,5442.222,5364.778,4917.111,4967.917
5077.200,5587.000,5912.375,5484.000,5518.000,4856.778,5006.167
5146.267,5661.667,5901.750,5567.778,5387.778,4811.778,5021.250
5070.667,5729.667,5726.250,5537.111,5345.000,4826.444,4898.083
5133.733,5774.111,5903.500,5422.556,5478.000,4870.778,4853.083
5192.333,5793.556,5872.000,5569.889,5483.556,4809.111,4970.917
5264.333,5644.000,5871.750,5475.000,5456.333,4787.444,4880.833
5160.667,5677.556,5877.875,5360.000,5286.889,4868.667,4948.833
5164.133,5781.333,6047.375,5407.111,5332.778,4926.444,4946.333
5055.467,5752.111,5905.125,5478.556,5392.778,4733.667,5010.250
5045.800,5818.111,6124.750,5468.111,5281.667,4720.222,4990.250
5052.067,5734.889,6173.125,5424.111,5329.667,4691.111,5039.250
5144.000,5757.222,5795.875,5532.333,5277.889,4770.778,4948.583
5102.267,5687.111,5935.750,5329.333,5470.000,4902.556,4987.333
5164.333,5705.111,6042.500,5356.000,5287.667,4770.333,4953.250
5098.667,5851.778,6019.500,5525.444,5256.000,4919.778,4971.750
5064.267,5753.556,6168.250,5343.778,5437.889,4904.667,5003.250
5171.400,5738.333,5906.750,5471.667,5462.000,4938.778,4994.417
5053.333,5598.111,6024.750,5278.111,5464.778,4919.222,5009.167
5067.667,5788.333,5990.000,5368.222,5612.556,4753.000,5137.250
5125.000,5707.222,5944.500,5270.333,5317.667,4811.889,4976.917
5175.333,5771.222,5936.750,5407.667,5477.667,4774.889,4976.083
5206.867,5700.556,5865.250,5332.333,5320.000,4843.778,4921.000
5017.333,5606.222,5805.250,5459.222,5351.556,4817.444,4969.000
5056.600,5738.222,6053.625,5438.667,5303.556,4802.778,5010.583
5142.933,5714.444,5929.625,5331.111,5365.889,4783.222,4883.167
5001.200,5696.444,6027.250,5460.000,5547.222,4847.444,5019.250
5052.667,5730.000,6142.750,5365.778,5458.778,4809.556,5132.750
5143.933,5721.111,6098.625,5405.778,5281.111,4803.000,5007.917
5154.867,5645.556,5790.125,5281.000,5479.556,4753.444,4942.917
5131.267,5668.556,6046.625,5409.667,5384.556,4840.556,5055.667
5160.600,5798.556,6069.875,5404.556,5430.889,4856.444,5018.833
5198.067,5835.778,6014.625,5452.222,5289.111,4873.778,4943.583
5086.467,5592.667,6020.000,5442.000,5398.111,5024.222,5029.833
5220.333,5781.444,5905.625,5384.333,5301.889,4875.667,4935.000
5081.733,5629.667,5984.125,5504.222,5383.000,4983.556,5000.833
5154.933,5740.111,6058.000,5492.444,5421.889,4764.556,5058.000
5001.733,5752.333,6086.375,5391.667,5409.667,4827.778,4885.667
5157.133,5694.333,5835.125,5407.667,5435.556,4781.556,4999.917
5118.067,5746.444,5848.875,5304.111,5363.556,4851.444,4925.667
5051.867,5792.889,6041.875,5325.667,5494.889,4857.556,4923.083
5063.800,5923.778,5913.625,5523.222,5312.333,4680.000,5027.000
5099.467,5765.889,6098.375,5326.333,5450.444,4872.222,4944.333
4992.067,5821.667,5946.000,5540.111,5362.556,4816.556,4947.417
5031.400,5819.889,5885.750,5360.333,5230.889,4804.444,5059.417
4928.667,5783.889,6074.750,5318.333,5591.444,4739.222,5005.417
5098.533,5717.556,5966.500,5324.222,5333.889,4630.667,4860.250
5133.133,5719.778,5920.875,5401.333,5487.667,4803.444,4932.250
5066.000,5628.222,6007.750,5318.000,5371.222,4828.778,5008.667
5091.867,5728.667,5967.000,5428.444,5470.444,4826.889,4981.667
5192.933,5713.667,6009.625,5475.222,5432.222,4728.222,4928.750
5108.467,5652.556,6046.000,5363.556,5384.222,4933.444,4982.250
5140.267,5768.333,5976.500,5353.222,5374.667,4753.889,5017.417
5079.333,5690.444,5691.875,5418.778,5444.000,4915.889,4924.500
5092.133,5707.000,6158.125,5405.667,5394.778,4703.778,4999.583
5075.133,5720.000,5974.750,5432.444,5475.000,4846.889,4895.667
5126.600,5748.778,5856.750,5416.111,5400.556,4827.111,5081.833
5086.000,5721.889,5874.375,5319.000,5349.000,4964.222,4948.417
5137.467,5865.556,5918.250,5509.000,5424.444,4807.333,4977.000
5076.733,5663.667,5981.750,5387.667,5298.333,4785.222,4927.083
4985.400,5603.556,5817.250,5258.667,5384.111,4950.222,4931.500
4989.267,5689.111,5968.125,5335.889,5448.111,4791.667,4882.167
5099.600,5605.000,5956.500,5475.222,5394.111,4764.778,4803.000
5122.267,5797.889,5861.125,5296.556,5372.444,4807.667,5029.917
5044.400,5708.444,5990.625,5331.778,5431.333,4825.889,4970.417
5177.067,5763.000,5906.875,5317.222,5306.556,4882.778,5027.500
4974.533,5736.778,5896.375,5315.889,5466.667,4845.889,4910.917
4984.067,5654.778,5895.125,5338.667,5522.000,4860.000,4876.750
5063.067,5824.889,6034.875,5435.111,5274.333,4917.556,4986.833
5119.067,5709.556,5751.625,5419.556,5487.333,4718.222,4896.083
5117.800,5924.667,5869.125,5361.111,5375.778,4874.333,5010.083
5074.600,5771.889,5878.750,5245.778,5315.111,4827.889,4903.083
5024.200,5735.667,5943.000,5358.444,5404.111,4912.889,4998.417
5121.533,5699.667,5980.500,5365.556,5343.889,4726.111,4858.833
5070.067,5590.333,5920.125,5401.333,5401.000,4872.000,4991.083
5001.200,5707.889,6078.375,5464.667,5476.000,4820.222,5044.167
5098.800,5700.556,5893.000,5456.000,5389.333,4743.778,4874.000
5033.333,5584.444,5920.875,5448.000,5369.111,4790.667,4999.500
5077.000,5739.444,5900.500,5359.333,5301.000,4750.667,4923.583
5131.600,5690.556,5919.625,5272.556,5347.333,4929.889,4948.667
5002.667,5717.556,6036.375,5469.889,5246.222,4822.444,5043.250
5003.200,5749.111,5840.500,5381.000,5326.778,4752.556,5017.083
5043.067,5645.333,6017.625,5376.000,5403.222,4816.556,4881.417
5077.867,5660.889,5878.875,5400.444,5194.222,4774.889,5046.750
5018.933,5758.778,5812.250,5508.000,5431.556,4747.111,4917.583
5084.867,5723.222,5907.875,5434.444,5466.889,4730.778,4962.500
4977.400,5614.667,5977.125,5446.778,5342.778,4781.222,4937.917
5062.000,5662.889,5894.000,5536.333,5335.444,4702.778,4955.417
5082.267,5651.889,5857.250,5346.000,5351.222,4648.000,5136.167
5018.000,5622.333,5836.500,5428.222,5387.000,4771.556,4932.250
5015.733,5791.111,6001.750,5297.111,5519.667,4832.667,4950.917
5092.000,5587.222,6019.750,5469.778,5343.333,4757.778,5023.583
5010.000,5749.111,6018.500,5423.556,5371.222,4719.556,4881.000
5140.000,5698.889,5919.000,5368.556,5365.778,4807.444,4903.083
5069.467,5708.778,6044.625,5246.556,5368.778,4677.000,4945.083
5039.467,5776.667,5950.375,5543.444,5272.111,4728.889,5091.000
4958.733,5619.889,6089.500,5494.667,5359.889,4656.111,4964.167
5061.533,5721.667,5819.250,5375.889,5355.889,4824.222,5102.917
5063.267,5727.778,5903.250,5410.778,5315.444,4806.667,4950.417
5119.267,5775.111,6016.375,5389.778,5310.333,4782.778,5074.833
5133.400,5728.000,5940.750,5414.778,5543.667,4898.889,4898.000
4974.400,5740.556,5912.375,5410.778,5397.889,4846.333,4879.667
5028.200,5742.222,5918.000,5366.556,5298.778,4901.222,4938.000
5058.467,5672.556,5959.500,5388.889,5397.333,4730.333,4999.667
5086.867,5643.444,5919.750,5267.222,5322.444,4863.000,4904.667
5087.867,5664.556,5889.125,5496.000,5437.778,4757.444,4952.333
5053.800,5725.111,5906.000,5346.111,5336.333,4787.111,4943.917
5089.733,5606.444,5909.625,5242.556,5250.778,4767.000,4935.167
4968.733,5576.222,5894.000,5287.444,5389.333,4888.222,4889.583
5019.467,5772.444,6123.625,5357.778,5351.556,4747.889,4987.583
5062.667,5655.778,6054.375,5383.222,5396.222,4905.111,4898.750
5082.267,5574.556,5863.750,5301.556,5394.222,4764.667,4918.833
5017.000,5606.333,5961.750,5339.222,5349.667,4824.778,4978.667
5026.267,5579.000,6042.000,5358.000,5310.778,4722.556,4943.667
5074.667,5835.889,5999.125,5355.111,5404.778,4722.000,4971.083
5078.400,5713.000,5887.000,5369.444,5474.778,4809.889,4868.500
5077.400,5724.000,5941.500,5426.556,5290.444,4799.222,4915.250
5073.333,5550.778,5940.625,5406.667,5367.889,4787.111,4913.917
5035.933,5781.444,5918.000,5442.778,5472.111,4838.667,4800.333
4994.667,5723.556,6035.875,5388.222,5376.222,4732.556,4975.000
5097.000,5688.889,5856.125,5354.889,5335.222,4716.333,4933.583
5129.400,5560.444,5965.750,5287.333,5300.667,4780.556,4746.917
4985.600,5532.556,6073.000,5381.667,5293.444,4692.889,4942.083
5001.733,5653.111,6008.000,5293.444,5373.444,4690.778,4814.250
4976.333,5741.222,5987.625,5291.444,5401.444,4726.111,5070.667
5027.800,5620.889,5816.000,5274.000,5490.667,4758.222,4939.417
4997.200,5606.333,5883.750,5413.333,5498.111,4887.000,4887.750
5134.667,5634.000,5791.250,5496.222,5259.889,4726.556,4867.750
5055.667,5614.333,5923.250,5307.778,5361.778,4789.111,4966.167
4921.467,5662.000,5902.000,5355.222,5217.333,4749.667,4937.333
5009.000,5642.556,5948.000,5434.667,5184.556,4777.111,4920.667
5136.933,5647.444,5875.250,5336.222,5196.222,4835.222,4863.750
5022.733,5573.111,5867.000,5388.556,5243.778,4738.556,4849.917
5056.867,5623.000,5909.000,5429.889,5402.778,4591.444,4883.083
5037.867,5653.333,6060.750,5336.000,5442.111,4701.778,4954.250
5067.467,5602.889,6032.500,5378.778,5374.889,4761.889,4875.167
5066.600,5728.556,5931.500,5465.333,5368.778,4716.444,4853.333
5040.333,5598.000,5791.500,5450.000,5346.000,4795.000,4829.250
5067.333,5685.889,6021.750,5600.111,5306.444,4727.111,5030.667
4981.267,5583.444,5947.750,5429.111,5284.111,4737.556,4919.750
5087.533,5618.111,6017.750,5327.778,5241.444,4722.222,4830.833
5130.467,5799.333,5870.125,5238.667,5256.667,4745.667,4953.500
5080.333,5517.444,6070.000,5433.556,5205.111,4761.778,4943.583
5013.667,5434.000,6004.000,5325.889,5474.333,4792.667,4890.833
4971.467,5585.556,5872.875,5303.667,5268.778,4788.556,4967.417
5084.000,5707.444,5847.000,5363.444,5322.778,4776.111,4827.417
5029.667,5598.000,6008.250,5405.222,5457.000,4889.889,4904.167
5149.733,5691.667,5953.000,5397.222,5290.556,4830.667,4784.500
5032.333,5753.222,5939.875,5416.778,5355.778,4928.889,4892.083
4923.733,5674.111,5840.750,5379.889,5316.444,4861.000,4937.667
4987.867,5595.444,5979.250,5504.000,5363.889,4754.556,4927.833
5013.000,5665.556,5897.375,5401.111,5434.222,4759.000,4912.083
5037.467,5571.333,5932.000,5364.556,5440.778,4770.667,4940.833
5063.200,5613.111,5918.000,5242.000,5343.556,4713.111,5008.000
5059.600,5776.333,6149.750,5278.778,5606.667,4778.000,4977.583
5051.667,5711.667,5880.875,5305.333,5366.444,4812.333,4819.833
5023.867,5588.778,6005.500,5321.778,5279.667,4701.667,4909.250
4971.333,5640.889,5947.250,5383.000,5380.889,4625.333,4749.000
5016.400,5786.111,6040.500,5342.556,5343.444,4868.556,4904.500
4953.933,5780.444,5930.375,5211.667,5345.778,4821.778,4927.583
5036.200,5615.222,5880.000,5402.222,5390.444,4912.000,4907.750
4977.800,5681.667,5993.625,5362.333,5419.444,4833.333,4901.917
4969.200,5646.111,5923.750,5208.000,5244.222,4657.000,4838.750
5044.267,5729.667,5899.000,5432.667,5314.000,4787.444,4944.417
5005.400,5658.667,6009.375,5372.889,5363.889,4768.556,5039.333
4898.133,5581.889,5981.250,5333.111,5465.556,4713.111,4835.417
5103.133,5660.222,5981.750,5295.889,5399.889,4783.333,4934.583
4948.200,5854.667,6062.125,5315.889,5460.111,4735.111,4855.917
5081.400,5672.222,5919.375,5642.556,5411.667,4793.333,4843.250
5048.133,5731.333,5896.750,5353.667,5279.889,4814.778,4840.000
4993.067,5761.889,5984.875,5407.333,5442.333,4761.444,4896.833
4924.133,5658.556,5802.625,5285.556,5341.111,4809.333,4992.833
5087.400,5552.444,5902.250,5349.222,5324.222,4804.111,4779.917
4918.067,5608.556,5960.500,5366.000,5471.333,4857.222,4903.417
4907.933,5675.889,6088.375,5474.778,5330.556,4794.778,4828.583
5072.267,5686.889,5874.375,5374.444,5453.000,4801.667,4854.833
5050.933,5606.556,5929.875,5559.889,5382.000,4684.222,4963.833
5008.400,5491.667,5929.375,5412.444,5330.778,4832.889,5082.083
5059.933,5685.000,5964.375,5265.111,5356.667,4865.000,4903.833
4956.733,5809.333,6020.750,5413.556,5298.000,4707.000,4950.333
4978.667,5759.111,6144.375,5301.667,5336.444,4781.111,4941.417
4965.800,5663.778,5938.500,5329.333,5404.667,4822.556,4893.833
4975.400,5757.556,5926.125,5361.889,5373.333,4771.667,4902.083
5036.133,5599.667,5967.375,5449.444,5347.444,4704.444,4941.000
4966.400,5559.444,5845.125,5348.000,5214.444,4974.222,4902.417
4978.000,5615.000,5842.250,5320.000,5416.111,4773.778,4910.833
4977.200,5708.889,6078.875,5268.667,5351.222,4787.333,4876.833
5036.200,5559.333,6104.375,5319.556,5338.444,4730.889,4926.917
5095.267,5625.556,5964.125,5408.444,5352.111,4590.778,4963.417
5003.333,5509.222,6072.750,5401.556,5445.000,4914.000,4974.417
5072.200,5524.111,5872.000,5298.111,5360.111,4592.556,4847.333
5002.867,5646.222,5958.750,5365.111,5433.556,4736.111,4962.083
5013.800,5624.000,5889.625,5378.000,5520.444,4643.333,4866.167
5038.400,5680.222,6050.750,5420.778,5354.889,4698.778,4969.333
5013.333,5579.444,5938.125,5211.667,5256.556,4857.333,4966.000
5020.000,5722.667,5861.375,5249.444,5367.778,4613.778,4879.333
5079.733,5588.667,5870.625,5341.333,5308.667,4788.111,4863.000
4928.733,5547.333,5888.750,5313.333,5365.556,4750.000,4803.333
5038.533,5712.111,5772.000,5265.111,5285.556,4791.444,4954.250
5073.733,5759.778,5964.625,5245.667,5436.444,4867.333,4863.417
5101.200,5622.444,6126.625,5342.667,5420.778,4816.000,4971.083
4949.533,5695.778,5902.375,5267.000,5389.444,4756.000,5008.167
4990.133,5577.111,6024.875,5235.333,5363.778,4813.778,4775.667
5087.667,5599.889,6059.000,5374.778,5411.667,4777.667,4865.500
4987.667,5511.000,5875.000,5347.333,5349.000,4791.556,4984.583
4991.733,5474.444,5902.500,5277.333,5310.333,4832.444,5015.667
5058.600,5703.778,5971.750,5428.222,5503.333,4740.222,4954.583
5070.800,5712.111,5811.125,5244.778,5258.333,4746.778,4934.167
4934.200,5481.222,6044.750,5321.778,5404.667,4750.222,4920.833
4918.733,5640.778,5732.375,5330.111,5329.111,4754.111,4968.333
5021.333,5572.667,5912.625,5439.778,5191.000,4764.556,4864.167
4970.733,5680.556,5988.875,5415.444,5420.556,4641.556,4805.583
5044.533,5706.889,6001.375,5239.222,5294.222,4738.000,4886.583
4967.133,5831.111,5695.875,5412.000,5333.444,4574.889,4831.333
4919.133,5534.889,5734.875,5252.556,5307.667,4756.889,4948.667
4941.933,5636.222,6162.875,5241.000,5275.333,4725.222,4906.583
4859.467,5584.111,5929.125,5325.444,5405.778,4733.667,4854.917
4971.067,5662.333,6016.125,5153.222,5307.778,4728.222,4839.500
5099.533,5703.222,5995.500,5302.667,5248.444,4748.667,4900.833
4955.133,5524.333,5990.125,5385.556,5252.778,4814.222,4892.000
4974.400,5522.556,5835.875,5199.222,5374.222,4739.889,4945.000
4896.467,5579.556,6064.500,5287.222,5202.556,4765.000,4922.750
4994.667,5620.778,5856.375,5393.667,5413.111,4699.444,4957.167
4931.333,5726.333,6075.750,5380.778,5122.889,4813.889,5012.083
5026.133,5749.222,6058.750,5310.778,5238.667,4730.333,4928.167
4892.667,5531.889,5988.750,5335.000,5244.111,4822.889,5016.083
5037.933,5639.444,5914.500,5273.222,5372.000,4710.889,4926.250
5016.067,5733.000,5866.500,5258.667,5437.000,4625.556,4949.667
4975.133,5579.444,5916.500,5284.222,5351.778,4728.333,4990.750
5143.600,5614.000,5968.250,5276.444,5465.556,4800.556,4926.917
4978.000,5651.778,6042.375,5319.222,5302.778,4690.889,4842.000
4882.067,5589.444,5961.000,5534.222,5348.889,4788.444,4947.667
5040.200,5627.778,5927.375,5241.667,5407.000,4761.556,4869.417
4888.867,5651.556,5955.875,5255.111,5229.556,4734.889,4796.917
5038.400,5542.333,5984.625,5278.556,5313.444,4681.222,4853.000
4881.533,5551.667,5795.875,5271.556,5366.778,4655.333,4979.250
4903.800,5644.889,6073.250,5409.444,5303.333,4845.333,4896.417
4964.467,5670.222,5928.500,5337.000,5377.778,4767.778,4757.333
5139.733,5467.333,6054.250,5357.111,5286.889,4818.778,4775.750
4937.600,5692.556,5900.250,5270.778,5392.444,4758.333,4927.500
5000.933,5670.444,5935.375,5308.889,5326.444,4747.889,4924.417
4844.067,5479.667,5844.250,5338.111,5209.111,4824.444,5001.000
4989.267,5629.000,5814.125,5272.111,5356.111,4782.889,4836.167
4949.533,5502.889,5904.250,5447.333,5305.333,4717.889,4884.833
4997.267,5494.222,5929.000,5411.889,5346.000,4861.000,4814.417
4942.467,5514.000,5847.000,5357.444,5441.222,4725.000,4911.000
4911.400,5659.222,5944.750,5414.444,5361.000,4731.222,4774.500
4930.933,5645.111,6081.875,5308.000,5319.000,4695.667,4954.750
5055.533,5564.333,6222.125,5445.111,5330.667,4757.778,4861.250
4971.133,5498.889,6045.625,5428.889,5215.444,4672.000,4848.167
4926.800,5721.000,5834.750,5320.222,5361.444,4815.778,4998.417
4932.200,5507.111,6011.625,5288.556,5250.333,4755.111,4838.667
5009.933,5645.000,5897.250,5458.222,5287.556,4943.444,4923.500
4997.667,5408.667,6062.000,5261.000,5264.778,4705.000,4937.167
4971.733,5648.222,6153.250,5365.778,5391.222,4748.000,4934.750
4959.867,5557.778,5956.500,5417.889,5380.667,4745.778,4876.583
4873.067,5462.556,5892.625,5455.222,5385.889,4738.667,4749.833
4958.467,5508.222,5941.375,5310.222,5378.556,4782.778,4770.500
5030.067,5777.778,5955.750,5318.000,5322.000,4852.556,4893.083
4944.600,5699.222,6040.125,5341.111,5367.444,4715.778,4959.917
5001.200,5654.556,5914.750,5409.333,5334.222,4703.111,4912.917
4975.267,5616.444,5943.750,5247.333,5459.889,4841.444,4943.083
4974.200,5643.333,6007.125,5292.778,5282.778,4665.111,4837.917
4957.400,5639.444,6053.125,5435.111,5330.889,4959.333,4994.500
5060.933,5619.667,6026.000,5345.889,5293.889,4917.778,4846.917
4958.000,5543.000,5897.750,5599.778,5342.000,4857.222,4865.333
4911.400,5594.778,6072.000,5371.556,5293.222,4860.667,4817.500
4970.533,5555.778,5908.375,5467.778,5137.889,4963.778,4915.417
5058.933,5639.778,5926.125,5234.778,5219.667,4794.556,4954.000
4971.333,5642.444,6169.375,5173.111,5304.889,4670.222,4878.667
5006.933,5534.556,6059.500,5348.556,5385.444,4704.889,4867.250
4951.267,5668.333,5964.250,5321.222,5382.111,4816.111,4941.083
4990.600,5676.111,6028.250,5348.667,5236.000,4715.556,4868.917
4816.400,5587.667,5875.375,5152.667,5231.000,4676.111,4817.417
5013.200,5539.000,5958.125,5358.000,5447.000,4666.556,4889.500
5016.867,5534.444,5999.875,5304.889,5318.556,4775.889,4891.833
4960.400,5489.111,5974.125,5434.222,5322.778,4733.444,4845.833
4975.267,5556.667,5901.250,5296.444,5193.667,4667.444,4876.500
5040.867,5634.333,5881.500,5208.333,5270.667,4756.556,4814.500
5021.733,5535.667,6042.750,5345.778,5267.778,4701.889,4925.083
4948.333,5587.667,5905.125,5262.000,5374.333,4717.667,4902.750
4945.933,5455.333,5946.125,5215.444,5264.889,4770.222,4919.417
4993.600,5580.889,6054.625,5370.222,5176.111,4879.444,4888.083
4978.133,5648.556,6006.875,5156.333,5395.000,4658.000,4830.083
4945.733,5635.444,6056.000,5346.444,5317.556,4777.778,4965.833
5037.000,5575.889,5897.750,5273.222,5182.222,4677.444,4916.167
4959.867,5622.111,5841.875,5419.333,5341.667,4791.222,4859.750
4838.600,5571.778,5941.125,5384.667,5323.222,4693.444,4922.667
4901.067,5452.333,5974.750,5278.111,5356.778,4733.778,4897.750
5004.800,5691.667,6038.875,5450.667,5214.667,4786.000,4872.083
5000.800,5372.444,6038.500,5267.556,5335.556,4721.889,4821.333
4928.667,5474.556,5942.625,5398.556,5354.889,4746.444,4812.167
4853.400,5638.778,6005.000,5330.111,5178.889,4824.000,4935.083
5060.267,5610.889,5919.125,5318.000,5368.667,4732.000,4792.000
4949.333,5407.000,5936.000,5369.444,5339.889,4736.000,4825.250
4830.000,5582.889,6084.000,5362.222,5327.000,4707.667,4859.083
4893.333,5592.667,5890.750,5294.667,5282.556,4684.667,4867.833
4935.533,5663.000,5911.000,5343.222,5173.000,4722.444,4830.583
4898.467,5645.333,6154.625,5254.000,5400.444,4863.000,4852.750
4912.200,5568.000,6007.125,5265.333,5312.333,4718.333,4779.333
4873.867,5685.222,5950.000,5266.111,5177.444,4719.222,4969.667
4888.467,5647.000,6060.875,5341.667,5370.333,4774.444,4865.333
4959.467,5581.778,6093.000,5160.111,5412.556,4772.444,4893.667
5029.867,5546.556,6260.375,5232.444,5222.111,4755.889,4854.250
4947.467,5686.667,6060.000,5262.222,5302.222,4777.778,4865.667
4915.133,5620.889,6101.375,5370.778,5198.889,4744.444,4850.667
5012.067,5540.778,6002.375,5292.889,5201.000,4680.889,4816.250
4919.667,5634.444,6000.625,5142.444,5177.333,4718.889,4799.667
4996.000,5587.889,5832.250,5374.778,5299.444,4779.111,4911.417
5038.333,5646.000,5913.000,5398.444,5312.333,4708.000,4866.583
4920.400,5567.111,6040.125,5279.667,5231.444,4632.222,4944.333
4915.933,5544.556,6063.375,5224.889,5321.333,4792.778,4808.000
4923.133,5609.222,5757.125,5370.556,5278.000,4869.333,4906.583
4974.133,5494.667,5875.500,5199.667,5226.111,4759.444,4834.167
5000.733,5463.444,5914.125,5391.333,5257.778,4798.111,4859.667
4972.200,5541.222,6059.500,5207.778,5372.556,4746.000,4919.167
5013.533,5647.333,5995.875,5289.222,5349.000,4771.889,4862.167
4868.467,5459.778,6117.375,5233.444,5350.667,4652.556,4868.833
5031.733,5516.222,6049.500,5412.667,5300.000,4697.778,4805.917
4986.600,5523.889,5978.875,5278.889,5295.333,4575.444,4886.917
4931.600,5376.778,5910.750,5279.111,5328.556,4819.111,4879.750
5006.600,5449.222,6006.375,5349.889,5267.333,4696.222,4896.917
4922.067,5518.111,5911.750,5284.111,5124.000,4613.889,4857.083
4865.133,5641.222,6029.750,5475.667,5277.778,4628.111,4874.333
4927.733,5522.222,5941.750,5079.556,5202.000,4587.444,4832.167
4860.800,5591.667,5929.375,5380.111,5214.111,4704.333,4877.000
4941.067,5491.889,5925.875,5085.222,5176.222,4777.778,4888.250
4925.867,5571.444,5778.250,5289.222,5271.222,4761.222,4809.417
4965.800,5717.111,5920.500,5327.333,5369.667,4804.222,4857.083
4879.200,5535.778,5941.375,5210.556,5144.889,4755.444,4876.083
4936.733,5566.444,6056.000,5217.444,5269.333,4755.333,4802.250
4957.600,5417.778,5959.500,5294.778,5288.000,4706.556,4818.167
4942.600,5582.000,6011.125,5192.444,5310.111,4779.222,4809.583
4920.000,5565.000,5858.625,5276.222,5205.667,4569.444,4812.167
4989.533,5346.556,5854.000,5164.222,5192.000,4768.111,4777.333
4915.400,5620.889,5767.875,5293.778,5317.778,4808.667,4805.000
5012.067,5507.222,5974.250,5270.333,5159.333,4802.333,4789.833
5015.933,5535.333,5990.500,5253.778,5159.222,4839.000,4809.333
4998.800,5441.000,5926.000,5202.889,5260.889,4826.889,4817.250
4926.800,5428.444,6090.250,5413.222,5212.222,4668.556,4862.167
4974.333,5495.444,5994.625,5218.111,5114.556,4681.000,4834.333
4993.400,5499.000,6062.125,5271.333,5208.444,4720.333,4911.583
4985.333,5571.333,5752.000,5261.000,5192.778,4627.000,4858.917
4908.200,5642.333,6021.125,5312.111,5322.111,4720.889,4744.417
4823.533,5569.333,5770.500,5206.222,5313.444,4678.333,4854.667
4891.600,5557.889,5859.375,5375.333,5261.222,4671.444,4884.583
4879.733,5576.778,5879.875,5326.667,5277.333,4649.444,4736.750
4874.200,5359.111,5798.500,5322.778,5337.889,4687.556,4756.250
4856.467,5518.444,5916.250,5417.111,5193.667,4745.444,4902.917
4868.133,5520.111,5891.750,5255.667,5332.889,4695.667,4855.583
4709.400,5505.222,6119.750,5255.778,5249.333,4708.000,4720.250
4971.533,5438.667,5798.875,5214.556,5468.667,4711.889,4764.583
4765.333,5514.333,6036.500,5362.333,5248.222,4731.444,4906.250
4922.333,5514.333,5878.375,5226.111,5288.667,4665.778,4814.750
4983.533,5630.667,6028.500,5122.667,5285.444,4866.333,4725.083
4934.533,5349.667,6006.250,5191.222,5153.556,4681.889,4898.667
4963.067,5418.333,5969.250,5299.889,5382.556,4735.667,4818.583
4885.133,5272.778,5888.375,5382.778,5246.667,4674.667,4886.750
4935.733,5515.222,5933.750,5261.667,5285.222,4743.444,4679.417
4824.667,5504.778,5993.125,5303.222,5124.222,4672.111,4826.250
4953.067,5654.333,5964.000,5400.778,5242.444,4736.111,4838.250
4923.067,5510.667,5705.625,5268.333,5254.889,4820.778,4826.500
4843.000,5533.000,5760.750,5341.444,5225.556,4742.000,4951.083
4949.333,5629.778,5980.875,5231.556,5375.333,4766.222,4754.500
5047.200,5449.889,5981.625,5272.556,5244.667,4616.000,4805.500
4918.933,5478.889,5841.375,5267.000,5258.333,4684.111,4853.000
4890.600,5622.444,6004.625,5252.444,5262.444,4793.222,4900.250
4840.800,5495.333,5956.875,5153.889,5286.222,4671.778,4743.250
4936.267,5565.333,5959.000,5270.000,5327.667,4786.111,4923.917
4952.333,5582.556,5828.625,5229.556,5129.000,4742.333,4873.333
4901.400,5540.889,6075.375,5266.444,5193.778,4721.778,4786.417
4897.733,5439.889,5817.250,5169.444,5209.667,4647.111,4844.083
4964.533,5544.556,5995.375,5410.111,5281.778,4719.778,4858.833
4834.867,5490.000,5764.875,5180.000,5308.333,4710.556,4866.667
4940.933,5490.222,5763.750,5300.111,5257.444,4680.667,4856.667
4858.733,5564.889,5836.750,5297.222,5222.444,4730.111,4886.417
4816.867,5558.333,5957.375,5177.111,5204.556,4765.556,4787.333
4902.667,5448.556,5778.500,5297.667,5354.111,4679.333,4800.333
4927.000,5431.000,6087.875,5280.889,5313.889,4702.444,4815.167
4956.333,5506.111,5915.125,5229.444,5157.111,4631.667,4859.167
4932.333,5534.000,6017.625,5211.556,5263.889,4849.000,4776.583
4797.533,5520.778,5787.375,5276.667,5155.111,4726.111,4829.583
4850.533,5684.556,5794.625,5195.000,5219.111,4721.444,4836.000
4937.800,5503.889,5824.750,5318.222,5280.556,4594.667,4929.083
4991.933,5599.889,5973.250,5246.778,5247.778,4717.667,4791.250
4862.733,5550.667,5942.000,5384.222,5192.667,4674.111,4782.417
4875.933,5539.000,5834.250,5299.111,5261.333,4853.444,4939.750
4853.333,5457.111,5922.875,5171.111,5272.667,4712.667,4769.583
4832.467,5462.778,5774.500,5289.667,5141.222,4733.778,4717.167
4891.733,5586.333,6044.500,5333.000,5250.889,4740.556,4838.917
4949.467,5472.333,5957.875,5219.444,5304.556,4584.444,4720.250
4937.800,5582.000,5923.375,5309.444,5220.778,4718.556,4853.083
4974.267,5559.444,5870.125,5276.000,5147.667,4678.444,4863.583
4948.067,5539.000,5955.250,5281.889,5274.889,4792.778,4760.250
4885.933,5616.000,5822.875,5202.000,5213.111,4833.111,4794.000
4968.600,5452.333,5997.000,5256.667,5034.222,4670.111,4875.083
5017.400,5431.222,5972.375,5292.556,5206.778,4686.889,4712.750
4810.133,5684.000,5889.250,5192.222,5145.667,4522.556,4830.250
4912.933,5468.778,5711.625,5247.667,5190.444,4660.111,4848.833
4877.200,5484.444,6037.125,5149.778,5198.333,4759.667,4836.500
4937.800,5797.333,5805.750,5183.667,5201.667,4818.778,4846.583
4915.600,5640.333,5859.500,5310.778,5332.889,4658.111,4808.500
4988.000,5570.444,5808.000,5214.444,5234.556,4717.778,4763.833
4926.800,5484.889,5903.125,5264.000,5193.000,4691.111,4809.083
4917.267,5548.667,5915.375,5225.889,5249.556,4903.333,4765.417
4801.533,5636.000,5819.125,5369.556,5143.889,4668.444,4838.417
4848.000,5619.778,5912.625,5324.889,5289.444,4770.444,4906.333
4827.467,5465.444,5933.625,5264.333,5267.889,4678.333,4702.250
4822.000,5583.667,5876.375,5412.333,5276.556,4912.889,4747.167
4859.133,5638.111,5850.625,5384.000,5302.333,4579.222,4782.250
4835.533,5401.111,5869.375,5273.222,5231.333,4620.222,4841.083
4743.733,5535.889,6079.625,5188.667,5190.111,4686.000,4904.500
4958.800,5390.111,6005.625,5221.333,5272.111,4642.333,4757.417
4980.400,5465.556,5877.250,5253.778,5196.889,4641.556,4872.500
4900.733,5601.333,5782.000,5299.556,5301.667,4759.667,4783.500
4864.333,5584.778,5822.625,5254.444,5340.222,4657.222,4782.083
4853.067,5502.333,5727.750,5349.333,5355.444,4705.333,4793.833
4908.000,5581.111,5885.000,5305.333,5370.222,4663.778,4747.333
4924.867,5431.222,6060.500,5176.111,5309.333,4780.667,4795.667
4909.467,5506.111,5977.625,5166.444,5214.333,4616.556,4889.833
4842.667,5417.000,5997.875,5423.111,5317.556,4672.889,4866.667
4851.933,5565.333,5801.125,5294.889,5181.111,4550.556,4838.250
4905.333,5519.889,5814.625,5100.778,5156.667,4735.111,4872.833
4955.867,5411.667,5846.500,5261.444,5172.556,4635.556,4811.917
4875.800,5717.556,5791.500,5244.556,5345.778,4644.778,4725.333
4884.533,5568.333,5970.125,5252.222,5201.667,4752.000,4965.250
4924.200,5504.222,5914.750,5381.000,5328.556,4791.111,4853.083
4860.533,5698.667,5911.625,5280.778,5279.778,4745.667,4744.750
4900.600,5435.000,5751.375,5065.111,5167.333,4628.556,4792.417
4834.267,5625.111,5745.375,5164.778,5103.000,4657.556,4746.333
4931.933,5505.778,5746.625,5306.667,5230.556,4735.111,4714.333
4978.467,5493.778,5964.375,5288.111,5265.000,4818.778,4868.917
4847.067,5700.778,5909.000,5147.111,5281.222,4728.556,4895.083
4902.600,5417.667,5758.625,5183.667,5242.778,4737.111,4716.500
4890.933,5615.556,5887.375,5376.000,5279.333,4685.000,4874.667
5012.400,5475.778,5776.000,5383.222,5249.889,4671.889,4819.667
4902.000,5730.000,5944.000,5346.333,5241.444,4790.778,4755.000
4932.267,5467.111,6066.625,5288.667,5109.111,4673.556,4803.583
4909.933,5725.667,6021.500,5211.222,5205.000,4746.111,4827.333
4792.267,5561.222,5863.750,5331.000,5275.111,4687.889,4772.583
4930.733,5513.333,5817.000,5221.778,5281.778,4684.556,4894.667
4855.933,5543.667,6030.250,5187.444,5353.222,4705.222,4844.417
4864.267,5456.000,5942.500,5300.222,5238.111,4646.889,4872.917
4970.333,5484.556,5798.000,5222.000,5194.667,4717.889,4767.167
4901.467,5502.889,5935.125,5254.667,5145.222,4725.222,4707.917
4902.200,5566.000,6095.500,5212.000,5173.000,4714.333,4816.667
4950.333,5611.889,5792.000,5157.778,5182.000,4700.556,4776.667
4912.067,5434.667,5977.375,5194.778,5177.111,4616.000,4765.583
4970.133,5515.000,5829.625,5190.111,5374.556,4772.222,4833.417
4944.933,5462.111,5770.375,5133.000,5196.222,4635.778,4830.583
4943.067,5512.333,5880.875,5241.111,5342.222,4700.444,4786.333
4975.600,5535.333,5625.250,5122.889,5233.889,4716.444,4824.500
4812.133,5457.444,5789.250,5267.000,5238.667,4765.222,4895.583
4968.067,5510.667,5843.375,5221.556,5226.111,4747.444,4815.333
4958.333,5690.333,5961.875,5105.444,5302.778,4706.111,4657.833
4854.133,5526.333,5969.875,5071.000,5098.111,4669.444,4774.250
4980.800,5575.667,5824.875,5264.444,5337.556,4739.000,4726.250
4916.400,5646.444,5853.500,5178.333,4997.222,4595.778,4811.167
4884.600,5408.889,5979.000,5319.333,5150.000,4674.222,4787.667
4822.533,5616.222,5955.500,5273.667,5184.889,4586.556,4853.333
4829.067,5576.333,5861.875,5329.667,5258.333,4566.222,4792.917
4857.667,5461.778,5901.375,5279.000,5185.000,4799.556,4655.417
4957.400,5479.667,5888.875,5240.000,5040.222,4683.111,4795.833
4869.467,5579.444,5836.625,5143.111,5305.000,4653.000,4999.083
4830.000,5542.778,5946.375,5163.444,5126.556,4522.000,4866.167
4850.733,5459.889,5715.000,5230.444,5219.333,4682.000,4621.833
4862.400,5622.222,5865.125,5173.667,5203.667,4562.222,4727.083
4831.467,5656.556,5944.000,5177.000,5194.333,4629.889,4753.333
4907.733,5500.667,5874.750,5150.444,5362.667,4556.222,4787.083
4782.467,5546.889,5981.750,5295.000,5222.778,4554.000,4699.250
4951.200,5507.000,6043.500,5095.778,5309.778,4618.111,4739.000
4797.133,5559.000,5800.875,5247.000,5178.444,4670.556,4765.583
4861.733,5518.111,6000.875,5104.222,5172.889,4604.444,4737.000
4851.667,5575.444,6019.000,5271.556,5141.889,4630.444,4837.750
4801.133,5581.556,6059.375,5195.556,5292.889,4609.667,4844.250
4823.733,5570.333,5988.500,5182.222,5242.556,4723.556,4858.000
4847.800,5459.222,5780.000,5073.000,5380.778,4674.333,4746.917
4799.867,5593.889,5797.250,5232.444,5260.889,4530.889,4735.833
4829.600,5437.889,5992.250,5194.333,5239.111,4747.778,4786.750
4840.400,5580.778,5868.250,5324.778,5267.556,4682.444,4844.250
4935.933,5456.667,5938.125,5232.556,5114.444,4659.556,4820.167
4851.800,5495.333,5898.375,5309.222,5053.000,4675.222,4768.500
4973.867,5662.000,5690.125,5288.333,5232.111,4692.000,4737.333
4933.600,5614.111,5917.250,5295.444,5192.667,4651.667,4769.083
4937.000,5513.222,5954.875,5291.333,5378.222,4688.778,4789.167
4798.933,5572.333,5845.625,5095.778,5162.222,4703.444,4692.000
4790.000,5626.667,5802.250,5305.111,5253.333,4671.444,4829.833
4851.200,5454.000,5755.500,5245.222,5214.222,4660.889,4751.333
4768.400,5412.667,6040.625,5191.778,5289.222,4575.111,4811.000
4789.000,5454.111,5969.750,5217.111,5182.444,4739.889,4863.833
4940.133,5581.222,5866.250,5237.000,5264.222,4641.333,4806.833
4813.533,5615.889,5903.000,5210.556,5193.111,4635.444,4746.750
4947.867,5538.333,6005.875,5237.333,5336.778,4475.889,4803.000
4776.600,5739.889,5884.125,5179.778,5249.000,4671.667,4764.333
4783.933,5445.778,5903.125,5139.444,5272.444,4779.111,4732.083
4804.600,5536.667,5985.125,5233.333,5230.111,4687.667,4861.333
4860.667,5494.111,5807.500,5164.111,5071.556,4743.000,4697.500
4839.800,5553.000,5893.375,5342.111,5196.889,4716.111,4841.000
4782.933,5502.111,5701.375,5143.556,5271.556,4653.667,4679.833
4861.333,5451.889,5793.875,5240.556,5222.111,4648.778,4705.917
4874.400,5544.111,5899.375,5227.667,5219.000,4621.667,4854.667
4856.133,5521.222,5838.875,5213.444,5073.444,4573.556,4735.583
4866.200,5460.778,5961.875,5203.000,5259.556,4583.000,4723.083
4782.333,5436.556,5909.375,5219.222,5236.444,4570.000,4821.333
4869.667,5528.444,5811.250,5332.778,5204.000,4695.889,4726.333
4957.400,5396.444,5834.125,5111.889,5130.889,4582.667,4778.000
4864.733,5413.556,5940.125,5241.444,5234.444,4548.444,4856.167
4767.000,5591.333,5858.500,5075.556,5131.778,4821.444,4785.583
4993.533,5496.889,6066.375,5168.444,5171.333,4640.333,4838.583
4832.533,5489.556,5942.500,5096.222,5200.000,4656.556,4714.083
4854.533,5575.111,5996.750,5203.333,5201.333,4562.222,4709.917
4836.467,5581.444,5812.875,5393.333,5124.222,4565.111,4788.167
4847.733,5632.667,6083.875,5167.778,5237.556,4696.667,4725.333
4826.333,5403.444,5806.125,5157.889,5176.222,4854.778,4756.083
4726.133,5325.556,5910.625,5183.333,5208.889,4752.889,4821.750
4918.933,5512.222,5825.125,5298.778,5071.000,4551.000,4703.333
4869.600,5414.778,6044.250,5053.000,5150.556,4673.333,4751.833
4899.733,5459.778,5762.500,5231.667,5157.333,4778.000,4771.583
4844.600,5385.222,5887.125,5180.000,5287.556,4589.222,4885.250
4860.600,5552.667,6025.750,5193.000,5127.556,4541.333,4734.500
4883.400,5481.333,5920.750,5145.778,5037.000,4617.889,4802.000
4805.667,5542.111,5952.000,5160.111,5201.333,4775.889,4870.000
4814.267,5502.889,5986.750,5313.333,5329.667,4706.667,4711.667
4792.933,5569.444,5909.000,5248.000,5176.667,4737.778,4823.417
4808.867,5542.444,5871.875,5150.222,5256.222,4650.889,4854.250
4895.800,5444.000,5818.625,5180.556,5260.889,4764.000,4890.250
4855.267,5549.222,5963.500,5169.444,4957.889,4706.778,4740.667
4925.133,5468.556,5958.125,5155.667,5290.667,4587.111,4857.833
4889.467,5497.333,5880.750,5195.556,5223.889,4624.556,4833.417
4830.867,5475.000,5805.750,5150.444,5199.111,4729.889,4674.417
4839.933,5378.667,5765.250,5223.444,5253.556,4730.222,4732.167
4796.800,5467.667,6101.375,5313.333,5154.111,4599.000,4774.750
4823.067,5372.667,6053.000,5261.778,5228.333,4842.000,4746.667
4836.200,5433.333,5912.250,5198.556,5368.000,4705.667,4708.167
4816.333,5482.333,5782.750,5042.556,5135.111,4600.444,4930.417
4905.667,5534.222,5877.375,5248.000,5267.111,4532.444,4754.250
4748.600,5514.111,5837.500,5149.778,5297.889,4619.556,4807.333
4854.467,5489.556,5835.875,5036.333,5137.889,4787.778,4713.833
4804.200,5426.778,5875.500,5254.667,5213.778,4843.667,4797.000
4876.867,5417.889,6099.875,5210.889,5287.778,4705.111,4779.667
4904.267,5531.444,6005.875,5259.889,5268.556,4568.556,4846.917
4817.800,5441.889,5937.500,5352.667,5011.444,4649.000,4660.583
4908.333,5526.556,5975.875,5277.889,5217.000,4589.333,4783.750
4825.000,5339.000,5818.125,5179.667,5196.889,4538.889,4784.917
4845.267,5477.556,5855.250,5137.222,5099.667,4744.333,4825.250
4826.400,5499.111,6050.000,5305.000,5066.333,4714.111,4947.333
4793.400,5483.333,5766.875,5177.222,5172.111,4542.222,4751.417
4764.600,5615.778,5878.625,5206.000,5072.222,4591.111,4838.000
4824.067,5583.889,5935.125,5181.667,5219.333,4674.889,4826.417
4891.867,5606.778,6009.500,5252.222,5186.667,4540.444,4679.833
4841.867,5535.889,5783.375,5151.333,5160.000,4673.889,4770.083
4785.600,5492.333,5825.250,5317.000,5322.000,4620.778,4646.583
4862.933,5488.111,5734.625,5200.778,5262.778,4784.444,4785.000
4872.933,5565.444,5881.250,5207.556,5241.556,4747.222,4793.833
4827.200,5565.222,5778.875,5075.000,5300.111,4650.222,4710.250
4781.600,5575.222,5881.625,5118.111,5149.111,4610.778,4705.083
4946.133,5510.444,5818.125,5040.111,5249.889,4729.778,4800.917
4744.267,5473.778,5866.375,5173.889,5106.111,4586.556,4794.250
4866.933,5532.222,5992.250,5256.778,5160.667,4651.556,4852.167
4878.400,5477.000,5796.500,5110.889,5171.444,4580.333,4723.667
4855.933,5476.556,5873.500,5350.000,5108.333,4648.111,4798.000
4812.533,5301.556,5798.125,5245.222,5301.444,4667.556,4776.417
4820.800,5495.333,5881.875,5140.556,5097.222,4720.222,4787.667
4851.333,5450.333,5895.875,5164.333,5217.111,4512.667,4622.250
4765.067,5441.778,5918.875,5122.000,5120.333,4579.667,4799.083
4787.333,5513.667,6036.375,5243.556,5112.333,4640.556,4860.917
4913.533,5447.222,5905.750,5069.889,5182.444,4559.889,4842.500
4773.133,5516.667,5989.250,5198.222,5199.222,4661.778,4843.667
4945.600,5451.778,5786.375,5239.778,5159.889,4643.667,4780.500
4912.000,5450.444,5848.250,5263.111,5254.667,4579.778,4786.667
4843.600,5477.111,5796.125,5192.556,5151.111,4646.000,4784.750
4883.467,5632.778,5924.750,5156.778,5193.222,4705.333,4673.000
4911.200,5396.444,5940.875,5234.111,5199.000,4799.222,4841.000
4825.400,5467.111,6051.500,5088.111,5297.333,4681.000,4844.750
4867.267,5598.000,5944.625,5174.111,5163.333,4637.444,4688.583
4889.867,5452.111,5913.375,5225.556,5188.778,4694.667,4778.333
4782.467,5476.444,5967.625,5289.778,5128.333,4701.889,4753.667
4917.200,5449.667,5734.250,5188.333,5167.889,4531.667,4614.083
4899.467,5551.000,5842.500,5128.556,5163.778,4662.222,4788.250
4907.733,5321.667,5892.375,5149.556,5218.000,4566.889,4752.500
4904.133,5538.444,5938.375,5230.333,5134.444,4574.556,4722.500
4785.133,5458.556,5781.875,5304.889,5142.778,4548.111,4808.750
4821.933,5345.111,5866.750,5097.889,5206.333,4643.556,4817.583
4832.467,5430.222,5862.125,5003.778,5172.333,4638.000,4686.667
4827.067,5394.778,5928.875,5223.667,5078.222,4649.444,4751.833
4861.533,5442.444,5847.750,5208.000,5127.556,4601.222,4649.583
4829.333,5507.000,5875.125,5202.333,5146.667,4555.000,4801.500
4825.733,5511.222,5851.750,5290.889,5096.000,4683.556,4736.250
4872.467,5538.000,5820.625,5318.556,5274.444,4613.111,4818.083
4826.600,5534.333,5905.125,5172.556,5105.000,4759.778,4784.333
4786.133,5330.333,5770.125,5181.667,5186.889,4692.778,4693.583
4945.400,5616.444,5817.125,5223.556,5191.778,4582.778,4744.333
4856.000,5395.444,5844.500,5091.444,5110.333,4634.000,4859.000
4831.333,5440.556,5916.000,5146.000,5162.778,4571.778,4751.417
4788.400,5574.222,6008.500,5129.556,5157.111,4650.667,4773.917
4848.933,5453.889,5867.000,5238.667,5100.667,4595.889,4763.417
4854.867,5384.556,5906.875,5169.111,5198.111,4654.000,4801.917
4915.333,5543.556,6073.000,5221.444,5273.000,4721.444,4899.667
4767.600,5596.333,5760.875,5285.333,5115.111,4583.889,4915.333
4794.867,5534.444,5789.250,5045.778,5127.556,4495.889,4861.000
4836.267,5524.667,5904.375,5228.778,5277.556,4580.889,4786.250
4733.467,5639.444,5831.250,5199.556,5197.778,4580.333,4839.333
4874.600,5515.000,6017.375,5070.778,5144.000,4707.222,4800.417
4835.067,5482.889,5949.125,5138.111,5246.444,4615.556,4769.083
4838.267,5598.556,5661.875,5145.444,5064.333,4564.444,4746.000
4870.667,5494.222,6057.250,5283.667,5042.444,4633.556,4792.000
4767.467,5439.778,5792.875,5165.444,5116.000,4536.556,4721.167
4794.133,5504.222,5887.625,5190.556,5258.111,4535.444,4722.250
4809.133,5436.556,5933.125,5238.444,5171.222,4689.111,4757.417
4854.000,5384.778,5810.625,5123.444,5106.889,4688.556,4695.167
4813.667,5500.333,5947.500,5245.556,5132.222,4674.556,4785.917
4795.867,5524.556,5941.000,5104.111,5215.222,4718.333,4837.167
4980.333,5445.444,5858.500,5045.111,5129.111,4701.556,4760.250
5021.067,5476.778,5766.875,5142.556,5104.778,4642.667,4811.333
4924.733,5490.889,6001.625,5238.222,5092.000,4664.778,4800.583
4885.467,5612.778,5889.625,5162.000,5161.889,4636.222,4759.000
4829.400,5388.222,5743.625,5199.000,4997.333,4519.556,4696.083
4826.467,5509.444,5641.000,5127.556,5045.556,4674.778,4808.083
4803.667,5608.333,5834.500,5099.222,5234.556,4744.889,4739.917
4851.067,5442.000,6008.125,5236.889,5195.556,4561.111,4767.333
4758.800,5393.000,5884.250,5128.111,5177.333,4563.667,4747.333
4925.000,5541.000,5895.000,5310.333,4895.889,4609.556,4736.917
4777.800,5574.333,5914.000,5110.444,5299.333,4661.000,4800.167
4819.800,5472.444,5952.125,5246.444,5122.333,4585.222,4690.417
4811.200,5483.333,5849.000,5173.444,5139.778,4642.778,4681.250
4836.733,5554.556,5884.500,5226.333,5188.667,4663.778,4816.500
4840.733,5373.111,5870.375,5290.111,5057.444,4539.222,4730.750
4752.667,5353.222,5912.125,5166.000,5131.556,4712.444,4766.083
4796.333,5612.444,6011.500,5151.889,5209.333,4588.444,4795.833
4773.333,5492.333,5817.375,5070.778,5132.667,4564.556,4800.750
4887.800,5549.889,5789.750,5121.111,5236.000,4680.667,4714.250
4962.333,5290.667,5762.000,5190.222,5285.556,4461.000,4749.583
4900.000,5415.111,5957.625,5155.000,5101.778,4703.889,4665.667
4824.400,5469.556,5923.875,5149.333,5236.667,4575.000,4808.750
4778.400,5459.889,5859.000,5210.889,5172.667,4717.111,4724.667
4844.133,5461.889,5970.125,5054.222,5205.667,4560.778,4940.417
4794.867,5381.111,5804.875,5169.111,5224.222,4561.778,4803.000
4776.333,5477.444,5760.750,5169.222,4980.000,4652.111,4718.083
4891.200,5532.111,5774.500,5178.556,5137.222,4594.667,4720.333
4810.600,5571.000,5749.500,5242.444,5190.444,4680.889,4611.167
4777.000,5448.333,5854.250,5127.000,5047.778,4744.556,4803.583
4796.133,5398.444,5931.625,5092.000,5160.111,4600.556,4757.083
4747.733,5445.222,5831.000,5229.444,5211.556,4655.222,4730.167
4796.000,5320.222,5866.000,5095.111,5145.889,4580.333,4691.667
4870.133,5487.444,5731.375,5034.111,4987.333,4608.111,4785.000
4801.600,5529.111,5852.875,5120.889,5115.889,4628.556,4853.583
4824.467,5416.333,5844.625,5089.778,5106.444,4667.444,4796.250
4808.333,5614.889,5826.125,5222.778,5290.222,4597.000,4810.250
4864.067,5465.444,5845.375,5074.333,5086.667,4638.000,4793.417
4869.400,5464.667,5860.500,5208.111,5119.556,4607.000,4766.500
4799.800,5498.778,5875.750,5063.000,5219.444,4583.333,4703.500
4798.867,5540.556,5869.000,5232.778,5104.778,4583.000,4677.167
4830.600,5598.444,5747.375,5135.778,5259.333,4623.333,4774.833
4876.467,5412.556,5765.000,5173.333,5295.333,4675.111,4772.917
4792.800,5381.000,5751.875,5015.889,5109.444,4672.000,4726.750
4786.600,5467.778,5844.500,5161.556,5159.889,4598.556,4722.000
4816.467,5535.556,5952.750,5100.444,5299.333,4623.778,4817.917
4853.267,5547.000,5895.125,5308.778,5342.222,4693.111,4866.417
4825.533,5363.111,5959.875,5169.111,5133.667,4446.000,4673.000
4830.133,5488.778,5733.000,5161.556,5137.889,4739.333,4652.250
4647.467,5554.222,5951.500,5014.222,5230.444,4538.333,4802.333
4819.333,5445.556,5921.750,5046.444,5242.111,4563.333,4786.417
4834.667,5409.556,5843.750,5173.556,5145.444,4608.556,4724.750
4838.800,5390.000,5836.625,5175.889,5103.889,4644.111,4834.833
4811.800,5503.222,5992.625,5070.667,5120.889,4671.222,4820.500
4817.933,5390.333,5737.000,5018.778,5158.111,4640.778,4704.333
4906.733,5561.667,5918.625,5245.111,5177.889,4539.889,4709.417
4852.467,5476.889,5826.625,5321.222,5209.333,4526.000,4881.583
4771.733,5574.778,5959.250,5095.222,5216.111,4564.444,4645.167
4828.400,5454.889,5801.750,5198.667,5209.778,4676.222,4722.000
4783.400,5396.444,5880.750,5202.444,5158.667,4499.556,4767.500
4845.667,5584.111,5820.375,5152.111,5105.778,4592.778,4678.667
4823.933,5521.556,5800.000,5095.000,5093.111,4639.889,4758.667
4808.067,5399.667,5703.500,5132.778,5041.333,4642.111,4789.083
4877.933,5519.556,5904.125,5212.000,5153.111,4708.444,4857.167
4819.933,5405.333,5958.250,5131.222,5159.778,4573.333,4777.417
4808.000,5558.000,5725.500,5104.444,5194.333,4736.556,4807.083
4736.000,5462.556,5889.125,5161.778,5178.222,4599.778,4770.167
4743.333,5280.444,5959.125,5105.000,5059.222,4591.667,4661.250
4830.533,5456.778,6063.875,5247.111,5177.667,4668.000,4786.167
4776.733,5452.444,5780.500,5172.000,5144.556,4702.000,4735.417
4855.333,5379.000,5657.500,5077.667,5144.667,4591.667,4764.000
4847.000,5361.889,5904.500,5099.222,5160.111,4593.778,4811.750
4841.600,5395.000,5877.875,5106.556,5158.667,4697.889,4630.250
4899.267,5463.889,5947.000,5075.667,5197.000,4813.444,4803.833
4841.400,5341.556,5878.625,5045.000,5101.889,4618.111,4790.833
4794.333,5351.222,5744.875,4995.667,5219.667,4548.667,4780.750
4877.733,5467.667,5854.125,5109.444,5180.111,4601.111,4807.583
4835.267,5545.333,5770.625,5145.333,5046.778,4539.889,4734.167
4789.000,5616.889,5917.375,5271.444,5243.000,4668.667,4871.250
4790.467,5369.000,5816.125,5097.889,5131.333,4683.778,4741.083
4877.800,5351.889,5919.875,5089.111,5155.222,4544.000,4635.583
4891.133,5425.111,5999.875,5320.222,5150.667,4536.222,4881.333
4761.467,5453.889,5932.375,5111.889,5033.111,4571.778,4751.250
4848.667,5474.556,5937.500,5120.889,5060.222,4694.222,4754.167
4787.000,5409.667,5894.625,5276.333,5128.667,4526.000,4670.500
4868.733,5510.333,5777.500,5180.556,5193.111,4579.556,4876.667
4798.133,5487.444,5711.125,4906.556,5172.444,4496.111,4778.417
4768.000,5415.556,5975.875,5037.778,5234.889,4484.444,4732.917
4913.800,5506.667,5896.875,5074.000,5183.556,4717.667,4787.833
4841.933,5493.333,5850.625,4999.444,5190.444,4509.444,4782.083
4832.533,5381.111,5831.000,5234.667,5174.667,4626.000,4809.917
4717.067,5391.444,5787.500,5102.556,5166.444,4762.000,4707.500
4806.067,5627.778,5849.750,5049.333,5123.556,4625.889,4800.500
4937.667,5393.000,5684.125,5063.556,5028.444,4630.111,4733.667
4833.067,5482.778,5968.875,5165.667,5254.667,4689.667,4685.667
4866.000,5441.778,5693.000,5199.556,5183.778,4546.333,4769.917
4700.733,5484.556,5913.625,4971.667,5056.000,4572.778,4788.750
4820.200,5392.889,5854.250,5203.222,5187.000,4556.222,4732.833
4856.000,5450.222,5859.500,5024.667,5042.444,4615.444,4809.333
4844.933,5549.111,5946.375,5121.222,5288.111,4507.778,4839.167
4858.933,5392.889,5820.000,5127.000,5068.000,4712.889,4840.333
4812.733,5425.778,5674.125,5122.778,5150.889,4702.222,4735.167
4848.667,5451.222,5996.000,5120.222,5078.778,4630.333,4772.917
4741.333,5604.556,6045.375,5085.667,5066.556,4647.333,4947.667
4843.067,5352.111,5865.000,5038.889,5193.111,4573.222,4682.083
4820.533,5644.889,5883.250,5216.333,5120.556,4594.000,4828.500
4806.800,5486.444,5979.625,5032.444,5027.778,4619.333,4795.333
4891.933,5486.000,5914.500,5182.222,5252.333,4492.222,4836.667
4890.000,5518.222,5740.875,5230.444,5066.222,4524.000,4693.667
4863.467,5479.000,5770.875,5265.556,5122.444,4465.222,4661.417
4783.067,5435.778,5837.125,5096.333,5205.000,4738.222,4834.083
4870.267,5513.444,5694.750,5071.889,5116.222,4659.667,4834.000
4920.267,5526.444,5876.125,4961.778,5152.444,4577.111,4788.250
4785.267,5415.333,5858.375,4963.444,5094.667,4631.444,4792.583
4881.533,5516.111,5878.875,5122.111,5081.222,4583.889,4742.667
4806.867,5331.222,5948.375,5149.222,5193.778,4704.222,4702.000
4887.067,5367.556,5764.750,5176.000,5047.556,4594.000,4783.500
4843.667,5462.667,5808.500,5095.889,5071.444,4528.222,4772.917
4850.400,5368.000,5933.625,5319.778,5220.556,4710.222,4696.750
4816.067,5370.444,5886.000,5098.778,5278.556,4626.667,4747.750
4858.533,5391.444,5805.500,4994.889,5095.667,4599.778,4797.750
4842.067,5512.111,5814.375,4999.667,5209.444,4530.000,4832.250
4871.800,5581.889,5659.750,5189.444,5112.667,4659.000,4643.333
4744.133,5446.778,5903.875,5223.444,5192.556,4549.667,4726.833
4847.867,5483.778,5841.750,4982.556,5096.000,4571.333,4860.083
4806.867,5534.333,5883.250,4992.222,5193.444,4520.000,4762.500
4864.933,5552.667,6070.625,5044.667,5225.333,4577.444,4772.000
4749.867,5397.111,5779.375,5098.667,5143.667,4574.333,4687.917
4798.667,5461.111,5874.875,5160.667,5240.778,4688.222,4758.333
4774.600,5258.667,5972.375,5204.556,5118.778,4650.556,4749.417
4798.000,5421.333,5830.750,5208.667,5217.444,4647.333,4865.833
4810.000,5377.333,5938.000,5082.111,5263.444,4633.556,4768.500
4860.200,5407.333,5741.000,5135.444,5037.778,4557.556,4669.750
4805.067,5589.889,5759.250,5132.111,5134.000,4566.111,4781.417
4830.467,5517.667,5895.625,5055.667,5112.778,4640.222,4678.083
4928.400,5450.222,5710.875,5136.333,5224.444,4560.444,4680.583
4856.200,5271.667,6018.000,5128.000,5121.778,4481.556,4630.333
4792.733,5436.222,5727.125,5058.222,5150.667,4584.667,4757.417
4775.133,5206.111,5902.875,5130.667,5101.000,4507.222,4785.083
4738.800,5551.556,5954.625,5116.111,5163.778,4504.333,4767.250
4782.133,5355.111,5873.625,5024.111,5210.556,4636.667,4762.083
4726.933,5471.000,5914.875,4961.333,5116.556,4674.111,4687.750
4806.267,5503.889,5956.250,5207.222,5148.444,4615.000,4837.417
4766.867,5475.556,5810.000,5136.778,5170.444,4419.111,4745.917
4854.733,5460.778,5781.500,5213.333,5134.556,4510.444,4732.333
4780.667,5536.111,5939.000,4954.889,4964.667,4492.333,4668.167
4841.200,5420.889,5628.375,5243.000,5283.444,4531.444,4776.417
4871.000,5434.111,5822.000,5118.444,5046.556,4690.000,4748.333
4894.267,5573.222,5925.875,5158.333,5058.667,4742.333,4782.417
4833.267,5564.444,5940.250,5046.222,4981.556,4584.444,4801.583
4846.200,5476.444,5743.875,5056.889,5126.000,4563.444,4691.417
4754.667,5600.778,5997.250,5247.889,5073.222,4600.444,4753.667
4731.267,5396.889,5820.875,5044.111,5170.444,4555.333,4844.833
4872.800,5435.889,5866.125,5184.333,5165.000,4700.111,4697.250
4767.000,5459.778,5934.375,5040.667,4992.222,4680.111,4782.500
4899.067,5498.889,5847.375,5091.333,5147.000,4519.111,4788.167
4837.467,5490.667,5870.625,5066.111,5032.000,4552.889,4754.917
4848.133,5379.000,5788.750,5119.556,5026.889,4560.667,4852.667
4782.000,5476.000,6006.250,5181.778,5182.889,4597.889,4736.750
4777.400,5395.111,5817.750,5237.556,5131.444,4530.556,4731.750
4778.867,5496.889,5721.250,5002.778,5147.111,4533.667,4807.083
4787.667,5477.111,5670.500,5055.222,5065.778,4597.778,4900.083
4749.600,5430.333,5802.875,5150.889,5065.778,4590.111,4762.667
4792.600,5414.222,5790.750,5048.000,5102.000,4636.000,4726.250
4848.200,5453.000,5805.000,5096.667,5159.333,4703.333,4803.250
4846.000,5534.333,5835.500,5095.333,5103.333,4550.556,4784.917
4913.733,5492.000,5716.875,5081.111,5235.000,4677.222,4610.667
4778.467,5338.778,5922.250,5225.000,5142.000,4641.111,4812.583
4837.067,5539.889,5887.125,5074.444,5028.111,4720.000,4674.750
4803.067,5498.000,5851.125,5204.222,5077.889,4517.889,4778.583
4829.800,5434.778,5828.625,5076.222,5004.778,4581.667,4740.917
4758.667,5491.111,5837.000,5089.444,5172.778,4583.222,4794.500
4823.867,5370.000,5768.125,5172.778,5087.111,4624.000,4804.000
4797.733,5453.000,5736.750,5275.778,5116.444,4643.889,4826.167
4822.133,5353.889,5859.375,5144.778,5087.111,4547.889,4637.167
4730.933,5478.667,5682.500,5148.333,5117.111,4739.333,4791.250
4839.933,5456.778,5840.875,5167.333,5118.111,4647.667,4871.583
4747.533,5461.778,5837.250,5111.222,5091.111,4651.778,4729.083
4837.267,5444.111,5885.625,5164.556,5187.778,4619.222,4655.167
4878.333,5416.778,5822.000,5197.111,5079.111,4605.556,4697.167
4763.067,5367.667,5784.500,5059.111,5085.000,4574.778,4738.083
4810.000,5432.111,5812.750,5186.889,5048.889,4645.778,4721.583
4843.067,5497.111,5718.375,5112.778,5094.111,4631.333,4712.917
4869.467,5367.444,5823.500,5081.444,5134.778,4429.778,4723.083
4866.800,5217.556,5811.000,5196.889,5152.222,4557.556,4704.000
4846.467,5520.889,5847.875,5214.111,5055.667,4540.333,4881.417
4917.533,5430.778,5834.250,5008.000,5138.556,4701.333,4697.667
4776.000,5509.556,5707.125,5054.111,5083.556,4474.000,4827.500
4772.267,5546.778,5822.250,5050.444,5091.333,4663.444,4738.250
4829.600,5607.889,5817.500,5074.111,5053.556,4640.111,4766.917
4788.400,5469.778,5871.875,5070.000,5219.222,4560.111,4773.167
4795.867,5465.556,5744.625,5062.889,5204.444,4648.333,4723.083
4831.000,5370.778,5907.375,5100.444,5362.556,4616.444,4642.500
4813.333,5385.556,5879.375,5051.222,5191.778,4456.667,4749.583
4679.400,5498.667,5795.500,5017.000,5207.556,4611.444,4753.000
4837.333,5456.333,5933.250,5116.000,5130.889,4705.444,4823.583
4791.267,5396.889,5759.500,4987.778,5062.889,4602.333,4783.167
4856.533,5403.667,5859.750,5110.778,5080.778,4571.111,4754.083
4732.467,5359.556,5828.125,5153.556,4961.222,4715.889,4866.167
4787.933,5399.111,6010.625,5181.778,5126.778,4565.000,4724.417
4719.667,5453.667,5956.750,5077.667,5088.222,4746.778,4733.500
4829.733,5510.556,5716.250,5081.222,5177.000,4705.222,4733.833
4846.067,5366.111,5960.000,5031.111,5111.667,4598.222,4828.333
4846.733,5415.000,5831.000,5156.222,5066.778,4453.778,4741.500
4744.200,5515.556,5809.750,5067.778,5081.778,4601.667,4714.333
4799.600,5437.333,5834.000,5061.889,5253.556,4632.333,4645.500
4744.533,5451.778,5761.125,4917.556,5197.889,4530.889,4816.083
4879.533,5377.556,5803.375,5020.444,5015.333,4638.333,4819.750
4793.600,5486.333,5866.875,5068.222,5095.333,4611.667,4754.750
4773.067,5327.333,5878.625,5159.333,5162.111,4532.000,4839.750
4804.533,5393.222,5889.500,5166.333,5109.333,4552.000,4794.833
4754.600,5440.778,5998.250,5081.000,5125.889,4460.333,4761.667
4879.000,5403.333,5982.625,5051.333,5138.444,4543.556,4692.083
4762.800,5493.000,5932.500,5230.222,5141.444,4529.778,4772.750
4785.600,5329.222,5868.625,5214.333,5168.556,4694.667,4752.333
4801.667,5437.667,5860.000,5180.333,5063.111,4466.889,4726.083
4867.867,5378.444,5802.750,5016.333,5096.556,4672.444,4693.000
4772.467,5492.667,5937.500,5098.000,5187.333,4483.444,4730.917
4847.733,5459.111,5835.000,4982.222,5080.444,4699.778,4740.667
4727.067,5385.333,5944.375,4976.111,4957.333,4557.778,4701.833
4713.733,5375.333,5668.125,5188.667,5158.556,4592.333,4766.917
4657.000,5353.556,5949.250,5164.111,5120.556,4564.444,4776.167
4820.933,5323.000,5913.500,5212.222,5172.222,4551.111,4772.167
4786.667,5597.444,5835.375,5204.111,5088.556,4515.111,4783.833
4959.867,5463.333,5859.000,5166.111,5307.889,4569.111,4728.083
4831.133,5424.556,5904.375,5096.000,5102.333,4580.000,4710.917
4796.267,5531.222,5854.750,5206.667,5213.111,4544.000,4756.250
4864.533,5345.111,5749.250,5183.444,5017.556,4649.778,4791.167
4794.533,5537.000,5607.750,5205.222,5127.111,4606.667,4830.083
4744.933,5362.889,5814.250,4973.111,5229.444,4575.667,4720.833
4800.267,5273.778,5591.750,5041.000,5156.222,4667.333,4714.417
4820.733,5465.778,5766.750,5023.222,5057.667,4553.111,4833.500
4844.067,5460.667,5851.125,5212.778,5103.667,4598.556,4694.167
4862.400,5399.667,5781.875,5042.333,4976.222,4453.667,4664.083
4831.867,5472.222,5846.750,5280.333,5113.333,4648.889,4629.250
4834.333,5486.333,5931.000,5067.778,5106.444,4556.222,4783.667
4783.267,5522.000,5839.500,5152.000,5167.000,4660.111,4812.500
4791.867,5435.778,5814.250,5111.333,5131.111,4629.333,4761.667
4801.467,5613.111,5879.125,5024.222,5085.222,4654.778,4801.333
4798.533,5353.111,5716.375,5151.444,4978.000,4584.444,4787.083
4750.067,5340.111,5800.250,5098.222,5014.000,4604.111,4730.083
4886.867,5553.111,5637.500,5035.444,5175.000,4690.222,4801.250
4753.067,5455.000,5770.625,5077.667,5056.111,4556.111,4641.250
4807.800,5402.889,5771.375,5071.333,5156.000,4577.778,4800.417
4861.533,5477.000,5788.500,4985.000,5042.000,4614.778,4775.417
4812.867,5358.333,5800.500,5052.889,5121.667,4729.778,4796.583
4797.933,5381.000,5898.500,5089.778,5113.667,4629.778,4707.083
4801.667,5371.444,5823.500,5216.556,5174.889,4609.222,4719.333
4816.533,5462.889,5768.875,4898.222,5115.333,4613.111,4839.917
4782.867,5375.889,5837.375,5098.667,5156.000,4463.000,4785.667
4948.933,5467.222,5749.875,5126.889,5027.556,4588.111,4816.250
4714.200,5528.444,5901.875,5053.778,5156.000,4465.556,4851.000
4758.800,5421.222,5755.750,4941.333,5190.556,4632.222,4714.500
4826.133,5382.556,5911.500,5189.333,5033.000,4488.333,4853.500
4745.733,5476.778,5819.750,5142.889,5072.778,4611.111,4768.083
4795.533,5409.778,5751.000,5196.333,4889.000,4521.333,4763.333
4803.333,5460.667,5853.375,5129.111,5168.444,4530.778,4669.000
4786.267,5518.667,5803.125,5082.000,5125.000,4593.889,4734.417
4846.667,5491.111,5703.000,5152.333,5040.000,4678.667,4751.917
4797.667,5324.778,5682.625,5148.778,5032.444,4626.000,4768.917
4809.400,5429.333,5819.250,5123.000,5239.556,4491.222,4828.000
4805.000,5500.556,5802.250,5052.333,5069.667,4532.889,4727.750
4856.933,5326.556,5823.625,5241.556,5078.111,4677.889,4727.500
4867.933,5498.778,5756.375,5060.000,5041.556,4570.333,4672.250
4695.333,5465.111,5764.500,5117.556,5168.000,4646.889,4656.250
4840.867,5409.000,5801.750,5036.111,5055.222,4577.667,4753.167
4697.933,5340.889,5751.750,4918.000,5018.444,4455.889,4684.167
4846.600,5327.667,5870.250,5019.444,5264.556,4538.556,4721.250
4817.600,5446.889,5883.625,5096.222,5156.333,4661.000,4799.750
4850.933,5455.000,5924.625,5083.000,5255.778,4498.333,4730.167
4788.667,5636.778,5964.500,5071.222,5079.667,4627.667,4690.083
4817.267,5402.000,5603.125,5037.444,5377.778,4703.222,4661.667
4746.000,5449.889,5737.500,5082.444,5119.222,4441.000,4889.667
4821.333,5400.000,5818.250,5088.000,4978.000,4563.000,4770.667
4836.000,5477.444,5674.750,5105.667,4960.222,4462.778,4576.667
4809.867,5604.667,5705.875,5189.444,5104.667,4570.667,4749.250
4816.533,5521.778,5849.375,4999.111,5131.111,4692.111,4699.000
4715.867,5385.111,5922.000,5060.444,5240.222,4625.889,4810.500
4765.467,5477.333,5667.875,5090.222,4914.444,4595.000,4820.000
4807.267,5422.222,5664.250,5029.778,4997.000,4586.556,4791.333
4851.600,5474.444,5955.000,5147.444,5183.889,4540.778,4755.000
4927.400,5331.222,5635.250,5179.222,5150.000,4576.000,4792.167
4877.067,5513.778,5700.625,5069.556,5083.333,4617.556,4705.917
4729.067,5432.333,5792.375,5246.333,5056.222,4705.000,4679.250
4779.333,5399.222,5762.125,5109.444,5105.000,4525.556,4822.417
4850.333,5278.778,5673.625,5120.333,5101.222,4464.222,4802.083
4768.533,5354.222,5865.125,5098.111,5078.333,4512.444,4674.000
4814.667,5306.444,5947.500,4988.667,5065.000,4592.222,4676.500
4781.600,5392.333,5691.750,5186.333,5287.667,4645.889,4729.500
4895.600,5411.222,5677.750,5124.000,5148.444,4620.333,4760.250
4791.000,5410.778,5809.375,5132.111,5143.222,4593.667,4715.750
4857.467,5442.778,5773.625,5144.667,5220.556,4635.889,4859.583
4842.000,5454.444,5757.750,5210.111,5160.556,4597.000,4746.167
4751.400,5461.444,5675.250,5086.111,5006.000,4657.333,4723.333
4764.933,5409.111,5618.375,5160.222,5083.556,4545.222,4740.083
4820.733,5383.333,5879.375,5180.556,5271.889,4531.111,4681.500
4790.467,5402.667,5748.500,4822.556,5043.333,4527.889,4739.167
4708.533,5349.111,5739.500,5114.444,4974.667,4545.222,4846.500
4653.000,5425.556,5957.625,5183.111,5105.667,4735.222,4698.333
4741.467,5608.889,5627.375,5240.111,4995.667,4650.111,4681.167
4874.933,5437.000,5827.125,5013.556,5094.000,4622.444,4723.750
4804.400,5368.889,5896.625,5009.889,5054.000,4582.333,4636.667
4856.533,5351.556,5878.250,5258.889,5218.111,4606.444,4710.333
4846.000,5319.889,5598.625,5149.444,5105.444,4570.111,4724.250
4696.200,5489.556,5673.250,5000.556,5130.222,4480.333,4737.333
4938.133,5433.556,5808.125,5011.667,5071.667,4637.667,4697.250
4700.533,5345.000,5799.750,5127.333,5158.778,4465.000,4731.500
4751.600,5341.556,5808.125,5137.000,5089.556,4613.222,4744.583
4864.267,5657.111,5774.625,5074.778,5029.889,4693.889,4780.083
4894.400,5337.556,5880.375,5006.778,4939.333,4549.444,4605.667
4792.000,5399.111,5767.250,5117.111,5237.222,4586.778,4691.583
4916.267,5512.111,5753.875,5092.111,5218.222,4562.667,4886.000
4817.467,5470.111,5725.000,5167.667,4968.556,4713.111,4702.917
4861.267,5391.556,5490.250,5028.111,4922.778,4570.444,4753.250
4932.400,5453.778,5743.625,4995.556,5149.444,4606.111,4662.000
4893.067,5413.333,5829.250,5004.222,5090.889,4503.111,4663.583
4696.200,5433.333,5653.000,5110.222,5172.222,4504.778,4889.167
4749.533,5367.111,5800.875,5045.000,5132.333,4547.444,4856.250
4821.400,5390.889,5845.250,4940.667,5188.000,4575.667,4806.583
4771.400,5345.556,5751.000,5154.333,5109.556,4551.889,4820.583
4921.333,5449.444,5730.625,5084.111,5028.778,4578.333,4834.250
4774.333,5362.667,5718.500,4950.889,5113.889,4508.333,4781.750
4740.000,5514.667,5831.750,5025.889,5225.000,4604.111,4664.417
4853.333,5379.111,5661.125,5040.667,5045.111,4590.556,4821.583
4779.200,5434.000,5848.625,5050.333,5039.556,4743.222,4687.500
4868.400,5413.889,5815.000,5114.222,5084.889,4404.444,4687.750
4710.733,5415.222,5712.375,4939.333,5060.667,4447.222,4671.667
4823.467,5616.444,5792.750,5119.778,5023.889,4658.000,4655.083
4741.400,5527.111,5710.625,5016.889,4963.667,4543.778,4809.000
4812.733,5356.778,5761.250,5177.000,5131.444,4493.778,4727.333
4653.267,5526.333,5664.875,5189.667,5043.111,4592.667,4815.083
4778.267,5443.000,5782.375,5088.778,5091.444,4499.000,4720.667
4867.867,5437.000,5676.625,5073.778,5058.889,4633.222,4781.500
4800.733,5369.889,5632.000,4992.778,5157.889,4507.889,4703.750
4753.800,5461.667,5614.625,4967.111,5043.111,4603.667,4834.083
4845.267,5372.556,5522.625,5041.667,5171.667,4472.667,4685.333
4694.600,5481.333,5596.625,5113.778,5080.111,4542.444,4662.833
4855.067,5367.444,5668.250,5071.444,5075.778,4547.000,4761.833
4755.200,5448.222,5796.000,5060.444,5013.778,4622.333,4744.167
4771.200,5362.333,5690.125,4961.667,5129.222,4666.889,4775.500
4752.333,5358.444,5690.625,5101.667,4976.556,4417.667,4707.083
4812.333,5333.000,5780.875,5048.111,5210.222,4565.778,4743.333
4774.533,5423.000,5730.125,5099.222,5189.000,4643.333,4763.667
4789.400,5461.222,5738.875,5065.556,5132.333,4539.667,4655.750
4747.067,5499.889,5726.000,5111.889,5060.889,4496.444,4631.667
4944.667,5335.333,5608.875,5031.778,5109.444,4460.444,4724.833
4802.400,5544.222,5772.000,5087.667,5118.556,4468.556,4705.750
4756.400,5502.000,5784.375,5079.778,5031.778,4625.444,4709.917
4761.667,5322.556,5796.250,5036.556,5091.778,4664.222,4723.333
4848.067,5400.778,5676.250,4984.889,4982.444,4577.444,4708.000
4784.000,5265.111,5772.375,5063.444,5096.000,4497.111,4644.000
4836.533,5413.778,5707.625,5065.667,5071.556,4489.000,4651.750
4753.333,5390.111,5785.875,4962.111,5074.444,4624.667,4754.500
4727.267,5376.111,5772.250,5040.000,4924.000,4594.333,4618.667
4788.067,5345.778,5569.000,4978.667,4986.667,4557.000,4644.417
4727.867,5516.889,5614.500,4905.000,5043.222,4520.111,4651.583
4757.667,5235.778,5580.000,4944.444,4944.333,4770.333,4703.500
4828.267,5177.222,5586.250,5069.333,5018.889,4571.444,4683.917
4766.400,5286.111,5662.125,5063.889,5104.444,4526.556,4743.833
4815.267,5417.778,5754.375,5110.333,5013.000,4662.222,4655.000
4696.267,5323.000,5631.000,5013.778,5010.556,4518.778,4644.333
4769.000,5344.222,5591.375,5088.111,5063.000,4587.556,4674.417
4755.867,5345.556,5641.375,4936.556,5036.889,4647.444,4620.167
4661.867,5321.333,6012.125,4918.222,5043.778,4500.333,4661.167
4794.667,5337.778,5709.000,5046.667,4965.000,4580.667,4635.500
4771.933,5251.889,5587.875,4908.556,5038.889,4585.000,4751.083
4879.533,5286.667,5593.125,5182.556,4954.222,4529.778,4640.083
4723.467,5378.000,5606.000,5052.111,5117.778,4636.667,4799.250
4818.933,5363.333,5805.875,5075.556,5006.556,4529.556,4780.667
4769.667,5415.667,5722.250,5040.889,5059.222,4598.000,4856.333
4809.200,5219.333,5576.875,5007.444,4997.333,4605.222,4769.083
4750.667,5240.111,5536.500,4913.889,5134.222,4531.111,4684.000
4772.133,5369.556,5509.125,4962.000,5043.556,4588.556,4723.417
4667.533,5458.111,5615.000,4980.778,5084.000,4562.222,4632.500
4762.400,5375.889,5679.250,5088.667,4978.556,4696.444,4696.083
4748.867,5337.222,5698.250,4946.333,5017.778,4591.222,4732.917
4806.333,5329.444,5772.750,5078.222,5040.111,4446.778,4701.333
4708.200,5450.556,5622.625,5127.889,4920.222,4404.222,4715.083
4773.200,5383.111,5709.250,4929.667,4854.333,4526.556,4748.000
4826.133,5261.889,5775.000,4989.333,5046.556,4522.556,4766.667
4770.000,5399.111,5620.375,5132.778,5052.111,4520.333,4711.000
4775.867,5361.778,5731.125,4900.111,4987.444,4633.889,4585.667
4668.800,5367.556,5863.125,4959.000,4970.111,4486.778,4759.917
4813.067,5289.000,5784.750,5114.000,4974.000,4630.778,4738.667
4712.533,5310.667,5762.125,5040.667,4938.667,4562.778,4695.167
4716.467,5323.333,5899.875,5110.889,4927.556,4489.556,4695.917
4699.733,5547.222,5610.875,4973.667,5094.222,4444.889,4691.000
4727.267,5446.667,5604.625,4955.111,5164.667,4632.667,4642.083
4762.133,5506.222,5848.500,5002.556,5114.778,4552.000,4667.167
4834.133,5379.000,5721.875,5004.222,5064.444,4519.556,4637.417
4683.000,5267.778,5719.375,4870.333,5026.556,4474.667,4652.917
4709.533,5396.000,5612.625,4992.333,4898.222,4513.667,4651.833
4728.333,5478.111,5632.500,5021.000,4931.778,4628.000,4802.333
4779.133,5385.222,5500.000,4986.333,5094.333,4520.556,4776.667
4682.533,5390.778,5713.750,4935.667,4976.778,4531.889,4650.000
4780.800,5336.444,5488.625,5006.556,5008.667,4581.222,4754.000
4634.600,5243.556,5622.125,4972.333,5054.444,4556.222,4743.167
4776.733,5349.111,5561.000,5014.889,4991.778,4485.667,4737.000
4707.867,5330.111,5521.750,5110.556,4969.778,4385.333,4716.917
4845.267,5249.667,5681.750,5073.667,5053.444,4570.333,4742.667
4882.400,5233.111,5718.750,4950.444,5159.667,4441.667,4727.083
4731.200,5390.000,5674.125,4923.333,4953.889,4538.222,4606.667
4725.333,5359.444,5744.750,5036.111,5184.778,4372.000,4648.833
4853.400,5258.556,5579.625,4982.444,4963.667,4614.222,4655.500
4701.400,5388.444,5698.375,4945.889,5130.667,4550.000,4712.917
4740.333,5385.222,5673.000,5044.222,4979.889,4508.111,4673.333
4806.867,5396.889,5691.375,5071.667,5043.667,4529.889,4724.500
4772.467,5401.889,5723.750,4973.556,5027.667,4567.000,4601.083
4836.200,5436.333,5646.750,5045.333,5034.222,4534.556,4707.083
4769.733,5412.667,5860.000,5026.000,5160.333,4734.111,4758.083
4728.933,5321.556,5523.875,5002.556,5001.556,4596.000,4668.250
4598.533,5265.667,5679.500,4934.444,4890.333,4542.222,4720.000
4685.667,5529.556,5556.250,4967.444,4904.000,4503.333,4770.667
4766.467,5294.667,5734.125,4890.889,4984.778,4469.444,4729.583
4750.133,5382.889,5854.750,4968.556,4991.556,4526.667,4640.250
4687.000,5224.222,5692.125,5092.111,5033.333,4588.889,4735.917
4720.933,5347.111,5676.125,5006.222,4995.667,4463.667,4734.333
4679.333,5332.667,5629.625,5068.000,4975.222,4452.778,4725.167
4676.733,5375.111,5656.125,4985.000,4990.000,4633.778,4664.667
4748.667,5253.556,5571.000,5100.556,4893.444,4503.000,4658.083
4737.400,5401.000,5561.625,5046.111,4965.667,4505.222,4679.833
4769.867,5352.111,5564.250,5025.444,4906.667,4518.444,4670.167
4718.133,5276.667,5769.000,5061.444,5102.556,4511.556,4503.917
4763.000,5231.111,5661.875,5008.222,5088.333,4606.778,4680.583
4725.533,5327.889,5684.500,4903.667,5047.889,4461.889,4722.500
4767.667,5390.778,5762.000,5090.556,4959.111,4600.444,4571.250
4766.867,5242.444,5584.250,5018.222,4912.000,4553.222,4790.833
4656.267,5453.444,5671.750,5071.778,4970.111,4492.444,4681.417
4558.600,5384.556,5784.000,4992.000,5021.444,4527.444,4640.917
4713.200,5399.333,5612.250,4985.778,4977.667,4498.667,4765.083
4795.400,5366.222,5481.500,5115.444,4887.444,4434.556,4767.750
4651.333,5298.333,5550.250,5086.667,4977.667,4456.000,4720.250
4768.400,5362.222,5718.125,4994.222,5072.444,4464.222,4751.000
4724.067,5410.000,5353.125,4923.556,5103.889,4529.778,4594.833
4717.733,5311.111,5636.625,5180.889,4966.778,4501.444,4694.000
4796.333,5386.444,5618.875,5022.667,5058.111,4506.222,4742.333
4705.200,5361.111,5701.000,5069.333,4960.667,4530.556,4725.583
4738.600,5324.222,5627.250,5079.556,5062.778,4508.000,4720.083
4703.533,5252.000,5710.000,4977.667,4959.222,4482.111,4645.083
4772.933,5247.667,5661.250,5062.556,4978.778,4492.889,4593.000
4737.600,5432.222,5694.750,4914.333,5019.444,4524.111,4760.333
4699.867,5214.889,5677.125,4974.667,5008.444,4447.556,4609.917
4699.733,5333.667,5684.250,5138.000,5086.444,4414.333,4692.667
4690.600,5388.444,5638.875,5044.889,5020.333,4547.000,4606.167
4794.667,5238.000,5736.625,5047.111,5047.111,4492.556,4757.667
4708.000,5268.222,5559.000,4992.667,4957.556,4493.667,4670.167
4682.600,5453.000,5774.500,4955.889,5031.222,4565.111,4596.000
4702.467,5337.333,5651.250,5039.556,5033.111,4561.556,4646.250
4708.267,5333.222,5483.375,4994.444,5071.333,4590.556,4635.917
4742.600,5353.444,5646.250,5129.222,5001.444,4452.667,4835.083
4678.800,5348.000,5534.875,4885.556,4997.556,4519.222,4784.000
4745.333,5370.889,5532.875,5215.444,4974.889,4486.333,4671.500
4704.200,5310.111,5707.750,5018.000,5166.111,4502.000,4704.583
4828.067,5231.444,5494.125,5117.111,4986.111,4530.556,4711.583
4739.800,5381.000,5741.500,5082.333,5047.000,4530.111,4775.917
4707.133,5358.000,5583.625,4948.556,5138.667,4501.889,4685.917
4715.200,5419.222,5663.500,4981.000,5071.333,4550.444,4817.833
4748.267,5177.444,5653.875,5035.667,4966.889,4459.111,4744.667
4842.067,5231.222,5646.625,4872.778,4978.556,4458.667,4735.500
4724.600,5423.444,5634.125,4871.000,5006.667,4508.556,4630.833
4823.467,5370.667,5761.125,5119.333,4864.111,4447.222,4767.833
4672.800,5379.000,5533.375,4971.222,5037.111,4650.778,4628.250
4671.533,5256.222,5691.750,5104.333,5002.556,4464.556,4641.583
4764.333,5406.222,5682.250,5126.333,5128.000,4498.889,4701.083
4737.933,5462.667,5664.000,4933.000,4987.444,4388.333,4792.167
4744.667,5374.333,5566.875,4995.556,5117.889,4553.556,4720.667
4735.267,5337.444,5660.750,5040.556,5029.889,4464.222,4578.583
4772.867,5422.333,5642.875,5099.111,5068.222,4542.444,4748.917
4950.067,5410.556,5659.750,4810.667,4918.333,4545.444,4742.250
4664.867,5408.333,5624.375,5040.778,4928.111,4597.889,4763.000
4736.400,5310.111,5524.875,4929.111,4956.556,4455.556,4627.583
4762.400,5227.333,5744.500,4989.667,5108.333,4591.444,4618.667
4702.133,5612.111,5711.125,5003.778,4949.111,4432.222,4673.167
4855.867,5343.000,5605.500,4956.111,4922.778,4625.333,4701.750
4752.067,5300.889,5525.250,5014.889,5045.333,4470.889,4722.083
4777.333,5302.444,5740.750,5039.778,5036.667,4483.667,4685.333
4730.400,5300.778,5713.250,4983.556,4905.889,4442.222,4905.417
4757.067,5342.222,5642.375,5121.222,5099.444,4550.333,4772.083
4645.000,5263.111,5536.000,5033.111,4890.111,4563.000,4711.583
4726.400,5200.778,5773.125,4972.111,4877.111,4451.556,4764.917
4749.400,5227.333,5643.500,5022.111,5077.667,4562.667,4572.333
4759.133,5353.111,5701.250,5140.222,4973.222,4532.000,4707.750
4847.267,5345.667,5588.375,5001.889,5034.111,4531.556,4671.583
4721.467,5302.667,5496.375,5003.333,4919.111,4599.889,4711.583
4828.733,5311.000,5639.875,5092.556,5020.444,4669.667,4723.083
4713.133,5347.111,5627.750,4930.333,5028.000,4527.778,4621.917
4690.200,5351.889,5639.250,5101.556,5007.000,4619.333,4749.000
4682.600,5340.667,5682.750,5053.111,5056.222,4575.667,4704.833
4868.867,5303.222,5480.000,5082.222,5008.000,4476.444,4627.083
4823.867,5307.222,5717.875,5021.667,4989.222,4701.222,4714.250
4754.667,5422.667,5574.000,5102.333,4839.778,4480.667,4660.000
4612.333,5077.222,5595.625,5089.333,4973.667,4494.778,4637.583
4676.333,5210.889,5737.625,5087.444,4915.222,4570.111,4775.583
4719.067,5282.667,5614.125,5043.778,5019.556,4517.111,4702.083
4667.933,5452.444,5655.875,5032.111,5005.889,4481.111,4830.250
4773.267,5364.222,5762.250,5023.667,5196.111,4498.778,4642.667
4764.200,5391.000,5728.500,4891.000,4943.111,4447.333,4693.583
4820.267,5401.222,5562.375,4981.222,5133.778,4560.000,4727.500
4725.667,5434.778,5657.000,5045.556,5132.667,4555.000,4704.000
4743.200,5393.111,5659.250,4820.111,5021.111,4487.222,4710.250
4780.200,5317.222,5580.750,4924.889,4999.111,4523.333,4662.917
4720.467,5347.444,5715.875,5072.000,5247.778,4536.111,4748.500
4713.133,5344.222,5679.500,5087.889,4994.111,4511.000,4710.417
4639.067,5181.333,5710.250,5080.444,4948.778,4559.667,4757.583
4729.600,5361.778,5600.500,5112.222,4949.444,4471.111,4666.833
4787.467,5333.889,5711.750,5080.667,5085.111,4562.222,4747.583
4693.733,5390.000,5713.875,5103.667,4915.889,4594.000,4716.000
4765.267,5396.444,5665.750,5021.444,4932.000,4376.000,4689.000
4803.667,5326.556,5512.625,4979.444,5017.667,4525.333,4684.417
4708.200,5301.778,5726.750,5008.444,4965.111,4419.000,4836.333
4687.200,5363.000,5700.500,5147.556,5018.778,4618.000,4641.417
4773.400,5381.778,5641.375,5052.333,5017.111,4541.111,4761.500
4709.333,5233.111,5513.750,5094.111,5055.111,4518.111,4760.167
4717.200,5265.000,5566.375,5128.889,4836.556,4509.222,4732.083
4736.067,5395.444,5668.750,5137.000,5046.778,4535.667,4787.917
4771.667,5232.333,5569.625,5048.889,4924.111,4574.111,4626.083
4812.600,5360.111,5603.750,4841.556,4904.111,4494.556,4770.000
4817.133,5317.444,5591.625,5013.333,5026.444,4603.556,4723.583
4753.400,5194.000,5715.500,5095.667,5039.889,4537.778,4693.250
4726.267,5398.556,5598.125,5022.667,4986.222,4472.889,4818.750
4730.600,5240.444,5617.875,4993.222,4954.667,4495.667,4636.583
4705.667,5396.333,5580.250,4954.778,4927.444,4424.111,4609.500
4734.800,5304.222,5645.625,4972.111,4868.556,4600.556,4692.083
4687.200,5382.333,5686.875,5064.778,5053.889,4548.444,4747.750
4737.133,5332.000,5665.750,4966.000,4992.667,4418.222,4667.250
4779.467,5254.667,5586.625,5230.444,4904.778,4624.444,4759.833
4789.667,5249.778,5540.875,5031.333,5020.556,4469.778,4708.000
4671.533,5387.333,5510.500,5067.778,5065.222,4504.889,4732.000
4717.400,5281.444,5691.125,4940.778,4955.889,4526.333,4719.583
4670.000,5315.556,5754.500,4955.667,4911.222,4571.333,4785.333
4778.133,5399.111,5703.250,4930.333,4878.333,4458.667,4845.333
4717.067,5278.111,5585.625,5067.889,4838.556,4460.889,4680.000
4851.133,5234.556,5542.875,4894.667,5021.111,4621.111,4745.500
4813.533,5344.444,5678.000,5024.667,5059.889,4430.000,4605.083
4698.800,5328.778,5703.000,5152.444,5066.222,4556.000,4707.667
4754.600,5387.889,5617.875,5052.333,5011.667,4623.778,4731.833
4792.133,5366.333,5478.125,5019.778,5100.111,4547.667,4725.500
4732.467,5230.889,5568.250,4907.889,5003.444,4641.556,4714.833
4802.533,5253.333,5533.750,5074.111,4913.444,4557.000,4627.417
4772.267,5301.778,5703.000,5051.000,4886.111,4493.000,4696.250
4841.333,5245.667,5532.000,4964.889,4930.667,4599.889,4660.833
4756.000,5213.000,5617.625,5030.889,4937.667,4552.333,4657.250
4782.467,5366.889,5567.000,4929.111,4909.778,4522.444,4777.417
4742.867,5436.778,5730.500,4988.333,5042.667,4439.111,4728.917
4706.933,5375.333,5752.625,5150.111,5051.333,4450.556,4684.917
4828.333,5394.111,5590.625,4984.111,4923.667,4570.333,4666.167
4753.067,5260.111,5637.750,4878.000,4978.889,4477.444,4726.417
4781.600,5244.778,5617.750,5127.333,5009.111,4516.778,4650.583
4648.933,5378.000,5807.000,5021.000,4930.222,4589.333,4707.333
4687.333,5386.556,5731.750,5013.444,4994.444,4476.333,4686.667
4668.000,5244.111,5758.750,5054.444,4896.444,4367.889,4682.583
4685.867,5371.667,5546.000,4936.111,4938.222,4571.000,4714.417
4764.933,5322.333,5564.750,5122.667,4914.222,4483.222,4658.333
4734.200,5278.556,5531.500,4855.889,5015.333,4391.778,4669.750
4718.933,5336.000,5628.250,5124.556,4939.222,4641.444,4676.417
4856.067,5398.444,5681.625,5030.556,5084.333,4684.889,4651.583
4768.400,5388.444,5520.125,4988.000,4962.222,4579.222,4679.167
4715.467,5378.667,5532.500,4906.333,4951.556,4458.556,4654.000
4663.333,5386.444,5797.375,4927.889,4982.556,4488.000,4713.583
4707.333,5331.889,5644.250,4985.333,5010.667,4499.778,4727.333
4798.867,5239.333,5712.375,4969.111,4935.000,4502.000,4696.167
4838.000,5247.444,5854.875,5126.111,4990.667,4438.889,4756.250
4740.267,5415.111,5537.625,4956.333,5088.444,4558.111,4610.000
4841.267,5398.667,5644.750,4969.000,4867.556,4595.000,4603.500
4695.733,5338.778,5786.875,5004.222,4949.667,4354.000,4771.917
4723.000,5353.889,5511.875,4982.222,4963.111,4439.778,4730.167
4689.667,5277.333,5607.500,4932.111,5033.444,4528.333,4634.083
4723.333,5310.556,5778.625,5028.222,4998.000,4480.778,4676.917
4716.733,5400.222,5560.375,4876.444,4931.556,4569.111,4767.833
4766.867,5288.222,5769.125,5061.778,4982.556,4452.889,4757.000
4592.933,5275.222,5669.250,5077.000,5062.556,4574.778,4707.417
4677.800,5322.667,5652.375,4957.889,5061.000,4541.111,4675.833
4727.133,5312.111,5633.875,5016.000,5078.333,4439.889,4774.750
4675.067,5271.667,5867.750,4866.778,4962.111,4473.889,4689.667
4674.933,5355.111,5736.375,4959.000,5066.000,4453.333,4664.417
4807.800,5357.889,5593.250,5064.889,4930.000,4449.111,4691.417
4783.733,5237.111,5625.375,4870.778,4970.333,4527.222,4836.000
4723.200,5260.333,5659.875,5040.222,5036.778,4477.000,4690.417
4703.400,5251.333,5633.375,4997.000,4909.667,4606.889,4734.417
4747.067,5412.667,5857.625,4992.333,4837.444,4392.333,4611.250
4780.533,5374.667,5657.000,5090.000,4983.222,4368.444,4705.417
4687.733,5176.444,5652.750,4899.778,5004.000,4401.444,4704.750
4757.067,5265.000,5530.750,5014.444,4983.889,4573.222,4674.083
4847.467,5406.889,5515.500,4973.333,4989.889,4412.333,4699.083
4686.600,5346.444,5655.875,4934.333,5056.222,4606.333,4689.750
4668.867,5256.556,5687.250,5139.556,5094.333,4438.667,4694.500
4647.867,5361.222,5516.000,5078.111,5030.444,4491.000,4708.417
4620.400,5165.778,5701.000,5005.778,5026.778,4485.222,4649.667
4686.867,5281.667,5714.250,5069.111,5071.000,4632.556,4703.667
4641.333,5349.222,5668.250,5030.889,4808.000,4503.556,4611.000
4742.467,5255.111,5699.375,4999.222,4920.556,4441.222,4771.750
4765.533,5389.333,5557.750,4938.889,5064.444,4499.556,4617.750
4739.333,5484.444,5607.125,5036.000,4957.000,4599.222,4606.917
4574.333,5367.111,5559.500,4984.000,4876.778,4650.444,4722.083
4746.533,5292.889,5710.625,4956.778,4975.111,4533.222,4724.833
4745.467,5364.333,5677.750,4953.333,5089.333,4693.556,4686.667
4714.200,5364.222,5535.125,5018.000,4899.778,4621.222,4757.500
4703.933,5255.889,5702.375,5123.111,4993.111,4569.444,4692.333
4756.667,5208.778,5627.875,4981.222,4815.222,4619.556,4703.167
4655.867,5354.444,5706.125,4948.000,4882.889,4445.333,4548.583
4736.933,5203.000,5728.000,5011.667,5024.111,4598.111,4690.000
4802.600,5372.556,5655.625,5122.889,4948.222,4536.111,4725.417
4691.667,5387.333,5643.875,5078.778,5011.889,4482.111,4705.750
4646.800,5252.444,5577.125,4970.111,4993.444,4435.556,4743.250
4709.867,5205.556,5822.500,4999.222,4843.556,4537.333,4767.000
4677.200,5161.667,5672.125,5012.000,5188.667,4545.222,4792.917
4789.333,5337.333,5776.125,4975.000,4908.111,4457.889,4670.000
4817.800,5360.889,5559.000,5133.000,4964.889,4467.222,4613.917
4758.867,5334.778,5555.375,4954.222,5164.667,4509.667,4756.333
4712.000,5284.444,5522.250,5088.444,5008.778,4500.222,4652.833
4687.400,5418.444,5652.000,4970.000,4992.778,4582.111,4625.333
4720.667,5325.444,5632.625,5035.000,4902.778,4554.000,4599.000
4662.867,5411.000,5673.750,5005.889,5010.667,4581.556,4685.750
4709.400,5299.111,5537.125,4958.222,5072.333,4546.222,4684.417
4601.133,5326.889,5386.750,4984.667,4911.889,4461.667,4644.583
4734.800,5246.444,5614.750,5021.222,4865.333,4471.222,4753.500
4692.933,5219.556,5671.500,5054.000,5025.222,4551.556,4689.333
4695.867,5157.222,5772.125,4897.000,4991.667,4549.778,4698.750
4703.933,5346.556,5653.500,4970.000,5003.222,4596.333,4841.667
4788.933,5258.111,5566.625,4956.667,5039.111,4554.667,4850.333
4718.467,5298.667,5659.250,4953.889,4895.444,4503.000,4693.583
4698.600,5310.111,5659.875,4813.222,4998.111,4502.111,4707.500
4661.000,5295.778,5593.625,4936.667,5064.111,4429.222,4643.917
4801.867,5200.556,5736.000,4981.556,4896.778,4453.556,4717.667
4735.933,5379.889,5590.875,4927.111,4924.333,4573.333,4720.917
4653.200,5339.444,5706.000,4872.222,5080.444,4554.667,4753.583
4720.533,5345.222,5551.125,5001.111,4874.000,4472.111,4717.417
4815.267,5306.222,5488.000,5031.111,4926.778,4538.889,4787.500
4734.067,5331.333,5472.625,5036.333,4950.778,4490.000,4740.917
4704.867,5471.889,5593.250,5089.222,5063.333,4536.667,4790.583
4769.333,5357.667,5659.125,4976.556,4906.556,4429.444,4682.750
4676.267,5293.111,5628.000,5013.000,4973.889,4505.667,4731.917
4680.400,5265.889,5624.875,5013.889,4965.333,4576.222,4642.333
4762.067,5313.444,5669.250,4933.889,4834.556,4476.667,4544.333
4676.733,5193.111,5500.125,5121.444,4907.556,4590.444,4675.333
4689.667,5428.889,5502.250,5144.000,5036.111,4501.667,4775.000
4775.333,5418.111,5784.750,5011.222,4994.667,4525.333,4724.083
4726.200,5262.889,5517.625,4987.556,4920.333,4429.111,4703.000
4683.667,5320.000,5733.500,4939.556,4961.333,4521.111,4730.417
4713.600,5367.000,5651.625,4870.333,4825.333,4502.778,4669.083
4744.733,5255.000,5546.250,4930.778,4906.778,4516.556,4796.917
4759.933,5345.444,5671.125,5017.778,5011.222,4493.556,4592.000
4651.667,5315.222,5643.625,5020.556,4880.778,4518.333,4652.250
4756.667,5324.000,5521.875,5064.000,4995.556,4564.889,4888.000
4819.800,5361.556,5646.750,4928.000,5125.444,4612.111,4683.583
4787.800,5244.111,5594.625,5018.889,4945.889,4477.333,4775.500
4723.800,5482.667,5451.625,5050.111,4889.444,4341.667,4799.000
4742.400,5447.333,5623.750,4931.222,5024.778,4411.667,4591.833
4719.933,5246.556,5582.625,4992.222,4957.000,4506.667,4672.333
4835.667,5328.222,5647.250,5037.667,5020.556,4491.000,4590.833
4761.133,5356.222,5585.375,5061.222,5081.222,4432.444,4717.000
4708.000,5176.111,5528.500,4951.778,4968.000,4584.222,4681.000
4718.733,5347.333,5454.875,5083.111,4949.000,4670.556,4819.750
4701.733,5368.889,5692.125,5200.000,5072.556,4538.778,4752.167
4770.733,5374.444,5764.375,4944.000,5138.889,4591.000,4789.833
4695.800,5310.667,5664.250,5060.778,4944.556,4567.667,4696.750
4709.733,5390.000,5742.875,5050.889,4842.000,4509.111,4712.417
4764.733,5261.667,5707.625,5069.000,4918.000,4451.111,4791.167
4866.800,5412.889,5683.375,5078.000,5121.778,4515.444,4674.833
4755.733,5270.778,5636.375,4966.889,4806.222,4499.889,4720.167
4784.133,5243.444,5501.375,4994.556,5068.000,4578.444,4676.333
4769.400,5263.889,5694.875,4955.889,5045.667,4565.778,4718.250
4706.733,5343.444,5660.625,5003.889,4932.889,4450.889,4753.000
4728.800,5363.778,5534.125,5075.444,5059.556,4674.556,4761.750
4581.800,5219.333,5570.500,4928.333,5097.778,4499.444,4659.750
4745.600,5416.556,5498.625,5157.556,4998.778,4484.333,4717.250
4686.600,5311.222,5626.875,5044.556,4936.556,4385.000,4825.333
4744.800,5247.444,5607.250,4948.667,4845.556,4431.667,4796.167
4859.200,5251.333,5566.250,5077.667,4994.889,4482.333,4656.000
4729.267,5387.333,5606.625,4796.889,4950.111,4618.889,4683.250
4779.200,5318.556,5812.750,4999.111,5014.333,4453.222,4684.417
4614.867,5294.000,5556.500,4874.222,4930.333,4553.333,4774.583
4779.733,5252.556,5645.625,4935.556,5074.111,4512.889,4738.750
4730.933,5269.333,5485.375,5033.556,4944.778,4520.000,4622.583
4787.333,5400.222,5487.000,4872.556,4914.889,4541.556,4658.833
4764.067,5383.556,5603.375,4863.667,4995.778,4691.000,4754.750
4677.133,5348.667,5700.625,4985.778,5123.778,4460.000,4839.417
4706.933,5258.667,5626.375,4865.889,5006.778,4544.667,4622.250
4813.000,5248.222,5500.875,5000.556,4942.222,4516.667,4582.500
4605.600,5269.111,5550.750,5078.222,5039.333,4514.222,4727.750
4714.467,5325.333,5643.125,4899.111,4968.444,4478.000,4585.417
4760.333,5158.667,5585.000,4987.889,4985.333,4290.667,4623.000
4706.800,5402.778,5660.250,5148.000,5011.333,4515.000,4684.250
4644.800,5196.778,5738.125,5090.556,4872.444,4559.889,4601.417
4743.333,5215.556,5515.750,4961.444,5089.667,4543.111,4754.917
4781.333,5272.556,5567.125,5058.333,4982.000,4611.444,4569.250
4781.333,5261.556,5550.375,5030.556,5057.556,4363.444,4722.250
4828.267,5289.667,5528.250,4979.667,5041.333,4605.333,4678.333
4785.533,5223.778,5505.875,4897.222,4914.667,4546.667,4799.083
4758.067,5352.889,5675.125,5019.889,4944.889,4413.333,4657.083
4757.267,5324.667,5462.750,5067.444,5065.667,4657.444,4714.167
4721.733,5455.000,5566.000,5020.000,4915.000,4390.222,4755.250
4835.133,5386.889,5569.750,4940.889,4947.667,4378.889,4748.750
4665.067,5309.556,5491.375,5026.000,5022.667,4533.222,4718.250
4776.800,5305.667,5541.125,5039.444,5144.889,4526.778,4726.917
4657.600,5400.444,5598.125,5027.889,5033.333,4610.000,4733.333
4821.933,5558.111,5446.250,4956.111,4901.222,4412.222,4650.917
4814.533,5398.111,5668.125,5059.444,4995.556,4605.444,4763.083
