11029.750,14527.833,8726.889,12072.556,11482.111
10773.417,14377.417,8558.223,11716.223,11216.333
10582.750,14034.583,8430.889,11570.000,11146.000
10468.000,13744.167,8219.000,11304.223,11027.889
10877.667,14178.333,8654.000,11712.667,11184.444
11719.167,14571.167,9069.667,12464.333,11635.444
11643.833,14508.583,8954.667,12479.556,11499.333
11404.500,14254.583,8784.556,12333.777,11449.223
11172.333,14094.417,8824.444,12087.111,11380.556
11015.250,14010.667,8655.111,12050.667,11457.223
10865.667,13745.083,8538.556,11923.111,11160.333
10567.833,13563.417,8513.777,11662.667,11122.889
10635.750,13661.333,8613.889,11639.889,11102.667
10675.667,13830.583,8668.223,11722.777,11176.556
10475.667,13675.250,8550.556,11538.000,11115.667
10424.583,13805.250,8591.111,11576.333,11096.556
10393.167,13668.500,8563.777,11536.444,11059.777
10207.417,13625.250,8477.556,11420.000,10905.111
10087.500,13423.167,8459.777,11316.556,10853.333
9939.833,13273.083,8308.556,11219.777,10782.889
9856.333,13421.833,8385.000,11153.111,10768.223
9823.833,13560.000,8441.000,11354.777,10788.000
9790.250,13351.500,8327.223,11135.556,10711.333
9647.583,13147.000,8209.889,11045.777,10673.111
9648.000,13435.250,8363.223,10963.777,10593.889
9773.417,13503.500,8628.223,11089.556,10675.889
9618.417,13483.417,8500.000,11025.000,10533.444
9474.833,13417.750,8545.889,10996.667,10508.777
9572.333,13534.000,8565.777,11088.556,10589.333
9456.917,13489.083,8568.223,10904.111,10340.556
9459.667,13442.667,8614.889,10916.111,10371.777
9517.583,13564.917,8621.667,10935.000,10409.777
9383.250,13583.500,8567.111,10853.777,10356.777
9227.750,13315.417,8430.777,10587.667,10277.444
9180.083,13512.667,8509.333,10663.777,10291.444
9067.667,13351.333,8470.889,10590.667,10177.777
9014.000,13297.083,8531.444,10521.111,10288.777
9074.833,13485.167,8580.777,10588.333,10119.333
9042.500,13511.917,8616.333,10420.000,10256.111
8890.000,13425.500,8487.777,10293.556,10077.777
8765.917,13298.667,8445.333,10342.111,10133.444
8771.917,13500.083,8479.667,10212.889,10102.667
8716.917,13407.833,8458.000,10136.223,9964.000
8636.000,13387.583,8362.667,10094.667,10012.556
8932.917,13607.667,8567.223,10284.444,10098.556
8952.667,13770.250,8648.111,10286.223,10216.111
8912.250,13495.000,8628.556,10123.667,10127.223
8755.000,13426.500,8474.889,10007.667,10040.223
8892.500,13443.917,8520.667,10113.000,10011.556
9217.833,13698.250,8767.889,10235.333,10320.777
9274.250,13762.667,8803.000,10198.444,10201.667
9160.000,13640.000,8763.000,10080.667,10066.667
9058.333,13562.333,8564.556,9949.889,10133.889
8994.750,13469.000,8613.556,9805.556,10019.000
8931.333,13648.250,8594.889,9810.223,10005.556
8796.250,13381.583,8443.000,9702.333,9887.556
8626.917,13337.583,8389.111,9568.444,9810.000
8779.083,13608.500,8596.000,9583.223,9919.556
8874.083,13744.500,8753.111,9555.333,9945.111
8788.667,13804.583,8698.667,9558.111,9891.667
8952.333,13911.750,8940.000,9518.333,9904.333
9006.917,13959.833,8974.777,9465.667,10062.444
8943.583,13868.583,8894.556,9351.889,9910.667
8858.417,13964.000,8828.777,9303.223,10026.444
8830.333,13894.417,8834.667,9259.111,9921.333
8706.583,13810.583,8696.667,9175.777,9850.444
8613.000,13616.500,8600.667,9012.333,9794.889
8849.167,13901.833,8989.889,9052.333,9940.333
8699.833,13828.750,8866.777,9028.333,9904.889
8675.083,13794.333,9010.889,9125.223,9988.889
8733.000,13933.583,9361.223,9029.111,9975.777
8737.083,13850.917,9393.889,9017.444,10057.667
8576.083,13753.750,9319.667,8940.889,9955.333
8579.917,13908.417,9394.333,8979.333,10018.111
8444.167,13834.333,9404.889,8917.111,9985.000
8403.417,13723.833,9274.667,8841.000,9815.223
8356.500,13748.417,9365.111,8728.777,9873.667
8245.750,13685.583,9447.223,8716.000,9814.556
8142.167,13587.250,9393.444,8641.777,9852.556
8188.083,13648.917,9420.223,8632.111,9794.223
8481.833,13739.500,9797.444,8724.556,10026.223
8392.250,13559.833,9870.223,8747.777,9955.667
8301.750,13617.417,9697.889,8652.223,9949.111
8171.833,13394.583,9529.333,8484.333,9845.444
8232.417,13427.167,9756.444,8569.889,9806.223
8113.583,13386.583,9727.111,8512.889,9691.333
7950.667,13286.917,9559.444,8359.889,9721.111
8082.250,13214.167,9601.223,8399.777,9691.223
8057.083,13253.750,9678.667,8371.777,9757.889
7873.167,12896.833,9537.444,8341.889,9548.444
7973.833,12977.333,9494.667,8257.333,9449.889
7951.583,13135.083,9619.111,8245.889,9622.444
7929.417,13142.500,9641.223,8203.556,9579.223
7873.167,12965.000,9578.777,8174.111,9481.000
7918.417,13096.667,9898.223,8296.333,9570.889
8099.833,13271.250,10052.111,8274.000,9655.889
7916.417,13080.083,9931.444,8200.667,9491.000
7845.667,13038.250,9983.777,8163.111,9486.777
7964.083,13016.000,10122.444,8229.556,9525.556
7926.417,12868.333,10004.223,8152.778,9380.777
7786.417,12852.667,9890.444,8084.333,9313.000
7800.917,12761.917,10013.667,8103.889,9323.444
7923.167,12979.000,10268.111,8151.111,9424.444
7804.917,12809.167,9987.667,8051.333,9274.444
7748.167,12788.250,10023.223,8096.889,9185.444
7784.750,12764.333,10128.000,7986.000,9294.223
7870.667,13015.333,10383.000,8065.111,9340.333
7765.583,12772.750,10231.556,7994.444,9172.889
7756.167,12736.083,10277.333,7980.000,9253.333
7832.417,12712.417,10506.111,8011.889,9147.777
7847.167,12728.667,10483.223,7979.889,9101.000
7744.333,12650.500,10232.333,7868.222,9156.223
7709.417,12631.333,10392.667,7817.667,8981.000
7762.917,12876.250,10579.444,7883.444,9155.000
7621.417,12617.500,10481.444,7877.111,9026.000
7486.167,12585.917,10356.777,7739.556,8980.889
7466.250,12479.750,10480.777,7847.444,8899.333
7389.417,12560.083,10510.889,7731.444,8962.556
7338.833,12499.667,10337.889,7656.111,8894.223
7246.667,12304.167,10109.556,7618.667,8710.111
7262.583,12412.000,10311.111,7729.111,8859.223
7425.750,12652.333,10451.000,7781.333,8901.333
7349.667,12544.083,10499.667,7770.222,8917.556
7236.333,12463.750,10380.777,7680.333,8908.111
7278.667,12522.917,10516.000,7718.333,8916.111
7262.167,12488.167,10580.000,7778.556,8901.333
7216.750,12389.750,10456.556,7690.111,8745.889
7127.583,12362.500,10392.889,7562.889,8749.889
7163.417,12377.667,10591.333,7539.333,8744.889
7157.000,12457.500,10530.777,7599.333,8813.333
7148.417,12444.083,10518.556,7458.111,8842.777
7235.250,12712.833,10614.223,7638.222,8870.556
7268.500,12767.500,10691.223,7585.667,8883.444
7234.250,12544.750,10371.333,7475.444,8781.777
7032.250,12438.833,10294.889,7414.889,8748.667
7146.833,12529.167,10420.223,7455.889,8724.556
7116.667,12520.667,10377.556,7510.000,8771.556
7079.500,12422.583,10358.667,7387.222,8683.223
7114.167,12455.333,10543.889,7563.444,8663.000
7307.333,12645.750,10769.556,7595.556,8843.333
7312.500,12529.833,10603.667,7557.667,8715.777
7086.917,12430.500,10474.667,7490.556,8638.889
7127.417,12338.667,10536.556,7438.556,8567.556
7065.250,12247.333,10453.556,7395.111,8597.111
6992.167,12123.833,10372.223,7341.111,8576.223
6946.833,12118.250,10373.111,7365.444,8478.111
6941.417,12246.667,10585.111,7394.778,8596.333
6883.917,12173.333,10531.667,7342.556,8593.333
6892.833,12269.250,10598.667,7365.444,8558.556
6994.167,12519.417,10955.333,7457.111,8615.777
6982.667,12481.333,10993.333,7463.778,8669.444
6867.500,12408.667,10918.333,7426.444,8549.556
6973.000,12512.000,10957.333,7428.889,8580.111
7214.833,12764.667,11348.667,7619.333,8711.223
7193.833,12744.583,11291.223,7630.444,8704.111
7073.333,12537.500,11175.333,7570.889,8666.777
7039.083,12387.333,11106.333,7459.778,8618.223
7117.583,12482.083,11235.889,7544.111,8765.444
7069.833,12450.083,11048.333,7529.222,8637.667
6831.500,12405.917,10917.556,7471.778,8600.556
6871.917,12189.083,10637.111,7369.444,8452.000
7016.333,12199.583,10922.777,7381.556,8462.556
6994.833,12327.750,11201.889,7459.222,8580.889
6950.667,12237.167,10996.777,7395.778,8444.223
6879.917,12139.583,11049.667,7479.889,8540.333
6994.250,12194.083,11247.000,7459.667,8522.223
6973.917,12229.667,11246.223,7505.222,8539.111
6865.667,12115.917,11130.556,7447.000,8461.667
7034.250,12185.667,11191.556,7448.111,8494.333
7110.250,12178.833,11278.000,7487.889,8532.444
6891.500,11982.000,11096.223,7429.111,8518.111
6939.000,11914.917,11004.777,7366.778,8286.333
7087.333,11979.417,11207.333,7439.444,8495.556
7045.250,11938.583,11086.333,7422.667,8544.556
6997.583,11915.417,11019.000,7311.333,8469.333
7055.833,11916.667,11156.444,7403.000,8482.889
7013.083,11978.250,11194.889,7411.000,8355.777
7020.500,11939.583,11054.444,7375.889,8417.556
6983.000,11723.167,10972.777,7271.000,8321.223
6969.500,11787.250,10746.777,7259.222,8400.000
6805.417,11654.833,10636.111,7239.556,8166.222
6739.750,11524.083,10490.777,7142.667,8204.444
6835.000,11590.333,10694.111,7248.667,8234.889
6906.917,11847.333,10752.223,7311.333,8332.000
6893.083,11811.667,10567.777,7318.444,8259.000
6852.417,11788.667,10527.777,7272.889,8325.889
7012.167,11966.750,10739.667,7370.889,8351.223
6996.417,11912.583,10781.556,7362.222,8288.000
7035.167,11934.333,10785.000,7346.111,8436.223
7030.750,12049.750,10857.889,7391.667,8403.000
7028.750,11986.250,10747.111,7373.222,8391.777
7051.333,11786.917,10695.889,7219.444,8439.333
7114.917,11964.250,10780.556,7442.778,8419.889
7314.083,12144.083,10954.777,7552.444,8538.111
7197.833,12054.500,10866.333,7509.111,8511.444
7167.500,12038.333,10694.333,7447.333,8452.444
7142.667,11995.167,10619.889,7451.444,8432.667
7064.250,11809.583,10650.333,7398.111,8411.333
7073.750,12041.667,10630.111,7489.444,8440.556
7100.167,12067.250,10638.556,7408.444,8467.000
6974.667,11839.750,10450.333,7402.222,8452.667
6841.750,11858.417,10300.223,7465.556,8312.333
6864.500,11722.000,10298.333,7292.889,8337.777
6841.917,11636.250,10153.444,7284.778,8279.444
6828.917,11691.000,10190.889,7258.444,8306.777
6851.083,11892.750,10411.889,7291.889,8463.333
6818.333,11771.500,10340.000,7320.778,8372.111
6733.167,11731.250,10210.000,7225.000,8304.333
6829.917,11926.167,10492.223,7346.222,8412.444
6879.333,11946.250,10529.111,7268.222,8470.000
6796.083,11895.417,10397.111,7297.000,8487.000
6738.750,11796.833,10386.333,7283.444,8318.000
6741.333,11752.250,10313.333,7286.111,8425.111
6689.417,11666.250,10439.667,7255.333,8421.667
6792.750,11730.750,10504.000,7270.444,8384.667
7018.417,11884.167,10980.556,7445.222,8532.223
7039.500,11937.083,11043.223,7371.222,8530.667
7011.417,11974.917,10896.000,7427.667,8470.444
7076.417,11994.083,11147.667,7396.889,8507.889
7078.750,11951.833,11040.777,7431.000,8518.444
6974.417,11962.833,10871.777,7345.556,8540.333
6877.500,11910.583,10759.444,7273.333,8533.000
6899.083,11919.750,10819.667,7335.444,8470.556
6875.417,12032.250,10708.556,7291.222,8420.889
6885.833,11874.333,10569.000,7341.111,8435.667
6953.583,12067.833,10473.777,7413.111,8394.444
6951.667,12087.333,10402.777,7445.778,8438.223
6990.500,11991.083,10254.556,7459.333,8477.777
6883.000,11899.583,10107.000,7328.556,8448.556
6968.333,12194.083,10193.444,7514.000,8510.556
6957.000,12059.333,9994.000,7418.333,8436.333
6838.417,12047.083,9835.777,7487.444,8360.556
6951.167,12071.917,9809.556,7403.667,8330.777
6889.667,12028.750,9663.889,7351.444,8370.667
6753.833,12119.000,9631.333,7379.556,8396.000
6766.917,12031.000,9561.667,7325.333,8366.889
6908.167,12334.833,9609.667,7463.222,8373.444
6886.583,12300.833,9522.777,7404.444,8205.556
6812.167,12165.750,9316.889,7455.222,8289.111
6818.667,12287.750,9204.777,7437.111,8286.333
6876.917,12263.750,9196.777,7391.111,8353.667
6812.250,12022.917,9048.000,7442.778,8304.223
6904.417,12218.833,9068.889,7429.222,8373.667
6882.500,12232.667,9105.000,7458.667,8356.223
6745.250,12000.583,9007.777,7354.889,8270.111
6805.167,12106.667,8892.556,7356.667,8312.556
6961.333,12315.917,9004.223,7537.889,8439.667
6984.167,12305.583,8968.556,7466.444,8437.111
6859.583,12268.833,8804.889,7369.889,8396.000
6836.417,12136.000,8710.111,7383.444,8468.000
6862.250,12136.917,8649.333,7345.000,8309.667
6710.167,12147.083,8643.777,7346.333,8254.556
6881.583,12176.083,8791.333,7378.778,8344.777
6858.417,12286.750,8778.444,7417.111,8298.333
6810.167,12201.000,8575.223,7358.222,8228.889
6726.333,12068.833,8486.223,7308.667,8194.111
6732.417,12011.000,8569.000,7306.222,8174.000
6614.167,11998.167,8423.667,7343.333,8117.667
6609.417,11915.750,8368.444,7313.556,8166.333
6633.083,11898.833,8289.667,7190.444,8174.111
6652.417,12015.500,8275.777,7234.444,8130.000
6607.333,11957.833,8207.444,7230.778,8105.333
6594.167,12000.583,8238.777,7267.444,8132.778
6520.417,11953.583,8155.556,7231.444,8083.000
6484.583,11887.750,8062.889,7199.222,8067.556
6604.833,11857.333,8160.000,7248.778,8050.444
6678.750,11973.750,8226.333,7258.222,8174.333
6596.500,11848.083,8081.778,7191.556,8130.667
6551.917,11720.250,8118.889,7240.444,8062.889
6764.833,11783.667,8191.111,7250.778,8213.333
6780.250,11923.500,8137.222,7128.444,8316.444
6727.833,11756.750,8062.778,7239.111,8129.667
6841.250,11810.667,8161.889,7305.222,8254.223
6768.417,11618.667,8053.333,7243.333,8190.778
6799.500,11699.500,8066.778,7253.556,8180.556
6887.833,11724.750,8100.778,7310.667,8274.889
6837.417,11606.417,8032.667,7294.000,8188.667
6835.750,11648.500,8024.778,7160.667,8177.889
6933.167,11686.083,8042.444,7237.000,8281.556
6907.250,11614.250,7983.556,7232.333,8365.777
6776.417,11419.667,7917.333,7168.556,8201.444
6808.750,11410.333,7882.000,7105.556,8201.667
6853.333,11354.583,7784.333,7080.444,8079.556
6853.833,11504.833,7764.000,7076.333,8187.333
6807.333,11368.750,7723.667,7101.667,8028.222
7012.500,11529.417,7797.778,7248.111,8169.111
7175.250,11580.917,7976.333,7290.000,8271.333
7151.750,11442.083,7861.111,7216.222,8271.111
7061.083,11314.417,7861.667,7071.889,8161.444
7069.667,11315.000,7882.333,7178.111,8211.111
7116.583,11391.750,7762.000,7112.667,8155.778
7019.083,11260.167,7783.444,7160.778,8071.667
7068.417,11279.000,7906.000,7130.667,8131.889
7018.833,11185.083,7790.111,7062.667,8039.667
7187.667,11326.500,8004.333,7132.111,8201.777
7419.167,11331.083,8149.333,7237.556,8188.444
7351.833,11311.167,8060.556,7171.111,8149.889
7392.500,11259.667,7935.222,7096.111,8179.667
7412.667,11333.000,8067.000,7125.000,8121.222
7345.667,11179.083,7979.111,7013.111,8163.000
7315.750,11203.333,8065.000,7022.556,8077.667
7516.750,11337.750,8259.777,7004.889,8154.556
7398.083,11235.417,8116.444,6933.222,8182.000
7369.750,11261.417,8069.667,7053.333,8067.778
7299.417,11179.667,7999.000,6928.111,8103.333
7172.917,11047.333,7906.778,6903.778,7997.556
7116.417,10890.583,7820.333,6881.000,7922.667
7064.833,10654.917,7674.444,6792.889,7863.444
6959.167,10554.750,7612.778,6705.333,7811.778
6926.417,10455.667,7494.667,6662.222,7853.111
6797.083,10375.167,7468.444,6675.889,7665.444
6724.833,10267.917,7369.444,6595.222,7626.333
6682.083,10276.750,7263.889,6612.000,7631.222
6590.583,10026.750,7211.556,6534.333,7590.889
6478.083,9955.417,7133.889,6521.222,7546.000
6434.750,9830.917,7113.333,6423.111,7420.000
6477.833,9869.917,7151.111,6472.667,7484.000
6435.750,9821.333,7131.667,6415.333,7467.667
6368.583,9880.833,7211.444,6439.778,7523.222
6455.333,9897.417,7331.778,6553.556,7553.000
6385.333,9703.667,7183.000,6446.556,7428.222
6283.750,9710.000,7205.778,6416.444,7426.111
6264.833,9676.167,7029.889,6348.111,7331.222
6176.667,9497.750,6940.111,6338.111,7333.889
6088.583,9269.917,6854.000,6227.333,7236.333
6102.333,9296.833,6805.333,6229.111,7221.556
5976.000,9174.417,6690.556,6209.889,7028.778
6032.583,9183.500,6777.667,6156.889,7174.444
5923.917,8997.417,6688.667,6131.222,7004.444
5842.083,9055.250,6599.556,6148.111,7023.333
5837.667,8906.833,6488.333,6110.222,7002.667
5768.167,8690.250,6431.556,6011.667,6908.556
5699.500,8663.417,6350.667,5902.778,6896.333
5704.750,8636.083,6296.222,6034.222,6803.000
5602.500,8482.250,6179.333,5887.111,6747.444
5550.333,8417.250,6187.111,5941.778,6713.000
5481.917,8344.417,6135.000,5809.222,6679.333
5553.167,8326.083,6107.667,5861.000,6617.000
5421.417,8214.250,6022.778,5850.333,6578.889
5372.500,8175.417,5984.889,5754.667,6616.333
5351.500,8082.333,5873.889,5760.889,6462.111
5266.583,7989.083,5868.000,5715.556,6393.778
5291.833,7939.417,5857.000,5704.333,6446.778
5198.917,7848.833,5755.778,5633.000,6364.667
5158.083,7841.917,5726.000,5664.444,6338.333
5126.583,7654.000,5662.333,5583.111,6307.000
5108.000,7646.000,5649.333,5599.222,6273.889
5066.833,7554.083,5583.444,5539.000,6290.333
5065.167,7580.083,5579.333,5507.444,6225.444
5022.500,7447.167,5472.667,5477.667,6209.111
4957.083,7431.583,5467.556,5513.556,6106.111
4931.000,7335.083,5446.333,5449.444,6177.778
4884.083,7352.750,5395.222,5374.778,6104.778
4848.000,7207.167,5346.000,5393.444,6074.000
4825.917,7210.417,5327.333,5357.222,6019.444
4792.667,7159.250,5225.222,5338.667,6028.778
4779.667,7047.750,5234.556,5354.667,6008.667
4740.583,6998.583,5191.333,5341.778,5906.444
4724.083,6908.333,5179.444,5309.444,5923.778
4712.250,6853.583,5092.444,5260.222,5896.778
4630.667,6745.083,5123.778,5252.778,5815.778
4633.500,6795.417,5048.889,5241.889,5856.333
4636.417,6713.167,5022.444,5192.333,5754.222
4585.417,6670.417,4970.444,5138.889,5748.222
4559.750,6671.500,4924.667,5197.444,5767.889
4543.250,6597.000,4939.222,5112.778,5755.222
4474.500,6515.583,4923.778,5115.333,5784.778
4483.417,6538.000,4853.333,5107.556,5724.889
4478.000,6464.750,4810.000,5065.333,5598.444
4418.083,6434.583,4840.222,5043.889,5610.333
4419.833,6372.083,4849.556,5072.667,5591.333
4394.250,6374.167,4768.556,5054.333,5567.778
4373.750,6304.917,4759.000,5075.889,5628.222
4348.250,6259.583,4723.333,5020.889,5571.556
4352.167,6270.167,4764.111,5029.444,5545.222
4295.250,6186.083,4725.667,4974.111,5521.222
4300.083,6192.500,4666.667,4953.778,5499.556
4251.167,6090.583,4675.333,4935.556,5518.333
4253.750,6069.083,4614.444,4957.889,5465.222
4262.250,6021.083,4561.556,4878.667,5468.556
4228.083,6079.167,4622.889,4942.444,5470.444
4176.083,5888.917,4612.889,4926.778,5422.667
4215.000,5945.917,4593.222,4858.444,5403.556
4163.917,5896.250,4570.556,4873.889,5359.667
4179.583,5804.417,4551.778,4826.000,5362.333
4140.333,5841.500,4511.444,4803.333,5315.111
4103.000,5821.667,4482.444,4812.222,5289.556
4130.500,5803.750,4519.778,4782.444,5295.222
4095.083,5717.667,4507.778,4730.111,5298.222
4085.917,5699.917,4459.333,4756.222,5286.889
4047.250,5698.667,4446.444,4708.111,5264.222
4023.250,5643.583,4475.556,4768.778,5196.444
4018.250,5592.250,4467.222,4777.444,5269.111
4035.583,5664.500,4514.556,4742.778,5260.556
4009.583,5587.417,4576.111,4725.111,5202.556
4015.833,5560.667,4656.444,4694.333,5188.111
3982.583,5523.000,4604.778,4689.667,5185.333
3962.417,5565.833,4671.222,4672.333,5159.222
3913.833,5519.917,4602.000,4680.000,5166.222
3929.083,5456.833,4617.556,4642.889,5130.667
3929.750,5529.667,4541.889,4682.889,5153.444
3918.417,5434.833,4507.556,4627.556,5121.889
3925.833,5415.167,4487.444,4656.000,5069.000
3921.000,5395.417,4502.222,4594.444,5079.444
3896.917,5350.083,4559.111,4627.889,5091.889
3867.917,5313.750,4511.444,4598.333,5049.667
3879.083,5370.167,4488.556,4637.667,5122.111
3852.583,5285.333,4583.333,4567.556,5071.111
3870.250,5330.000,4692.222,4580.222,5053.000
3823.667,5307.583,4623.556,4543.889,5020.111
3848.250,5278.250,4565.889,4541.778,5055.222
3861.917,5238.250,4602.222,4550.333,5001.333
3836.167,5290.250,4606.778,4566.333,5006.889
3806.417,5241.417,4543.667,4575.222,5010.111
3796.583,5183.083,4566.556,4481.778,4949.333
3810.833,5161.083,4625.111,4544.222,5009.333
3790.167,5166.083,4523.889,4526.111,5077.778
3790.583,5132.500,4496.556,4500.778,4981.222
3804.833,5162.583,4582.889,4526.889,5083.556
3797.083,5180.500,4675.889,4618.889,5044.889
3758.000,5148.750,4617.333,4548.333,4954.667
3819.917,5217.417,4873.333,4655.667,5034.889
3900.250,5423.417,5298.111,4840.333,5213.111
3891.167,5492.083,5292.556,4789.556,5220.444
3880.083,5444.750,5165.667,4866.000,5212.778
3829.833,5382.583,5112.889,4815.111,5191.333
3851.083,5360.583,5093.444,4772.444,5183.222
3824.000,5346.667,5109.222,4759.556,5146.889
3863.917,5526.250,5382.778,4819.333,5252.111
3845.083,5476.167,5425.667,4799.667,5245.667
3834.000,5444.917,5335.444,4796.111,5188.556
3818.167,5383.833,5239.556,4808.000,5190.111
3813.667,5419.417,5326.111,4827.778,5213.222
3825.250,5421.917,5390.222,4809.556,5147.556
3776.167,5430.417,5284.556,4823.333,5120.333
3784.333,5389.667,5227.222,4737.667,5155.778
3762.167,5355.333,5154.889,4691.222,5145.000
3772.250,5362.500,5088.444,4707.333,5120.111
3746.500,5273.583,5081.667,4749.556,5101.222
3769.167,5304.167,5098.333,4687.222,5094.000
3719.250,5295.083,5091.000,4720.333,5103.000
3754.333,5281.500,4940.111,4663.889,5082.222
3718.500,5253.417,4897.778,4660.444,5055.444
3721.417,5195.083,4890.667,4652.667,5077.222
3691.583,5188.333,4826.444,4602.778,5011.222
3733.917,5158.917,4869.444,4681.778,5007.778
3700.833,5175.500,4912.111,4645.333,5012.111
3713.917,5196.583,4989.333,4614.222,5002.444
3726.000,5127.500,4994.556,4623.556,5043.667
3691.250,5164.667,5095.889,4676.444,5097.444
3694.500,5191.500,5253.333,4791.889,5113.889
3678.083,5201.083,5175.556,4781.778,5121.000
3670.167,5178.333,5195.444,4703.444,5132.778
3664.583,5154.750,5176.778,4688.222,5120.667
3649.667,5151.583,5139.778,4697.333,5135.222
3666.417,5136.250,5217.000,4748.111,5083.333
3680.250,5193.583,5367.667,4780.778,5193.778
3687.083,5271.583,5415.556,4825.778,5217.556
3670.000,5242.000,5540.222,4891.778,5239.333
3674.917,5231.250,5456.444,4838.111,5206.889
3675.500,5185.167,5284.444,4810.000,5241.889
3651.083,5141.500,5311.111,4785.667,5246.778
3650.500,5110.917,5283.111,4771.778,5197.333
3623.167,5090.500,5204.333,4752.444,5180.444
3662.000,5106.250,5107.111,4715.667,5147.889
3621.500,5110.833,5092.889,4700.778,5139.000
3615.750,5058.000,5054.000,4736.444,5151.556
3598.167,5059.917,5144.556,4688.444,5131.000
3608.250,5059.833,5215.333,4705.778,5108.333
3634.333,5012.833,5204.444,4653.667,5119.889
3699.167,5167.083,5680.111,4901.222,5283.444
4129.417,5595.667,6522.222,5401.000,5702.556
4571.583,6036.000,6969.333,5738.778,5971.444
4672.583,6174.417,7084.111,5871.111,6134.111
4611.750,6200.167,7030.111,5987.778,6198.778
4626.750,6270.417,7181.111,5930.889,6244.667
4640.750,6359.500,7264.333,6063.111,6417.556
4602.750,6316.083,7204.222,6016.111,6443.000
4536.000,6265.667,7068.667,5943.778,6301.667
4616.667,6457.667,7276.111,6049.111,6423.222
4660.667,6534.417,7292.000,6175.667,6547.889
4654.250,6643.000,7490.333,6170.222,6660.444
5057.333,6972.000,7964.778,6341.556,6951.222
5632.083,7396.750,8703.444,6783.444,7201.889
6301.500,7844.083,9611.556,7168.000,7708.111
6882.167,8280.500,10147.777,7548.667,8133.889
7315.750,8388.500,10614.000,7766.444,8474.223
7751.667,8678.500,11111.333,7917.444,8622.223
7998.000,8937.500,11408.111,8085.111,8822.777
7907.250,8955.917,11387.111,8105.222,8813.667
8318.750,9212.750,11893.000,8210.777,9106.556
8958.333,9582.917,12506.333,8589.333,9374.667
9018.333,9647.083,12579.000,8563.333,9473.223
8897.083,9574.083,12308.777,8466.667,9475.777
8746.583,9500.667,12112.111,8429.111,9386.333
8830.083,9502.917,12235.333,8369.444,9422.111
9471.250,10109.750,13041.111,8650.223,9793.444
10313.750,10485.250,13779.556,8917.667,10162.111
10895.417,10930.583,14235.111,9153.667,10424.556
11445.000,11271.250,14925.667,9177.444,10623.777
12282.667,11780.167,15569.000,9488.889,10905.111
12999.250,12187.333,16049.223,9611.223,11147.556
13470.750,12465.167,16358.444,9695.000,11246.777
13504.417,12399.333,16174.556,9662.333,11248.333
13396.083,12552.250,16152.111,9621.111,11204.223
13817.333,12860.750,16304.333,9730.444,11378.444
14431.333,13263.750,16948.334,9950.223,11584.667
15051.167,13513.250,17405.666,10164.000,11739.556
15457.583,13761.167,17313.889,10311.444,11850.000
15984.667,14000.417,17693.666,10402.556,12030.000
16378.500,14331.333,17919.555,10596.223,12079.000
17013.666,14540.667,18479.111,10581.556,12142.556
17300.334,14990.083,18542.777,10833.777,12237.556
17550.750,15109.333,18599.334,10978.444,12247.889
18030.750,15301.917,18492.000,11087.333,12406.223
18186.916,15529.000,18541.223,11221.223,12476.000
18682.834,15769.833,18683.666,11335.333,12611.111
18864.916,15912.083,18479.666,11405.777,12678.667
18587.084,15675.417,18140.666,11374.556,12690.111
18333.250,15640.667,17766.223,11374.777,12641.111
18678.250,15957.417,18011.000,11497.444,12720.667
19037.584,15991.667,18274.777,11622.556,12623.889
19112.250,16062.583,18020.666,11757.889,12686.333
19023.750,16112.417,17763.445,11765.223,12482.111
19204.916,16346.583,17968.777,12048.444,12532.444
19251.916,16343.417,17846.445,12106.111,12441.000
19139.084,16261.000,17703.555,12087.000,12341.000
19125.000,16506.250,17614.334,12273.889,12451.667
19265.834,16524.666,17910.666,12166.000,12297.556
19376.166,16541.916,17868.111,12292.000,12303.667
19328.334,16766.916,18049.555,12364.111,12411.000
19409.334,16713.334,18056.445,12456.000,12352.223
19310.916,16509.916,17943.111,12604.889,12310.667
19006.666,16347.417,17659.666,12525.556,12170.223
19031.916,16558.916,17419.666,12504.223,12211.777
18920.084,16370.833,17111.666,12387.667,12030.111
18790.500,16225.500,17506.777,12352.223,12025.000
18726.166,16147.667,17224.334,12221.889,11941.889
18407.084,15970.000,16797.445,12209.556,11988.556
18159.334,15698.833,16631.777,12152.223,11829.333
18185.000,15733.333,16474.111,12094.777,11743.444
17969.084,15762.917,16412.777,11947.111,11734.333
17768.666,15848.250,16038.777,11902.000,11630.889
17643.000,15818.833,15927.000,11842.444,11543.223
17571.000,15725.500,15811.777,11736.333,11586.223
17504.084,15650.750,15833.556,11620.223,11371.667
17473.416,15709.167,15630.111,11550.223,11379.777
17423.416,15585.667,15745.889,11595.333,11516.000
17212.584,15486.917,15471.223,11426.889,11185.667
17062.084,15610.500,15221.223,11398.556,11330.333
16973.750,15486.917,15119.444,11396.889,11270.444
16931.750,15458.833,15245.889,11288.444,11233.333
16750.916,15302.167,14968.000,11091.333,11160.223
16446.916,15110.083,14831.333,11085.333,11192.111
16221.250,15107.167,14619.889,10955.111,10988.111
16173.917,15149.167,14553.444,10949.777,11123.889
16065.667,14898.250,14398.223,10797.777,11057.889
15935.250,14915.417,14349.223,10792.889,11047.000
15930.000,14819.417,14194.333,10733.223,11057.889
15646.667,14752.667,13992.667,10634.777,11085.444
15442.750,14634.833,13912.667,10547.223,10975.444
15351.417,14641.083,13876.000,10508.556,10963.556
15257.917,14614.167,13724.667,10342.223,10951.889
15139.500,14550.917,13580.889,10340.333,10918.777
14807.333,14340.750,13295.111,10171.777,10860.333
14744.250,14276.667,13281.667,10112.556,10805.889
14622.667,14122.917,13039.111,10064.889,10679.889
14421.917,13993.333,12907.667,9936.667,10694.333
14230.833,13772.833,12576.556,9775.111,10579.556
13916.167,13750.167,12399.889,9679.000,10510.556
13783.583,13540.500,12315.777,9618.667,10586.111
13670.417,13612.750,12311.889,9698.777,10412.667
13692.917,13495.000,12283.444,9536.111,10357.333
13454.167,13504.833,12113.333,9429.333,10261.223
13524.167,13439.250,12021.000,9349.777,10339.333
13415.500,13445.167,12065.223,9361.223,10272.223
13341.500,13259.583,12036.889,9164.111,10132.333
13150.083,13194.583,11876.223,9198.444,10118.556
13024.750,13168.417,11866.889,9092.777,10115.000
12877.167,13116.250,11734.000,9064.223,10064.556
12777.083,12954.583,11664.556,9000.333,9985.444
12612.583,12952.333,11701.000,8956.777,9872.223
12443.500,12822.167,11374.444,8745.777,9808.556
12237.583,12749.583,11235.333,8665.000,9743.889
12109.917,12519.583,11158.889,8599.777,9593.000
11856.000,12548.083,11136.889,8503.000,9617.223
11799.250,12511.667,10904.777,8499.667,9532.889
11664.917,12504.500,10911.889,8441.889,9489.000
11493.750,12315.083,10895.333,8351.223,9457.333
11366.333,12301.750,10730.667,8424.223,9321.111
11273.333,12276.333,10693.000,8333.667,9376.556
11236.250,12311.667,10588.777,8369.777,9336.223
11161.167,12187.333,10695.889,8324.777,9333.444
11051.917,12124.167,10542.444,8203.777,9322.111
10944.250,12184.167,10656.667,8232.556,9329.444
10790.000,12208.250,10641.667,8201.000,9282.000
10703.167,12180.417,10714.889,8233.223,9223.667
10724.917,12208.500,10811.556,8255.777,9289.444
10666.333,12273.583,10862.000,8186.000,9263.333
10604.333,12177.167,10848.889,8139.556,9190.444
10519.583,12207.333,10875.223,8026.667,9195.000
10462.167,12063.917,10818.000,8021.444,9149.556
10411.417,12182.667,10824.223,7990.333,9174.777
10366.667,12082.583,10828.000,7932.222,9102.333
10367.500,12198.000,10976.889,7920.667,9108.111
10333.500,12204.417,10912.000,7841.556,9087.667
10261.750,12109.833,10688.111,7831.889,9078.667
10212.750,12136.250,10653.667,7793.111,9115.333
10087.917,12089.000,10574.777,7670.000,8949.444
10040.833,12016.167,10504.556,7631.889,8975.777
9882.583,11894.500,10379.556,7626.667,8848.223
9807.917,11870.167,10382.223,7585.222,8865.556
9764.667,11916.417,10314.223,7472.556,8931.667
9625.500,11863.167,10185.444,7426.222,8806.333
9483.917,11751.833,10313.111,7376.556,8804.333
9470.333,11810.917,10239.223,7302.556,8745.889
9359.833,11686.167,10245.889,7292.000,8695.223
9229.167,11652.417,10230.223,7231.889,8645.777
9212.333,11394.250,10223.556,7166.333,8700.333
9098.833,11391.000,10127.556,7152.778,8610.556
9012.500,11258.667,10018.333,7144.111,8614.556
8880.750,11211.333,10043.333,7070.667,8549.889
8764.917,11089.667,10077.667,7075.111,8515.223
8684.583,10995.917,9946.223,6964.000,8411.667
8578.667,10843.750,9911.556,6930.222,8411.667
8514.250,10735.500,9867.444,6891.556,8341.556
8435.917,10684.250,9862.889,6844.667,8319.777
8316.583,10566.500,9709.333,6789.667,8319.111
8184.667,10462.833,9760.667,6768.333,8208.333
8115.500,10421.167,9735.667,6803.667,8169.333
8111.083,10430.333,9674.000,6715.667,8067.111
7990.417,10390.750,9643.223,6700.667,8081.333
7929.083,10282.500,9627.223,6652.000,7968.667
7885.667,10350.250,9559.777,6756.333,8015.333
7853.833,10215.417,9556.556,6641.111,8007.556
7748.500,10001.250,9408.444,6652.778,7939.667
7653.167,9931.000,9229.111,6627.444,7830.000
7545.583,9857.500,9269.333,6604.111,7935.222
7486.250,9950.333,9207.444,6553.333,7835.889
7500.083,9841.167,9209.111,6532.111,7791.333
7340.333,9697.500,8938.111,6477.889,7730.333
7321.250,9671.000,8924.777,6365.889,7618.333
7300.583,9610.833,8862.556,6466.667,7654.333
7206.917,9603.667,8798.667,6340.222,7621.222
7181.917,9417.083,8684.556,6296.778,7541.111
7064.250,9369.417,8503.111,6297.778,7448.667
7116.083,9384.333,8546.667,6234.778,7479.444
7132.833,9298.833,8449.667,6208.111,7410.222
7009.000,9256.833,8346.333,6320.000,7336.333
7017.083,9216.500,8316.556,6240.889,7305.222
6972.333,9283.833,8290.000,6293.667,7312.000
6908.417,9024.583,8176.000,6132.444,7270.222
6923.833,9098.333,8145.778,6207.000,7232.111
6825.417,9035.417,8021.000,6153.111,7125.111
6750.917,8960.250,7951.778,6066.222,7206.333
6709.000,8868.250,7921.444,6056.556,7119.333
6659.333,8865.750,7911.778,5978.222,7092.333
6613.750,8895.083,7836.889,6007.222,7016.444
6541.000,8713.750,7847.667,5962.000,7043.333
6526.583,8736.667,7742.778,6020.444,7010.778
6565.667,8760.750,7828.000,5944.778,7036.556
6482.750,8643.083,7763.111,5987.111,6949.000
6477.833,8652.000,7778.333,5934.333,6938.667
6505.833,8549.500,7653.778,5944.000,6899.000
6460.083,8524.500,7673.889,5880.889,6936.000
6430.167,8427.167,7696.111,5903.667,6930.667
6382.083,8510.333,7722.778,5864.000,6836.889
6362.083,8411.833,7485.222,5841.889,6861.778
6283.000,8338.417,7576.778,5809.556,6827.556
6228.750,8368.833,7581.667,5843.444,6818.444
6240.667,8227.583,7543.889,5755.667,6714.556
6221.250,8153.917,7498.889,5733.111,6676.778
6161.667,8151.250,7454.000,5750.222,6704.111
6152.750,8083.333,7307.000,5688.444,6626.111
6067.167,8155.917,7473.778,5706.556,6736.444
6072.000,7993.583,7402.111,5723.222,6665.778
6033.583,7979.083,7409.333,5669.111,6683.778
5982.500,7912.333,7427.667,5645.889,6585.222
5943.250,7929.333,7355.444,5676.111,6586.000
5882.250,7850.333,7338.333,5591.000,6637.333
5850.000,7857.333,7341.556,5615.667,6529.000
5829.333,7748.833,7285.556,5503.333,6577.000
5776.750,7688.417,7225.000,5519.111,6494.000
5770.917,7717.750,7255.444,5539.889,6517.556
5705.417,7672.417,7231.444,5546.444,6485.444
5717.500,7649.167,7281.556,5531.667,6523.000
5660.000,7686.417,7275.333,5491.444,6462.556
5615.833,7657.417,7339.000,5445.111,6393.556
5595.750,7555.083,7200.111,5387.667,6498.222
5642.500,7619.167,7246.000,5425.667,6454.222
5553.333,7602.500,7232.222,5448.000,6453.222
5553.167,7513.167,7106.000,5415.444,6418.333
5494.750,7489.833,7148.667,5400.333,6357.889
5467.583,7425.667,7219.333,5338.778,6349.444
5472.083,7488.583,7226.667,5313.556,6376.778
5449.500,7460.583,7244.333,5398.667,6333.778
5465.250,7397.917,7286.778,5344.000,6343.333
5431.667,7389.833,7446.556,5340.222,6411.556
5393.500,7349.250,7439.667,5360.889,6371.556
5418.167,7359.750,7459.778,5338.000,6399.444
5368.250,7376.750,7518.889,5300.000,6445.222
5367.417,7381.750,7599.889,5375.111,6324.556
5414.000,7357.833,7618.333,5353.778,6297.111
5367.000,7265.083,7592.222,5314.889,6299.000
5343.750,7239.417,7542.333,5265.667,6289.556
5305.917,7210.833,7543.667,5315.222,6266.889
5279.333,7217.000,7532.556,5294.333,6274.222
5309.333,7127.750,7563.000,5249.444,6290.222
5250.417,7155.667,7441.444,5310.667,6276.111
5271.250,7015.083,7443.556,5285.667,6318.111
5206.250,7003.667,7398.333,5269.222,6193.111
5255.000,6949.500,7435.556,5293.000,6285.556
5175.417,6959.750,7356.333,5248.333,6287.333
5230.833,6923.917,7345.556,5251.333,6304.444
5183.500,6927.750,7462.222,5261.889,6272.222
5178.083,6891.833,7446.667,5231.778,6257.333
5228.250,6885.750,7509.778,5145.667,6266.556
5195.833,6778.167,7399.111,5202.778,6226.889
5205.417,6813.917,7361.444,5142.556,6243.889
5138.500,6753.417,7326.111,5174.556,6246.889
5139.167,6797.167,7329.111,5217.444,6241.778
5201.750,6739.000,7404.778,5214.667,6272.111
5191.583,6761.000,7506.667,5189.333,6299.444
5136.750,6642.500,7415.667,5145.667,6255.889
5183.833,6705.750,7403.000,5172.000,6273.333
5129.833,6576.833,7317.889,5141.556,6267.222
5124.500,6625.417,7340.333,5170.556,6192.444
5188.667,6580.500,7442.111,5174.778,6285.556
5198.333,6627.000,7423.667,5181.222,6215.444
5245.250,6639.583,7418.556,5169.889,6172.556
5187.333,6571.083,7414.444,5161.667,6236.000
5127.667,6558.667,7302.889,5162.222,6184.444
5152.333,6567.167,7409.222,5190.222,6190.000
5189.417,6566.500,7397.000,5149.778,6239.444
5156.417,6457.833,7355.222,5067.778,6193.889
5132.417,6524.833,7415.333,5110.222,6263.111
5207.500,6501.833,7318.111,5051.556,6207.778
5166.750,6506.667,7319.333,5079.333,6248.444
5181.833,6392.583,7337.333,5028.778,6216.111
5163.000,6393.667,7277.000,5102.000,6209.111
5208.667,6448.250,7319.111,5035.778,6230.444
5196.667,6373.833,7261.556,5024.556,6122.111
5232.333,6380.917,7334.667,5009.444,6183.667
5249.167,6389.167,7210.889,4992.556,6160.889
5226.333,6297.333,7204.889,5001.444,6172.889
5178.917,6310.000,7182.333,4976.111,6136.111
5231.583,6300.083,7241.667,4969.222,6115.556
5181.917,6256.167,7120.778,4956.667,6122.222
5212.500,6273.583,7127.000,4908.222,6160.000
5179.417,6186.917,7138.000,4965.333,6062.667
5182.417,6175.167,7095.778,4944.444,6034.444
5203.750,6088.667,7138.000,4919.333,6069.333
5214.833,6154.000,7158.556,4910.778,6055.444
5187.667,6119.917,7059.444,4929.889,6104.333
5184.750,6132.333,7037.778,4884.889,6047.667
5216.500,6097.500,7063.222,4923.556,6011.222
5214.417,6109.083,7126.444,4905.111,6052.889
5211.750,6091.833,7004.444,4852.333,6036.222
5178.250,6101.417,6981.556,4876.333,5988.111
5210.417,6107.333,7008.222,4900.222,6112.111
5171.250,6069.417,7052.333,4895.889,6035.889
5143.750,6040.667,6961.000,4907.889,6005.444
5169.500,6054.167,6942.556,4857.778,5998.111
5119.750,6023.667,6915.333,4888.444,5960.444
5108.333,6038.417,6918.111,4915.556,6010.889
5095.167,6097.000,6928.222,4873.111,5992.667
5109.583,6011.333,6857.556,4900.667,5956.889
5093.333,5990.167,6863.778,4875.444,5940.556
5027.917,6005.167,6726.889,4888.889,5947.333
5013.167,5981.750,6671.889,4858.778,5857.667
5025.917,5869.750,6632.889,4830.889,5875.111
4989.667,5874.000,6626.778,4803.222,5890.333
5000.250,5871.750,6610.111,4834.778,5908.667
4961.417,5848.583,6579.000,4869.333,5892.778
4919.917,5791.750,6572.444,4799.778,5832.333
4919.167,5786.917,6501.667,4771.778,5863.556
4954.333,5711.167,6499.000,4797.222,5838.222
4931.833,5760.917,6504.000,4803.444,5866.556
4911.167,5778.750,6457.444,4822.333,5778.556
4903.583,5785.083,6497.000,4788.444,5836.444
4920.750,5754.917,6495.444,4803.111,5797.556
4846.333,5720.917,6370.000,4771.111,5728.778
4854.083,5673.833,6414.333,4747.444,5756.556
4826.083,5656.167,6338.111,4732.000,5790.111
4799.500,5722.667,6356.889,4729.778,5755.222
4856.083,5730.750,6342.111,4716.667,5752.333
4849.167,5670.750,6271.889,4768.333,5735.000
4760.333,5699.917,6273.889,4734.444,5814.111
4741.500,5704.167,6241.889,4731.667,5724.000
4795.167,5655.917,6287.222,4725.667,5792.333
4747.500,5662.750,6284.667,4751.667,5741.667
4761.917,5688.667,6312.333,4678.222,5761.778
4750.583,5690.917,6295.000,4712.667,5727.111
4722.250,5642.917,6331.111,4727.556,5708.778
4781.833,5627.500,6319.222,4668.556,5716.222
4729.833,5661.583,6410.667,4745.333,5731.333
4756.833,5664.083,6427.111,4742.000,5790.778
4736.500,5674.583,6475.556,4704.444,5800.889
4756.750,5689.667,6462.889,4683.000,5727.222
4725.583,5639.250,6437.222,4666.333,5716.111
4727.917,5645.833,6507.111,4698.889,5768.556
4741.167,5642.750,6486.222,4661.222,5741.222
4801.083,5679.417,6428.333,4706.222,5733.111
4760.167,5646.667,6565.333,4638.556,5799.333
4812.417,5644.667,6616.222,4656.000,5711.667
4754.250,5615.750,6593.000,4601.667,5718.000
4814.667,5595.333,6662.667,4681.444,5731.222
4791.000,5621.917,6654.333,4665.222,5759.111
4764.833,5576.583,6578.889,4629.111,5702.444
4776.917,5580.167,6544.778,4661.889,5651.222
4838.917,5592.333,6578.556,4640.889,5631.222
4798.583,5560.333,6577.444,4691.556,5733.778
4795.167,5566.500,6584.889,4695.222,5576.667
4808.750,5496.000,6566.111,4644.333,5625.889
4819.083,5522.333,6609.000,4608.333,5602.889
4795.667,5525.667,6491.222,4552.889,5578.778
4720.417,5522.333,6497.556,4614.556,5640.556
4845.917,5563.667,6526.222,4652.222,5525.333
4765.167,5567.417,6506.111,4582.444,5603.556
4706.417,5634.500,6469.333,4605.778,5547.889
4708.167,5564.583,6444.000,4559.444,5568.889
4767.583,5584.083,6404.444,4583.111,5575.778
4770.917,5674.750,6483.778,4622.222,5618.000
4735.583,5615.500,6408.556,4626.333,5586.889
4754.250,5553.250,6310.222,4550.111,5593.111
4743.250,5613.000,6461.333,4518.444,5536.111
4731.500,5562.417,6364.222,4567.667,5525.889
4730.667,5588.250,6380.444,4585.556,5527.889
4724.667,5579.250,6325.556,4611.889,5469.778
4709.000,5538.750,6313.333,4599.556,5568.667
4688.750,5551.083,6323.556,4570.556,5496.333
4647.250,5591.500,6356.889,4572.667,5459.667
4696.750,5581.417,6362.111,4571.778,5486.667
4686.250,5642.667,6294.444,4576.556,5477.222
4661.083,5631.083,6212.222,4582.444,5433.889
4664.083,5564.583,6259.444,4544.333,5506.111
4656.083,5630.250,6203.222,4558.667,5485.556
4708.917,5644.000,6183.444,4575.667,5399.889
4696.083,5612.917,6095.444,4552.778,5436.667
4704.833,5627.250,6174.333,4533.889,5457.778
4663.667,5573.000,6101.778,4572.778,5419.444
4659.833,5560.667,6167.556,4550.000,5426.111
4615.000,5625.000,6047.889,4536.111,5400.556
4646.000,5582.167,6017.333,4530.000,5371.778
4676.750,5656.917,5945.444,4501.444,5470.222
4627.500,5544.083,5960.556,4519.444,5418.333
4676.667,5526.667,6029.778,4488.778,5380.111
4588.167,5484.500,5897.222,4469.000,5380.778
4596.833,5550.167,5969.444,4468.667,5412.556
4559.333,5564.417,5919.667,4496.444,5414.778
4613.417,5620.417,5924.667,4454.889,5414.889
4571.250,5590.250,5910.889,4470.222,5399.778
4614.167,5602.583,5897.000,4485.667,5402.111
4575.083,5583.917,5946.889,4529.000,5398.556
4607.583,5624.917,5948.222,4562.667,5447.222
4606.417,5606.833,5956.222,4462.444,5416.333
4590.083,5581.417,5933.111,4479.889,5394.889
4609.583,5615.083,5928.111,4468.000,5411.000
4584.833,5607.167,5928.333,4473.667,5424.222
4559.333,5537.583,5914.000,4466.000,5379.000
4587.167,5549.833,5912.111,4500.333,5464.333
4619.583,5517.250,5896.667,4468.222,5427.111
4564.917,5514.083,5922.000,4447.778,5403.667
4588.667,5523.333,5910.444,4460.333,5415.111
4527.000,5561.000,5923.000,4459.222,5414.889
4547.000,5544.333,5978.444,4491.667,5347.667
4583.500,5511.250,5880.111,4469.889,5414.667
4578.833,5506.333,5899.778,4471.667,5381.778
4484.333,5501.583,5887.889,4462.111,5360.778
4567.167,5579.667,5866.222,4455.333,5391.556
4544.417,5534.333,5816.333,4426.333,5366.000
4562.500,5532.083,5818.778,4477.222,5415.778
4552.000,5625.750,5887.222,4461.000,5391.556
4518.917,5525.500,5910.111,4490.111,5399.111
4496.167,5534.583,5844.444,4444.667,5374.889
4492.917,5555.250,5903.333,4423.667,5398.333
4531.500,5501.000,5853.667,4494.222,5356.556
4457.583,5501.833,5829.333,4469.111,5286.222
4500.417,5489.250,5738.556,4415.556,5293.556
4458.667,5514.000,5803.667,4455.111,5296.222
4421.667,5451.167,5660.556,4430.889,5246.000
4382.917,5513.000,5750.000,4388.889,5291.667
4415.417,5572.333,5778.222,4365.111,5313.778
4369.250,5529.750,5748.444,4424.778,5318.667
4421.083,5539.250,5699.889,4439.778,5221.222
4361.667,5548.750,5750.889,4360.444,5253.889
4378.250,5602.917,5798.667,4385.667,5251.778
4355.917,5576.083,5756.000,4429.333,5267.111
4334.750,5550.917,5777.222,4382.556,5239.778
4290.917,5560.250,5771.889,4418.667,5255.222
4280.500,5526.250,5730.000,4440.444,5206.111
4298.917,5564.000,5759.333,4365.556,5248.111
4249.667,5562.667,5738.333,4351.889,5243.444
4319.167,5622.167,5771.333,4366.333,5251.556
4317.750,5609.250,5764.000,4361.778,5199.444
4333.333,5672.833,5828.111,4356.111,5216.556
4297.250,5576.750,5857.000,4394.222,5249.556
4279.000,5594.500,5853.778,4403.000,5147.333
4282.250,5644.667,5866.778,4354.889,5226.556
4275.167,5655.833,5837.111,4441.556,5212.778
4298.083,5681.333,5816.444,4395.222,5160.778
4317.167,5670.083,5844.222,4390.111,5227.889
4302.500,5707.333,5915.111,4359.333,5217.889
4367.250,5650.083,5950.333,4355.333,5199.889
4304.500,5696.500,5919.778,4384.778,5169.000
4329.667,5677.500,5901.222,4357.222,5171.111
4336.417,5651.167,5820.000,4349.222,5156.778
4323.583,5653.417,5822.222,4338.889,5236.000
4324.417,5645.667,5861.333,4341.000,5202.222
4335.833,5678.083,5847.000,4329.667,5116.222
4316.417,5670.417,5723.444,4336.889,5241.778
4319.167,5679.167,5741.222,4332.889,5194.111
4332.250,5723.083,5770.111,4314.667,5175.000
4247.333,5731.583,5700.444,4339.889,5167.000
4306.083,5697.667,5730.000,4369.556,5159.444
4290.167,5741.667,5601.889,4310.333,5182.667
4297.083,5766.083,5756.111,4307.000,5243.444
4300.750,5765.083,5678.333,4297.333,5225.667
4270.917,5722.167,5705.000,4252.889,5162.778
4270.667,5695.417,5655.778,4300.556,5180.667
4246.917,5814.000,5723.333,4264.889,5220.444
4222.667,5668.000,5607.111,4279.556,5128.556
4314.667,5672.417,5652.556,4312.667,5199.000
4264.750,5720.333,5645.667,4295.556,5194.778
4267.500,5762.667,5570.444,4296.889,5157.889
4304.417,5711.667,5580.444,4326.222,5185.889
4276.333,5716.500,5573.556,4298.778,5137.222
4290.833,5706.917,5566.444,4308.000,5170.556
4338.083,5753.333,5604.444,4317.000,5169.222
4328.417,5735.250,5590.000,4297.000,5188.667
4356.750,5761.500,5680.778,4311.333,5141.000
4359.167,5769.667,5708.222,4297.556,5144.556
4355.750,5734.333,5712.667,4293.111,5201.111
4349.583,5741.750,5721.889,4316.444,5093.000
4395.250,5744.167,5659.333,4322.222,5152.889
4421.000,5741.917,5721.778,4330.889,5193.556
4419.000,5735.750,5783.222,4294.556,5124.222
4450.750,5746.167,5677.000,4318.222,5217.444
4459.833,5748.333,5660.222,4295.667,5216.667
4458.333,5789.000,5714.556,4279.333,5149.222
4440.667,5708.833,5738.444,4310.333,5159.333
4454.500,5724.833,5673.667,4326.111,5173.444
4471.667,5710.750,5701.444,4329.556,5162.889
4472.583,5764.417,5651.000,4373.778,5208.889
4506.000,5740.000,5689.444,4329.333,5244.111
4502.000,5729.250,5737.000,4301.778,5212.000
4475.833,5774.250,5817.333,4387.222,5214.000
4505.417,5804.167,5719.000,4346.111,5190.111
4468.667,5742.250,5827.889,4362.889,5198.556
4563.583,5738.167,5725.111,4374.000,5236.111
4520.750,5718.333,5754.889,4326.889,5257.333
4511.750,5713.000,5678.889,4349.667,5170.667
4501.833,5708.583,5682.333,4330.222,5230.778
4467.833,5678.000,5638.222,4381.778,5191.667
4483.167,5712.333,5654.444,4312.111,5232.889
4433.500,5705.750,5593.333,4278.889,5177.333
4521.917,5788.250,5639.000,4357.444,5233.444
4547.750,5740.083,5543.667,4301.000,5200.556
4541.833,5747.167,5582.889,4343.889,5146.111
4542.667,5685.250,5607.556,4311.444,5185.000
4604.167,5732.833,5663.222,4301.444,5239.111
4574.833,5720.250,5675.667,4350.000,5262.333
4603.083,5780.167,5662.333,4309.667,5252.778
4594.417,5777.917,5666.778,4332.333,5201.667
4629.167,5776.750,5598.778,4282.222,5258.333
4586.583,5723.667,5698.333,4271.889,5277.667
4617.083,5748.667,5654.333,4301.889,5242.556
4629.667,5734.500,5652.333,4278.667,5205.000
4646.833,5730.667,5713.556,4292.111,5226.000
4653.833,5737.083,5774.000,4273.222,5282.000
4625.333,5725.500,5770.444,4301.667,5246.889
4665.000,5727.000,5778.444,4310.111,5295.556
4637.583,5786.833,5765.667,4320.667,5298.444
4663.083,5753.417,5886.556,4342.333,5233.444
4658.417,5779.833,5880.222,4298.222,5260.111
4616.000,5797.167,5894.111,4281.111,5207.333
4654.000,5780.417,5967.889,4257.333,5226.111
4611.333,5810.750,5987.222,4281.667,5279.778
4622.917,5804.667,5995.000,4301.111,5287.778
4644.917,5779.667,5956.000,4276.444,5266.111
4590.750,5812.083,6021.778,4323.667,5317.667
4631.000,5794.167,6083.000,4275.000,5299.667
4641.917,5808.333,6110.222,4292.333,5263.556
4599.750,5775.500,6061.889,4307.556,5270.778
4576.750,5809.750,6045.333,4329.111,5269.222
4574.750,5708.833,6120.333,4289.778,5285.444
4544.333,5796.500,6091.000,4279.000,5236.667
4570.167,5759.750,6144.556,4283.778,5295.556
4594.250,5756.583,6111.222,4221.333,5358.000
4601.250,5763.333,6071.000,4330.333,5353.000
4568.000,5756.750,6048.667,4307.556,5300.111
4548.000,5726.250,5933.111,4301.333,5311.778
4510.000,5716.667,5976.556,4284.222,5324.556
4560.750,5715.167,5930.111,4281.000,5332.889
4530.750,5691.417,5969.222,4300.778,5314.556
4521.750,5692.917,5936.333,4294.000,5283.778
4503.250,5658.083,5863.889,4272.111,5243.889
4534.000,5739.917,5827.111,4264.111,5283.667
4524.333,5686.833,5791.667,4275.778,5285.667
4584.083,5651.833,5758.222,4299.000,5293.556
4539.667,5687.167,5765.778,4275.333,5249.444
4545.417,5652.917,5686.000,4291.222,5272.000
4515.000,5644.000,5741.667,4292.556,5241.111
4560.417,5692.667,5686.222,4278.667,5242.778
4536.667,5593.083,5604.889,4258.000,5229.778
4498.750,5556.333,5625.222,4245.667,5254.333
4458.250,5601.000,5628.000,4282.222,5216.444
4549.250,5588.083,5596.111,4289.444,5233.556
4529.583,5598.917,5644.000,4247.778,5235.111
4512.250,5578.000,5488.889,4268.000,5247.111
4500.333,5581.583,5487.111,4290.667,5226.000
4528.500,5631.667,5521.222,4233.778,5230.667
4541.500,5612.167,5472.000,4312.889,5203.333
4501.083,5601.417,5497.889,4226.778,5165.667
4530.083,5660.583,5462.444,4287.889,5188.889
4502.583,5622.833,5470.889,4316.222,5192.333
4541.000,5519.417,5441.333,4277.889,5198.222
4496.167,5556.750,5485.000,4281.556,5172.111
4539.667,5576.333,5485.444,4288.556,5233.778
4508.917,5517.250,5530.778,4208.889,5191.778
4528.583,5506.583,5461.222,4215.333,5091.444
4501.917,5447.250,5449.889,4267.667,5184.000
4521.000,5454.750,5514.000,4259.778,5124.556
4568.333,5466.667,5465.778,4239.333,5175.333
4482.667,5449.083,5491.222,4219.333,5218.667
4516.333,5427.667,5404.000,4247.000,5151.778
4490.750,5401.167,5430.778,4217.111,5129.444
4486.000,5344.500,5406.111,4190.333,5153.222
4494.583,5350.833,5364.889,4229.778,5065.778
4438.333,5381.500,5319.111,4220.000,5177.333
4439.333,5403.167,5304.333,4279.333,5113.667
4433.583,5356.583,5335.000,4213.333,5120.556
4395.583,5331.917,5269.778,4171.222,5093.222
4400.083,5337.333,5170.111,4208.667,5061.222
4406.833,5323.667,5226.222,4244.889,5109.667
4386.833,5300.250,5194.667,4164.889,5051.889
4347.667,5315.250,5255.889,4224.444,5064.000
4350.083,5289.250,5224.667,4201.667,5039.222
4309.500,5260.917,5163.111,4219.000,5035.000
4346.583,5194.583,5158.333,4223.333,5064.667
4320.000,5278.750,5213.667,4211.222,5012.333
4341.250,5244.667,5221.111,4208.000,4990.778
4349.417,5262.583,5177.778,4219.444,5046.889
4307.000,5210.833,5253.111,4221.667,5012.667
4358.083,5263.667,5178.778,4197.333,5073.778
4367.833,5171.833,5206.444,4232.333,5037.667
4363.500,5233.167,5167.889,4193.000,5049.556
4354.333,5219.167,5147.889,4146.778,5002.556
4386.083,5190.167,5145.444,4234.222,5008.556
4342.750,5161.917,5150.556,4224.444,5041.556
4377.667,5169.083,5144.000,4269.778,4994.000
4376.083,5121.000,5137.889,4235.000,5010.778
4412.917,5130.417,5183.556,4275.667,4999.222
4455.667,5149.083,5176.889,4267.000,5009.222
4380.250,5126.667,5211.778,4246.111,5045.444
4432.583,5143.250,5212.667,4266.222,4984.667
4468.917,5162.667,5241.000,4281.000,4951.444
4456.333,5123.167,5202.667,4330.444,4941.000
4491.333,5127.833,5219.556,4312.778,4939.111
4488.333,5137.333,5176.778,4291.444,4990.000
4486.083,5138.500,5131.444,4265.333,4982.111
4479.333,5089.000,5116.333,4331.222,4980.556
4487.500,5096.833,5161.889,4308.444,4986.667
4503.917,5157.583,5194.333,4312.111,4978.111
4512.167,5094.583,5219.667,4316.889,4927.222
4586.917,5124.833,5178.667,4336.000,4983.444
4507.667,5086.083,5188.778,4323.667,4996.111
4495.417,5074.000,5141.778,4301.000,4965.667
4533.333,5065.833,5161.000,4261.000,5020.333
4537.833,5078.667,5199.111,4304.778,4996.778
4609.833,5157.000,5216.889,4236.889,4987.111
4594.333,5150.333,5182.333,4256.333,4956.556
4593.583,5104.250,5219.667,4254.444,4984.000
4625.167,5157.750,5197.778,4280.111,4967.222
4644.333,5192.250,5174.556,4339.889,4931.111
4656.333,5225.250,5211.889,4264.667,4978.667
4678.083,5182.083,5191.222,4262.000,4952.778
4648.417,5182.083,5274.333,4294.556,4962.778
4656.417,5203.583,5310.333,4243.000,4956.556
4662.417,5138.583,5285.889,4268.667,4902.889
4659.333,5181.833,5199.333,4239.667,4889.222
4626.583,5189.667,5194.444,4259.000,4939.333
4600.833,5161.250,5189.000,4224.222,4889.778
4644.500,5213.667,5164.222,4225.333,4906.222
4690.167,5228.333,5242.222,4245.667,4912.222
4672.000,5251.500,5280.333,4220.222,4926.444
4702.833,5189.083,5266.556,4261.000,4883.667
4634.917,5221.000,5255.000,4267.444,4908.333
4709.083,5301.000,5276.444,4264.111,4895.222
4704.917,5254.667,5318.222,4256.333,4834.667
4731.167,5260.417,5273.444,4279.333,4877.889
4662.250,5182.083,5287.111,4182.444,4878.444
4666.750,5229.333,5213.333,4238.778,4887.222
4673.250,5281.583,5273.556,4215.333,4901.556
4639.000,5217.250,5214.222,4183.111,4880.333
4674.917,5207.833,5222.667,4196.333,4904.444
4737.417,5183.833,5240.333,4211.000,4868.000
4698.833,5187.250,5219.000,4217.667,4912.333
4682.500,5197.167,5301.556,4223.889,4879.778
4748.250,5232.083,5279.889,4189.111,4865.111
4752.500,5219.667,5388.333,4202.667,4890.333
4698.000,5191.583,5399.778,4222.889,4879.222
4717.417,5215.583,5439.222,4285.889,4873.556
4704.500,5256.500,5467.222,4252.556,4892.333
4826.750,5287.833,5564.667,4213.000,4935.556
4802.917,5288.583,5636.778,4273.667,4887.111
4846.750,5262.667,5673.222,4241.444,4926.444
4823.000,5307.250,5758.778,4242.889,4891.667
4844.750,5302.000,5790.667,4279.111,4983.000
4838.583,5320.583,5767.889,4209.444,5018.444
4859.250,5330.417,5851.111,4279.778,4946.222
4840.750,5368.750,5810.222,4288.556,4984.667
4774.083,5317.083,5903.778,4230.889,4965.222
4836.417,5385.000,5895.111,4299.111,5006.889
4762.000,5315.250,5883.000,4236.778,5006.222
4793.083,5367.083,5846.667,4234.444,4997.667
4809.917,5324.750,5920.222,4271.778,5006.000
4840.500,5332.083,5914.778,4225.556,4941.333
4818.250,5371.917,5928.778,4238.667,5009.556
4818.167,5345.750,5924.556,4231.889,5086.000
4818.667,5367.833,5901.333,4235.000,4947.000
4859.750,5335.333,5997.222,4267.778,4936.333
4895.750,5356.000,5892.889,4298.889,4988.556
4828.833,5341.000,5884.222,4211.000,4982.667
4867.750,5346.167,5925.111,4252.444,4959.444
4853.583,5358.333,5913.222,4284.889,4923.444
4902.167,5337.583,5933.778,4232.222,4995.556
4899.167,5351.083,5955.889,4246.222,4897.778
4919.333,5365.250,5996.444,4266.444,4977.667
4869.667,5367.167,5984.778,4223.333,4976.000
4902.333,5321.667,5955.444,4256.444,4967.000
4868.167,5352.083,6045.556,4232.000,4940.667
4861.083,5312.833,6014.889,4239.889,4890.000
4894.167,5248.333,5970.778,4180.444,4933.778
4841.917,5285.583,6024.778,4227.444,4963.000
4906.583,5274.167,6065.111,4245.667,4944.444
4842.167,5309.500,6008.889,4213.778,4965.333
4873.250,5303.667,6082.333,4230.111,4932.333
4865.500,5316.083,5980.667,4184.889,4929.444
4865.333,5276.833,6076.778,4211.222,4919.556
4846.750,5301.083,6027.778,4238.667,4919.444
4819.083,5264.833,5977.556,4245.889,4933.333
4863.333,5288.000,6019.111,4216.333,4948.000
4829.167,5251.667,6024.889,4245.889,4924.778
4863.917,5336.167,5980.111,4236.889,4935.444
4858.167,5243.417,5909.222,4179.778,4889.778
4852.000,5262.500,6082.556,4169.556,4917.222
4915.667,5252.583,6031.556,4180.111,4901.556
4830.500,5193.833,6124.333,4163.889,4897.889
4811.583,5233.667,6036.111,4162.111,4867.889
4875.667,5244.917,6042.667,4189.889,4835.222
4820.083,5242.000,6042.333,4193.222,4907.333
4874.167,5195.667,6052.556,4175.333,4875.667
4804.833,5217.917,6037.111,4164.444,4900.111
4812.000,5200.917,6043.111,4257.111,4905.111
4883.167,5184.000,5988.333,4200.667,4848.222
4815.167,5151.250,5922.222,4201.556,4881.000
4795.333,5157.833,5969.222,4233.667,4857.889
4851.083,5161.667,5956.556,4242.111,4875.556
4790.333,5157.750,5972.444,4226.111,4849.222
4809.500,5116.167,5921.333,4212.556,4864.222
4763.417,5210.500,5841.778,4229.778,4866.333
4779.333,5183.417,5843.667,4217.556,4877.778
4782.750,5204.500,5775.444,4226.556,4823.889
4726.917,5125.667,5833.333,4274.778,4809.333
4786.833,5168.917,5711.667,4241.333,4933.667
4793.917,5145.333,5705.667,4241.222,4786.778
4750.417,5157.500,5752.444,4253.333,4893.444
4726.667,5171.167,5709.333,4284.778,4890.556
4719.333,5175.583,5706.667,4276.000,4913.556
4703.750,5177.083,5624.111,4239.556,4890.889
4708.250,5127.833,5582.000,4268.000,4842.889
4670.167,5124.167,5618.111,4202.000,4837.778
4702.000,5190.417,5565.000,4241.778,4818.333
4687.167,5143.500,5566.222,4213.556,4882.111
4668.167,5145.083,5578.889,4231.111,4846.444
4638.167,5150.417,5526.333,4198.889,4874.556
4627.667,5167.250,5516.889,4241.889,4907.556
4612.667,5155.250,5512.111,4185.556,4828.333
4622.833,5167.333,5479.222,4210.222,4837.556
4604.250,5169.000,5457.778,4208.000,4914.222
4589.083,5140.417,5483.444,4246.667,4908.000
4701.333,5134.167,5482.889,4228.889,4841.667
4667.667,5161.250,5455.111,4201.556,4872.333
4676.417,5170.000,5472.000,4210.000,4861.556
4644.333,5111.500,5454.667,4171.444,4839.111
4689.417,5162.417,5475.778,4199.667,4882.667
4716.583,5109.583,5522.556,4183.111,4849.222
4677.667,5173.250,5554.778,4185.333,4876.778
4722.167,5170.667,5529.556,4246.333,4836.444
4691.250,5134.000,5456.556,4204.778,4847.667
4729.250,5135.583,5508.333,4215.556,4836.111
4729.917,5131.667,5497.778,4209.889,4867.444
4797.667,5049.583,5418.889,4206.000,4923.889
4783.917,5140.500,5429.556,4227.222,4866.556
4792.500,5137.583,5519.222,4251.444,4865.778
4790.583,5095.833,5453.222,4191.667,4801.111
4774.833,5101.500,5470.556,4193.444,4889.222
4777.083,5106.000,5496.111,4206.000,4814.667
4777.250,5159.167,5494.222,4222.444,4797.000
4780.083,5141.333,5520.111,4194.444,4862.444
4816.583,5149.417,5528.000,4214.889,4868.667
4776.333,5142.667,5482.111,4176.222,4852.556
4813.667,5136.583,5466.889,4162.333,4873.889
4795.000,5122.917,5404.667,4152.000,4840.111
4789.000,5143.500,5398.000,4194.333,4911.778
4778.917,5142.750,5363.556,4191.667,4842.222
4781.000,5114.083,5408.778,4193.000,4860.667
4772.667,5168.417,5353.778,4214.556,4871.889
4696.583,5143.417,5326.000,4215.889,4803.889
4713.333,5098.500,5404.333,4199.667,4834.667
4715.250,5165.167,5376.444,4215.778,4855.000
4673.583,5124.667,5284.778,4258.889,4839.889
4703.583,5139.000,5298.333,4209.667,4823.222
4693.000,5177.917,5292.333,4190.889,4917.000
4616.500,5151.083,5300.778,4261.222,4868.556
4693.917,5161.750,5302.000,4212.333,4926.889
4709.833,5167.833,5277.333,4233.222,4869.111
4704.333,5196.917,5268.222,4228.778,4937.667
4745.250,5154.583,5273.000,4279.222,4884.444
4713.750,5129.000,5264.444,4226.889,4914.667
4680.250,5093.333,5266.778,4228.111,4906.889
4765.500,5094.000,5242.444,4297.556,4908.444
4752.833,5086.667,5250.556,4267.222,4984.889
4733.083,5115.417,5219.000,4261.444,4999.333
4760.833,5143.417,5261.111,4257.333,5008.111
4728.250,5175.667,5313.444,4267.778,4900.222
4750.833,5192.333,5264.667,4280.222,4992.556
4742.000,5114.333,5281.778,4227.222,4897.111
4749.917,5108.500,5253.556,4254.444,4952.667
4751.750,5159.167,5326.667,4285.778,4981.556
4776.167,5142.833,5279.778,4301.000,4998.778
4781.167,5113.917,5334.444,4308.556,5038.222
4789.417,5169.250,5302.222,4297.111,5002.778
4763.833,5145.000,5360.222,4289.778,4971.222
4779.500,5112.583,5382.000,4309.111,5047.556
4749.167,5079.583,5401.667,4249.333,5003.222
4814.833,5133.000,5350.444,4259.444,5011.000
4840.500,5102.417,5439.667,4313.333,5006.778
4850.917,5092.333,5479.667,4324.778,4995.000
4821.833,5099.167,5443.556,4198.222,4987.778
4809.500,5069.333,5433.556,4257.889,4986.778
4857.167,5093.083,5458.889,4295.889,5000.444
4879.250,5114.167,5433.778,4263.667,5005.889
4877.417,5080.083,5414.000,4305.889,4982.444
4899.083,5087.500,5382.556,4303.222,4961.444
4928.917,5107.833,5424.556,4275.667,5013.778
4903.667,5121.250,5369.556,4266.778,5016.889
4900.917,5090.583,5336.556,4235.111,5003.556
4965.417,5073.667,5406.889,4307.667,4948.667
4956.333,5047.583,5338.556,4295.111,4971.111
4958.750,5132.083,5377.778,4338.333,4974.889
5040.750,5094.667,5390.111,4315.111,4925.778
4997.083,5095.000,5394.556,4320.333,5002.667
4994.333,5069.333,5391.556,4253.111,4949.222
5020.333,5092.167,5412.889,4294.556,4996.000
4972.333,5049.000,5359.889,4278.889,4966.556
4981.500,4995.250,5366.667,4301.444,5000.778
4954.583,5047.000,5384.667,4255.889,5007.556
4988.917,5068.583,5384.111,4281.889,4951.556
4932.833,5069.750,5460.444,4327.889,5000.333
4966.833,5031.000,5343.333,4296.778,4981.667
5013.667,5036.750,5419.667,4280.444,5042.889
4991.750,5072.250,5367.889,4316.000,5029.889
4968.083,5111.333,5365.333,4317.111,5010.444
5010.000,5072.833,5337.111,4284.444,5040.444
4985.583,5112.333,5386.778,4322.222,5027.444
5022.583,5083.750,5367.778,4312.889,5031.778
5024.500,5107.833,5345.333,4300.000,4980.889
5041.167,5058.917,5322.444,4287.556,5029.444
5039.583,5110.917,5347.444,4357.444,4998.556
5019.833,5122.583,5379.667,4332.222,5006.333
5082.083,5100.750,5390.556,4341.667,5016.111
5003.500,5134.500,5357.556,4276.333,4980.889
5070.417,5110.667,5382.778,4285.000,4968.333
5084.917,5087.167,5342.111,4272.222,4952.556
5043.583,5102.667,5282.667,4325.556,5007.111
5082.000,5075.583,5315.444,4304.778,4987.556
5035.583,5079.250,5329.556,4308.000,4983.778
5085.833,5084.417,5322.111,4329.444,5016.111
5009.583,5098.250,5293.000,4329.889,4994.667
5075.167,5082.333,5289.333,4281.333,4991.000
5047.583,5107.333,5262.333,4327.889,5008.333
4988.083,5094.333,5250.444,4229.667,4993.889
4998.417,5089.250,5219.111,4305.000,5003.778
5036.333,5111.417,5301.667,4267.222,4939.000
4990.333,5151.667,5298.778,4291.000,4963.444
4972.500,5175.750,5318.667,4294.000,4960.222
5001.833,5093.917,5284.111,4321.222,5042.000
5022.667,5142.917,5236.667,4331.667,5018.333
5042.833,5175.417,5273.444,4291.000,5022.111
5035.750,5146.000,5239.111,4284.000,4957.222
4986.417,5201.167,5266.111,4297.778,4958.222
5044.250,5129.500,5266.222,4331.444,5011.556
5008.167,5122.333,5184.667,4286.111,4965.778
5003.000,5198.250,5189.556,4325.556,5033.889
5008.083,5149.500,5211.333,4363.667,4956.556
4997.250,5153.583,5211.333,4292.556,4967.778
4988.583,5133.917,5235.111,4314.667,4979.222
4986.083,5191.167,5169.556,4281.111,4974.000
4953.583,5180.500,5202.111,4311.222,4958.778
4938.667,5143.250,5158.222,4280.889,4944.222
4955.167,5127.417,5188.889,4281.222,5025.000
4918.750,5196.417,5160.222,4301.667,4906.000
4973.250,5208.750,5148.444,4285.444,4972.222
4922.333,5195.500,5117.222,4310.778,5003.222
4982.917,5162.250,5129.556,4276.222,4966.667
4931.917,5193.583,5077.556,4305.444,4979.556
4971.667,5166.333,5105.333,4291.111,5027.111
4938.083,5234.333,5087.889,4301.778,4971.778
4942.000,5219.000,5045.000,4314.222,4957.556
4954.750,5182.000,4994.000,4324.667,4996.000
4939.500,5126.833,5064.000,4279.444,4983.000
4936.833,5167.000,5022.889,4317.444,4977.556
4954.250,5164.833,5081.778,4297.556,4956.111
4913.833,5168.167,5069.778,4327.111,4987.222
4992.500,5174.917,5008.889,4303.889,4996.889
4957.833,5132.750,5004.667,4267.333,5001.333
4924.083,5133.167,5051.111,4312.222,4959.778
4903.750,5152.333,5014.222,4283.667,4999.222
4895.583,5098.000,5067.222,4326.000,4967.000
4899.083,5081.250,5068.778,4328.111,4985.111
4899.250,5120.000,5090.111,4313.111,5029.333
4905.833,5129.750,5109.667,4293.000,5005.333
4899.750,5078.917,5077.000,4290.222,5025.444
4882.167,5081.333,5111.111,4309.889,5019.444
4858.750,5099.917,5074.444,4297.111,5015.111
4869.750,5127.583,5103.444,4275.444,5006.667
4817.167,5059.583,5158.000,4308.889,5031.333
4820.417,5053.417,5135.444,4314.000,4965.111
4744.250,5076.917,5161.222,4231.667,4997.889
4803.500,5079.500,5108.333,4297.111,5037.222
4809.583,5077.583,5136.222,4287.556,5065.889
4790.833,5052.667,5059.111,4259.667,5040.222
4818.750,5085.083,5133.778,4276.222,5076.556
4777.083,5055.417,5088.556,4293.778,5036.667
4799.417,5066.917,5098.778,4323.000,5046.444
4720.667,5047.750,5049.222,4246.556,5003.778
4727.167,5054.417,5117.000,4233.111,5025.444
4722.250,5059.000,5094.556,4228.111,5054.000
4788.250,5077.417,5098.667,4301.333,4990.222
4762.167,5088.833,5043.667,4243.889,4970.333
4740.500,5062.333,5081.889,4270.778,5028.667
4768.750,5058.083,5033.889,4291.778,5041.667
4768.250,5036.167,5003.556,4254.889,5006.889
4752.500,5075.333,5086.444,4288.889,5063.556
4764.583,5074.083,5084.556,4297.222,5004.111
4797.250,5049.500,5046.222,4232.000,5076.667
4773.250,4991.000,5008.889,4245.000,5124.889
4801.333,4978.750,5016.444,4258.889,5072.778
4800.083,4993.750,5003.889,4249.333,5042.222
4760.917,4976.500,5053.778,4232.778,5003.222
4850.167,4944.417,5027.444,4264.667,5058.222
4786.667,4948.333,5058.667,4297.111,5050.222
4773.333,4920.417,5080.222,4259.667,5045.889
4810.167,4957.750,5103.556,4227.778,5072.333
4807.750,4910.083,5051.889,4225.333,5050.778
4739.250,4901.500,5037.889,4290.667,4989.222
4834.750,4911.500,5106.333,4223.000,5040.222
4790.667,4954.917,5088.444,4224.000,4946.667
4791.750,4977.333,5086.667,4211.222,4987.889
4772.417,4951.833,5089.111,4213.111,4986.556
4825.500,4955.000,5122.556,4228.333,4937.889
4827.250,4969.583,5037.444,4218.111,4995.000
4831.833,4987.833,5034.778,4217.111,4966.222
4771.417,4933.000,5101.667,4244.889,4957.444
4861.917,4911.917,5103.778,4207.111,4972.222
4774.917,4891.417,5084.889,4234.667,4912.000
4827.750,4908.333,5083.889,4193.556,4961.667
4854.583,4935.500,5109.556,4209.333,4956.000
4862.250,4999.083,5146.556,4224.778,4969.667
4830.583,4932.500,5044.556,4219.333,4911.667
4796.667,4904.667,5126.556,4217.444,4990.778
4785.833,4904.667,5066.222,4259.889,4967.556
4800.750,4887.667,5086.667,4195.000,4976.889
4769.167,4861.000,5060.333,4248.889,4930.222
4777.167,4907.333,5091.889,4211.444,4917.889
4711.250,4923.250,5034.333,4202.111,4940.889
4776.500,4905.000,5037.444,4214.556,4965.000
4735.500,4857.250,5102.444,4252.889,4961.778
4700.167,4828.750,5026.556,4235.111,4958.778
4755.833,4856.417,5079.333,4259.778,4983.889
4696.333,4858.750,5086.556,4186.667,4949.000
4720.667,4858.917,5138.222,4151.000,4964.444
4641.667,4849.750,4996.667,4233.889,4910.444
4686.500,4819.083,5017.222,4144.556,4960.556
4633.667,4890.583,5039.889,4259.667,4919.333
4645.083,4829.083,5075.222,4194.889,4891.667
4633.333,4865.750,5058.222,4209.222,4924.222
4641.167,4836.250,5012.556,4230.111,4868.778
4631.667,4841.000,4950.444,4245.889,4942.222
4614.750,4865.667,5001.222,4217.111,4926.222
4624.417,4871.833,4972.444,4197.000,4896.000
4595.500,4855.833,5006.556,4146.444,4899.778
4571.833,4806.750,4960.444,4149.556,4912.778
4617.583,4862.083,4956.667,4137.556,4931.111
4612.667,4912.583,5022.111,4188.889,4972.556
4619.417,4877.250,4931.778,4182.556,4907.778
4608.667,4878.000,4934.222,4172.000,4922.889
4582.417,4908.917,4918.111,4168.556,4942.111
4559.583,4900.000,4900.556,4169.667,4925.889
4584.417,4928.333,4955.222,4169.444,4908.111
4575.333,4933.750,4982.000,4134.444,4951.778
4562.667,4897.417,4898.111,4163.444,4949.333
4619.500,4895.417,4912.444,4204.778,4944.444
4558.250,4879.833,4909.000,4204.889,4863.111
4584.333,4886.833,4917.889,4164.222,4939.889
4519.167,4895.000,4849.889,4168.333,4895.222
4519.500,4885.667,4836.444,4102.000,4963.778
4479.167,4913.833,4919.556,4156.889,4922.333
4483.083,4886.833,4876.000,4117.556,4904.889
4463.500,4870.667,4880.222,4165.333,4940.556
4449.333,4887.083,4811.333,4134.444,4920.444
4474.750,4924.917,4893.444,4124.333,4936.667
4501.083,4894.833,4811.444,4159.222,4886.333
4467.083,4926.500,4838.222,4159.778,4914.556
4459.167,4915.250,4805.111,4160.889,4914.556
4449.417,4898.167,4818.444,4126.444,4877.111
4452.667,4898.083,4852.111,4121.778,4858.778
4387.000,4866.250,4856.333,4161.778,4938.333
4379.167,4840.583,4856.000,4180.444,4859.444
4445.083,4872.167,4812.667,4107.333,4897.889
4393.667,4861.000,4820.333,4182.667,4858.111
4450.333,4924.583,4788.000,4140.556,4887.000
4405.000,4866.167,4766.222,4144.000,4912.111
4385.833,4865.583,4740.333,4138.778,4868.889
4361.917,4879.583,4760.667,4171.000,4902.000
4391.667,4882.333,4739.667,4114.000,4911.111
4387.250,4891.000,4749.556,4096.222,4909.000
4395.000,4860.833,4716.444,4131.444,4888.556
4419.083,4909.833,4740.778,4170.889,4917.444
4392.917,4854.417,4687.889,4145.111,4868.667
4368.500,4873.583,4658.889,4160.333,4925.333
4387.750,4838.667,4712.778,4162.333,4867.667
4342.000,4908.083,4713.778,4108.556,4878.667
4284.917,4912.917,4705.778,4152.444,4838.444
4330.250,4855.333,4686.556,4130.444,4836.222
4340.250,4918.917,4674.111,4163.000,4901.556
4287.167,4856.833,4626.778,4140.778,4861.556
4312.750,4907.833,4716.556,4173.889,4873.556
4334.250,4887.583,4696.889,4214.556,4884.333
4358.500,4869.250,4696.444,4126.333,4877.222
4291.333,4844.667,4686.000,4131.778,4827.889
4336.500,4812.000,4683.889,4145.556,4861.111
4325.500,4828.167,4616.889,4154.222,4891.333
4310.583,4785.000,4678.889,4167.444,4818.778
4271.750,4809.250,4663.556,4153.333,4815.667
4299.417,4809.167,4648.889,4142.111,4884.444
4309.500,4793.000,4662.111,4152.444,4863.778
4283.417,4778.333,4686.556,4119.444,4859.667
4277.583,4783.333,4657.444,4135.889,4874.111
4275.000,4767.250,4599.444,4132.889,4873.667
4258.750,4704.750,4693.556,4130.556,4822.667
4284.583,4752.917,4644.222,4133.444,4860.333
4265.500,4715.667,4589.778,4135.778,4894.333
4228.833,4732.917,4600.333,4105.556,4903.667
4250.667,4771.000,4674.333,4128.778,4873.667
4266.250,4719.250,4667.000,4159.444,4840.000
4243.250,4743.083,4673.333,4153.778,4788.444
4260.917,4726.333,4630.111,4125.778,4891.000
4218.583,4767.250,4588.889,4118.000,4866.444
4273.417,4724.750,4616.111,4130.778,4849.889
4263.833,4689.250,4599.556,4116.444,4881.111
4251.417,4693.333,4624.000,4156.778,4855.222
4248.667,4680.583,4624.000,4136.111,4840.000
4217.917,4707.167,4618.222,4129.000,4863.111
4236.583,4712.500,4559.333,4154.111,4847.000
4231.667,4716.500,4605.222,4120.556,4887.333
4243.667,4728.833,4686.000,4183.222,4859.444
4172.417,4692.500,4588.222,4142.556,4909.667
4226.083,4732.250,4584.778,4107.889,4835.444
4248.750,4708.333,4518.667,4116.889,4860.778
4166.500,4683.000,4578.333,4156.778,4825.889
4192.167,4681.083,4559.333,4119.556,4850.000
4194.583,4672.333,4581.333,4107.111,4850.778
4211.833,4714.750,4553.111,4097.333,4852.222
4218.417,4696.167,4514.000,4136.444,4853.222
4210.000,4718.750,4608.222,4209.333,4825.444
4179.417,4672.333,4540.000,4103.000,4809.667
4230.083,4666.000,4544.444,4138.667,4855.444
4224.667,4662.583,4558.556,4148.889,4858.000
4172.000,4650.333,4558.556,4081.778,4867.778
4201.000,4609.667,4597.111,4130.667,4866.889
4174.833,4646.333,4621.333,4095.222,4875.778
4229.500,4630.083,4576.778,4143.889,4810.889
4205.250,4630.333,4598.778,4161.222,4805.000
4199.583,4612.750,4606.667,4147.778,4872.444
4223.417,4607.500,4577.556,4112.111,4847.889
4191.417,4615.750,4551.000,4094.222,4853.667
4233.833,4585.917,4582.556,4153.556,4830.000
4163.667,4619.333,4572.000,4170.222,4836.667
4157.083,4629.750,4564.111,4172.889,4787.889
4169.667,4553.333,4554.444,4182.222,4828.000
4200.583,4596.417,4582.778,4181.667,4830.778
4148.917,4561.167,4524.889,4151.889,4835.444
4127.917,4565.583,4551.556,4174.333,4831.000
4177.167,4557.833,4619.111,4122.222,4791.444
4173.250,4573.083,4597.222,4168.667,4822.000
4177.083,4576.083,4628.556,4121.444,4806.556
4252.250,4562.500,4622.556,4116.333,4786.444
4210.917,4609.833,4573.444,4193.000,4731.889
4170.083,4583.083,4601.222,4195.889,4743.111
4203.750,4580.833,4555.444,4180.000,4822.111
4176.667,4557.000,4541.778,4157.778,4844.778
4135.250,4450.083,4475.556,4133.222,4773.222
