9455.142857142857,10567.619047619048,9451.285714285714,7975.809523809524,6949.523809523809,5662.333333333333,7399.761904761905,4512.0,9590.380952380952,11279.238095238095
9983.238095238095,11379.809523809523,9689.666666666666,8890.52380952381,7706.571428571428,5849.619047619048,7889.666666666667,5150.047619047619,9842.047619047618,11773.57142857143
10301.619047619048,12826.42857142857,10350.238095238095,9699.47619047619,8322.857142857143,6341.0,8563.285714285714,6239.952380952381,10460.619047619048,12738.52380952381
10169.285714285714,12561.285714285714,10173.714285714286,9462.095238095239,8113.952380952381,6422.952380952381,8365.857142857143,6045.0,10476.047619047618,12769.333333333334
10531.0,12890.666666666666,10334.333333333334,9864.190476190477,8266.904761904761,6803.857142857143,8756.57142857143,6208.952380952381,10631.666666666666,13072.761904761905
10397.0,12826.190476190477,10505.904761904761,9877.57142857143,8357.666666666666,7145.952380952381,8917.809523809523,6209.380952380952,11251.761904761905,13263.52380952381
10265.761904761905,12387.047619047618,10305.904761904761,9556.42857142857,8156.857142857143,7127.476190476191,8686.095238095239,5977.9047619047615,10943.57142857143,13008.714285714286
9729.52380952381,11825.095238095239,10115.190476190477,9200.857142857143,7975.857142857143,7077.238095238095,8360.761904761905,5714.428571428572,10817.952380952382,12728.285714285714
9509.285714285714,11449.619047619048,10003.619047619048,8964.047619047618,7662.285714285715,6808.571428571428,8040.571428571428,5473.761904761905,10594.333333333334,12581.190476190477
9260.238095238095,11051.47619047619,9757.904761904761,8681.761904761905,7414.619047619048,6684.952380952381,7762.0952380952385,5306.809523809524,10458.190476190477,12371.285714285714
9016.095238095239,10696.47619047619,9549.142857142857,8405.809523809523,7157.428571428572,6508.238095238095,7769.761904761905,5105.523809523809,10260.380952380952,12111.0
8708.380952380952,9889.142857142857,9154.904761904761,7781.952380952381,6741.047619047619,6135.857142857143,7141.380952380952,4695.333333333333,9734.0,11427.42857142857
8215.190476190477,9789.47619047619,8985.142857142857,7655.857142857143,6661.571428571428,6051.333333333333,7052.571428571428,4640.761904761905,9646.0,11295.857142857143
8116.571428571428,9489.57142857143,8934.142857142857,7454.0952380952385,6502.285714285715,5962.0,6906.476190476191,4531.9047619047615,9431.952380952382,11109.142857142857
7997.666666666667,9312.380952380952,8798.57142857143,7097.238095238095,6439.428571428572,5875.476190476191,6707.238095238095,4457.666666666667,9348.190476190477,10916.809523809523
7922.619047619048,9142.0,8648.52380952381,6975.666666666667,6313.0,5766.190476190476,6592.0952380952385,4380.523809523809,9180.47619047619,10701.0
7808.523809523809,8948.42857142857,8577.42857142857,6938.9047619047615,6174.523809523809,5731.142857142857,6478.285714285715,4309.047619047619,9026.333333333334,10640.380952380952
7792.285714285715,8776.666666666666,8399.809523809523,6833.333333333333,6033.333333333333,5673.761904761905,6366.476190476191,4272.9047619047615,8933.666666666666,10464.47619047619
7651.523809523809,8574.619047619048,8334.619047619048,6791.714285714285,5915.0,5620.714285714285,6276.809523809524,4231.380952380952,8771.619047619048,10378.714285714286
7508.428571428572,8640.666666666666,8172.571428571428,6651.571428571428,5815.380952380952,5553.190476190476,6172.761904761905,4143.047619047619,8720.57142857143,10219.190476190477
7400.142857142857,8515.857142857143,8141.380952380952,6619.714285714285,5753.857142857143,5496.0,6019.666666666667,4124.0952380952385,8553.47619047619,10051.333333333334
7358.285714285715,8362.238095238095,8145.809523809524,6525.142857142857,5692.666666666667,5470.761904761905,5971.476190476191,4043.5238095238096,8520.42857142857,9863.380952380952
7289.142857142857,7986.952380952381,7912.809523809524,6124.0,5455.666666666667,5313.333333333333,5748.619047619048,3945.5238095238096,8301.380952380952,9609.857142857143
7297.952380952381,7901.571428571428,7851.952380952381,6083.952380952381,5431.714285714285,5274.761904761905,5642.476190476191,3906.3333333333335,8387.47619047619,9483.190476190477
7207.380952380952,7735.523809523809,7785.0952380952385,6010.9047619047615,5407.523809523809,5212.142857142857,5534.714285714285,3867.714285714286,8184.857142857143,9367.666666666666
7308.857142857143,7593.952380952381,7658.238095238095,5936.571428571428,5297.428571428572,5215.619047619048,5476.238095238095,3825.1428571428573,8094.9047619047615,9305.47619047619
7300.190476190476,7426.285714285715,7590.0952380952385,5843.9047619047615,5214.428571428572,5159.285714285715,5386.857142857143,3783.1428571428573,8006.952380952381,9108.42857142857
7177.523809523809,7366.0,7546.571428571428,5780.380952380952,5188.047619047619,5086.0952380952385,5390.428571428572,3774.3809523809523,7965.809523809524,8976.47619047619
7038.0,7248.0,7499.761904761905,5626.047619047619,5104.0,5055.857142857143,5342.0,3741.7619047619046,7889.047619047619,8898.095238095239
7042.0,7164.0,7383.238095238095,5655.047619047619,5069.523809523809,5053.047619047619,5228.333333333333,3719.714285714286,7796.571428571428,8738.142857142857
6931.761904761905,7032.428571428572,7355.428571428572,5560.714285714285,5027.047619047619,5014.714285714285,5208.9047619047615,3693.2380952380954,7715.333333333333,8703.238095238095
6765.666666666667,6987.952380952381,7275.428571428572,5483.142857142857,5015.714285714285,5011.142857142857,5157.0952380952385,3660.0476190476193,7695.190476190476,8573.666666666666
6757.809523809524,6916.857142857143,7205.809523809524,5372.666666666667,4921.476190476191,4898.428571428572,5041.666666666667,3630.0476190476193,7594.333333333333,8465.761904761905
6476.476190476191,6796.047619047619,7023.0,5241.571428571428,4808.333333333333,4819.809523809524,4904.809523809524,3564.4285714285716,7450.142857142857,8151.619047619048
6407.285714285715,6741.333333333333,6963.761904761905,5192.9047619047615,4710.285714285715,4827.761904761905,4857.952380952381,3547.190476190476,7393.0,8065.333333333333
6371.333333333333,6683.428571428572,6927.0952380952385,5137.857142857143,4714.142857142857,4791.523809523809,4786.9047619047615,3533.6666666666665,7392.476190476191,8082.619047619048
6303.571428571428,6559.9047619047615,6904.952380952381,5105.571428571428,4717.142857142857,4722.0,4772.380952380952,3499.809523809524,7336.476190476191,7988.380952380952
6284.666666666667,6491.380952380952,6776.380952380952,5029.714285714285,4696.0,4709.142857142857,4677.333333333333,3485.285714285714,7268.190476190476,7836.666666666667
6303.285714285715,6473.619047619048,6743.857142857143,4965.857142857143,4593.047619047619,4694.952380952381,4690.761904761905,3470.3333333333335,7166.380952380952,7752.0952380952385
6269.571428571428,6376.523809523809,6696.238095238095,4963.190476190476,4626.047619047619,4659.476190476191,4630.190476190476,3431.095238095238,7127.952380952381,7681.9047619047615
6141.952380952381,6320.666666666667,6646.380952380952,4880.142857142857,4568.190476190476,4611.047619047619,4601.380952380952,3421.904761904762,7037.523809523809,7660.380952380952
6154.0952380952385,6267.952380952381,6572.238095238095,4923.523809523809,4500.714285714285,4625.619047619048,4548.523809523809,3419.3809523809523,7048.809523809524,7547.523809523809
6105.238095238095,6193.761904761905,6565.476190476191,4807.761904761905,4462.285714285715,4603.428571428572,4476.380952380952,3390.285714285714,6957.857142857143,7528.9047619047615
6121.523809523809,6168.9047619047615,6501.428571428572,4764.285714285715,4424.9047619047615,4592.380952380952,4455.952380952381,3394.3809523809523,6888.666666666667,7354.285714285715
5889.857142857143,6028.285714285715,6246.857142857143,4616.0952380952385,4340.428571428572,4469.571428571428,4348.190476190476,3330.5238095238096,6697.571428571428,7198.0952380952385
5889.857142857143,6023.0,6216.142857142857,4595.238095238095,4296.666666666667,4456.238095238095,4322.238095238095,3343.6190476190477,6662.333333333333,7159.380952380952
5907.571428571428,5975.571428571428,6273.428571428572,4567.571428571428,4299.571428571428,4439.523809523809,4309.714285714285,3310.190476190476,6608.666666666667,7017.714285714285
5869.619047619048,5909.9047619047615,6230.523809523809,4566.0,4237.285714285715,4431.619047619048,4298.142857142857,3302.3333333333335,6610.714285714285,7012.0
5799.190476190476,5829.571428571428,6140.142857142857,4478.0,4266.0952380952385,4415.857142857143,4262.952380952381,3293.904761904762,6579.571428571428,6919.571428571428
5737.952380952381,5817.047619047619,6121.809523809524,4486.238095238095,4277.285714285715,4388.047619047619,4242.571428571428,3312.8571428571427,6507.809523809524,6868.809523809524
5742.761904761905,5739.428571428572,6104.666666666667,4404.952380952381,4203.190476190476,4386.619047619048,4188.0,3253.809523809524,6466.142857142857,6800.238095238095
5706.9047619047615,5671.428571428572,5986.476190476191,4407.714285714285,4204.047619047619,4390.238095238095,4140.428571428572,3260.904761904762,6411.761904761905,6798.047619047619
5636.571428571428,5644.857142857143,5921.761904761905,4355.0,4173.571428571428,4349.380952380952,4077.904761904762,3243.285714285714,6405.238095238095,6685.238095238095
5612.476190476191,5580.142857142857,5874.428571428572,4301.952380952381,4162.476190476191,4346.428571428572,4084.190476190476,3245.809523809524,6345.761904761905,6663.238095238095
5617.714285714285,5528.0,5838.619047619048,4302.428571428572,4109.285714285715,4299.190476190476,4082.8571428571427,3205.190476190476,6306.142857142857,6577.809523809524
5462.9047619047615,5308.9047619047615,5703.761904761905,4203.571428571428,3995.0,4197.428571428572,3974.4285714285716,3206.285714285714,5926.619047619048,6374.428571428572
5417.285714285715,5300.428571428572,5663.047619047619,4173.952380952381,3989.190476190476,4211.666666666667,3947.5238095238096,3144.714285714286,5966.761904761905,6303.380952380952
5394.809523809524,5227.761904761905,5638.333333333333,4123.0,3965.4285714285716,4211.0,3895.4285714285716,3154.3809523809523,5885.285714285715,6260.9047619047615
5302.809523809524,5152.571428571428,5599.190476190476,4119.857142857143,3967.5714285714284,4208.380952380952,3895.5714285714284,3191.1428571428573,5820.047619047619,6150.0952380952385
5257.666666666667,5124.047619047619,5561.0952380952385,4063.8571428571427,3923.2380952380954,4172.0,3872.3809523809523,3173.904761904762,5806.523809523809,6104.714285714285
5220.0,5055.571428571428,5522.380952380952,4064.0,3917.5238095238096,4156.0952380952385,3788.285714285714,3183.2380952380954,5776.428571428572,6233.333333333333
5246.285714285715,5051.0952380952385,5471.0952380952385,4052.0,3910.714285714286,4135.476190476191,3814.6190476190477,3153.5714285714284,5743.9047619047615,6471.714285714285
5186.333333333333,5047.619047619048,5445.190476190476,4047.0476190476193,3867.0,4156.0952380952385,3879.190476190476,3141.0,5717.428571428572,6422.714285714285
5219.809523809524,5066.285714285715,5422.047619047619,4034.1428571428573,3872.6666666666665,4101.285714285715,3837.9523809523807,3156.0476190476193,5675.9047619047615,6453.190476190476
5184.0952380952385,4993.523809523809,5346.428571428572,4000.5714285714284,3833.4285714285716,4092.714285714286,3813.904761904762,3141.3333333333335,5620.9047619047615,6570.0
5143.714285714285,4982.761904761905,5331.0952380952385,3974.3809523809523,3832.095238095238,4072.7619047619046,3793.190476190476,3120.0476190476193,5595.571428571428,6492.190476190476
5107.190476190476,4891.761904761905,5196.0952380952385,3962.0,3765.285714285714,4016.4285714285716,3753.904761904762,3131.0476190476193,5534.523809523809,6205.047619047619
5042.238095238095,4844.666666666667,5140.761904761905,3885.9523809523807,3778.2380952380954,4032.904761904762,3733.1428571428573,3137.5714285714284,5532.047619047619,6145.857142857143
5055.0952380952385,4825.571428571428,5148.0952380952385,3915.904761904762,3754.5238095238096,4020.6666666666665,3711.0476190476193,3165.8571428571427,5501.666666666667,6035.619047619048
4983.047619047619,4781.714285714285,5142.142857142857,3961.285714285714,3712.4761904761904,3981.190476190476,3695.7619047619046,3160.0,5449.428571428572,5978.952380952381
4980.666666666667,4772.428571428572,5104.0,3922.809523809524,3720.3809523809523,3959.1428571428573,3685.285714285714,3110.8571428571427,5383.571428571428,5870.238095238095
4904.714285714285,4711.238095238095,5053.142857142857,3910.1428571428573,3697.6666666666665,3966.6190476190477,3635.4285714285716,3106.4761904761904,5385.0,5784.047619047619
4868.952380952381,4683.285714285715,5017.0,3906.0476190476193,3691.904761904762,3935.6190476190477,3618.1428571428573,3127.714285714286,5333.523809523809,5706.523809523809
4873.238095238095,4668.761904761905,5018.428571428572,3892.4761904761904,3683.714285714286,3892.714285714286,3627.714285714286,3135.1428571428573,5311.190476190476,5618.761904761905
4837.714285714285,4641.285714285715,5001.142857142857,3857.095238095238,3737.5714285714284,3937.4285714285716,3623.4761904761904,3138.2380952380954,5283.9047619047615,5615.428571428572
4773.523809523809,4624.9047619047615,4956.476190476191,3861.095238095238,3711.9523809523807,3882.9523809523807,3634.190476190476,3110.095238095238,5227.476190476191,5563.333333333333
4764.619047619048,4587.857142857143,4969.047619047619,3852.904761904762,3706.3333333333335,3883.4761904761904,3593.4761904761904,3124.0,5215.142857142857,5441.142857142857
4630.857142857143,4522.142857142857,4848.952380952381,3797.5238095238096,3649.7619047619046,3857.5238095238096,3575.7619047619046,3121.809523809524,5159.142857142857,5288.0952380952385
4607.047619047619,4558.809523809524,4851.0952380952385,3813.4285714285716,3651.285714285714,3868.5238095238096,3586.5238095238096,3133.2380952380954,5100.333333333333,5264.380952380952
4610.428571428572,4518.952380952381,4797.571428571428,3807.5238095238096,3640.6666666666665,3878.5714285714284,3560.285714285714,3117.0,5105.238095238095,5222.238095238095
4583.238095238095,4528.333333333333,4750.809523809524,3794.3333333333335,3629.2380952380954,3870.5238095238096,3523.4761904761904,3110.9523809523807,5111.523809523809,5160.142857142857
4572.142857142857,4513.285714285715,4779.476190476191,3798.809523809524,3634.3809523809523,3823.285714285714,3542.0,3097.9523809523807,5053.809523809524,5086.047619047619
4507.714285714285,4473.142857142857,4751.9047619047615,3794.095238095238,3621.0476190476193,3830.6190476190477,3527.0476190476193,3098.0476190476193,5031.238095238095,5044.619047619048
4465.809523809524,4448.0,4732.571428571428,3830.904761904762,3590.714285714286,3878.2380952380954,3533.7619047619046,3085.3809523809523,5037.619047619048,4978.380952380952
4485.619047619048,4460.142857142857,4707.0,3910.904761904762,3570.904761904762,3844.714285714286,3531.0,3093.1428571428573,5024.428571428572,4945.714285714285
4529.666666666667,4467.428571428572,4682.190476190476,3919.0,3575.0476190476193,3838.285714285714,3522.095238095238,3100.5238095238096,5006.285714285715,4924.190476190476
4535.619047619048,4416.809523809524,4677.380952380952,3824.3809523809523,3586.4761904761904,3801.8571428571427,3486.5238095238096,3102.4761904761904,4953.761904761905,4892.428571428572
4554.238095238095,4368.952380952381,4686.0,3823.1428571428573,3589.3809523809523,3804.285714285714,3473.2380952380954,3091.4761904761904,4988.428571428572,4818.571428571428
4484.333333333333,4358.380952380952,4642.666666666667,3775.0,3557.5714285714284,3783.0476190476193,3480.5238095238096,3118.285714285714,4873.380952380952,4693.666666666667
4458.571428571428,4375.9047619047615,4626.714285714285,3770.8571428571427,3558.6666666666665,3778.7619047619046,3445.904761904762,3077.4285714285716,4868.190476190476,4659.952380952381
4401.333333333333,4344.285714285715,4663.761904761905,3776.285714285714,3528.2380952380954,3759.0,3473.6190476190477,3098.190476190476,4775.047619047619,4647.476190476191
4383.0,4359.523809523809,4609.523809523809,3747.190476190476,3506.2380952380954,3767.809523809524,3454.6666666666665,3086.714285714286,4758.9047619047615,4611.0952380952385
4358.0952380952385,4301.380952380952,4587.380952380952,3705.095238095238,3495.1428571428573,3747.2380952380954,3434.0,3097.8571428571427,4751.0,4610.666666666667
4354.238095238095,4315.428571428572,4572.619047619048,3733.6666666666665,3535.4761904761904,3789.904761904762,3409.9523809523807,3088.904761904762,4713.952380952381,4545.619047619048
4338.142857142857,4336.047619047619,4531.333333333333,3707.5238095238096,3533.4285714285716,3781.1428571428573,3441.2380952380954,3102.0476190476193,4682.428571428572,4516.333333333333
4316.857142857143,4321.9047619047615,4530.380952380952,3697.3333333333335,3522.7619047619046,3753.4761904761904,3439.285714285714,3112.904761904762,4693.047619047619,4483.523809523809
4284.714285714285,4341.333333333333,4511.952380952381,3724.3333333333335,3504.5238095238096,3753.3809523809523,3423.9523809523807,3103.190476190476,4667.9047619047615,4448.619047619048
4249.428571428572,4297.476190476191,4490.0952380952385,3664.7619047619046,3517.4285714285716,3709.8571428571427,3416.095238095238,3080.3809523809523,4635.238095238095,4433.809523809524
4243.0,4288.619047619048,4492.666666666667,3688.714285714286,3530.5714285714284,3698.2380952380954,3412.4761904761904,3079.1428571428573,4607.714285714285,4412.190476190476
4200.809523809524,4259.142857142857,4476.571428571428,3672.095238095238,3499.9523809523807,3699.4761904761904,3369.095238095238,3110.5238095238096,4529.523809523809,4352.619047619048
4177.238095238095,4225.857142857143,4459.714285714285,3667.285714285714,3507.2380952380954,3681.1428571428573,3372.809523809524,3102.4285714285716,4506.857142857143,4306.666666666667
4134.857142857143,4226.619047619048,4461.9047619047615,3654.285714285714,3496.9523809523807,3671.190476190476,3389.904761904762,3081.904761904762,4463.523809523809,4320.666666666667
4127.761904761905,4232.952380952381,4403.142857142857,3658.8571428571427,3473.2380952380954,3672.4285714285716,3367.6666666666665,3104.190476190476,4479.619047619048,4292.428571428572
4125.047619047619,4230.238095238095,4448.952380952381,3663.0476190476193,3480.5714285714284,3699.9523809523807,3367.6666666666665,3083.5238095238096,4475.9047619047615,4283.761904761905
4112.0952380952385,4228.666666666667,4446.714285714285,3652.0476190476193,3468.5238095238096,3717.8571428571427,3361.2380952380954,3074.095238095238,4413.523809523809,4282.619047619048
4086.714285714286,4196.238095238095,4405.523809523809,3663.6190476190477,3454.3809523809523,3766.3333333333335,3364.3809523809523,3083.714285714286,4421.571428571428,4386.333333333333
4101.238095238095,4208.047619047619,4408.9047619047615,3659.3809523809523,3455.0,3743.2380952380954,3351.0476190476193,3123.3809523809523,4386.0,4402.761904761905
4092.285714285714,4222.142857142857,4360.238095238095,3671.5238095238096,3448.0,3774.4285714285716,3329.190476190476,3066.3809523809523,4384.809523809524,4373.857142857143
4081.714285714286,4179.523809523809,4383.761904761905,3644.5238095238096,3442.0476190476193,3731.190476190476,3341.714285714286,3104.5238095238096,4308.476190476191,4349.857142857143
4062.904761904762,4185.523809523809,4404.380952380952,3635.809523809524,3473.4285714285716,3706.0476190476193,3313.5714285714284,3090.904761904762,4355.476190476191,4329.571428571428
4029.904761904762,4133.809523809524,4342.809523809524,3661.6190476190477,3457.1428571428573,3696.8571428571427,3311.5238095238096,3077.5714285714284,4318.190476190476,4279.380952380952
4023.5238095238096,4149.428571428572,4317.190476190476,3655.5714285714284,3448.809523809524,3673.1428571428573,3324.3809523809523,3086.7619047619046,4299.190476190476,4234.190476190476
3998.190476190476,4153.047619047619,4325.142857142857,3633.8571428571427,3453.0,3686.809523809524,3310.1428571428573,3103.809523809524,4276.380952380952,4242.142857142857
4003.5238095238096,4150.380952380952,4369.571428571428,3658.285714285714,3439.285714285714,3676.5238095238096,3285.714285714286,3083.190476190476,4251.0952380952385,4207.047619047619
4015.809523809524,4167.190476190476,4301.285714285715,3620.9523809523807,3450.285714285714,3687.3333333333335,3291.2380952380954,3083.6666666666665,4217.761904761905,4196.238095238095
3997.6190476190477,4162.142857142857,4299.142857142857,3662.809523809524,3428.5714285714284,3678.9523809523807,3315.285714285714,3060.3809523809523,4238.0,4172.9047619047615
3996.809523809524,4159.0,4317.809523809524,3637.904761904762,3436.904761904762,3652.9523809523807,3297.8571428571427,3084.095238095238,4175.523809523809,4148.0
3969.4285714285716,4163.428571428572,4284.380952380952,3623.4285714285716,3432.0,3673.0,3253.5714285714284,3080.809523809524,4267.666666666667,4141.9047619047615
3960.6666666666665,4150.523809523809,4273.047619047619,3630.4761904761904,3426.904761904762,3640.809523809524,3280.3333333333335,3069.9523809523807,4251.619047619048,4118.380952380952
3950.2380952380954,4179.809523809524,4269.571428571428,3633.809523809524,3427.5714285714284,3662.6666666666665,3306.4285714285716,3070.9523809523807,4229.047619047619,4161.619047619048
3909.5238095238096,4143.571428571428,4296.380952380952,3626.6666666666665,3428.7619047619046,3622.5238095238096,3277.2380952380954,3082.2380952380954,4196.619047619048,4153.238095238095
3884.5238095238096,4127.333333333333,4253.142857142857,3614.8571428571427,3403.0476190476193,3611.904761904762,3293.8571428571427,3088.285714285714,4137.238095238095,4080.3333333333335
3883.6190476190477,4130.666666666667,4227.523809523809,3618.7619047619046,3399.7619047619046,3599.285714285714,3266.5238095238096,3088.6666666666665,4100.476190476191,4044.714285714286
3910.5238095238096,4129.238095238095,4200.714285714285,3640.4761904761904,3423.6666666666665,3582.7619047619046,3259.9523809523807,3071.5714285714284,4134.380952380952,4058.809523809524
3889.095238095238,4118.571428571428,4230.952380952381,3626.904761904762,3420.6190476190477,3600.095238095238,3257.1428571428573,3077.4761904761904,4164.380952380952,4013.3333333333335
3892.5714285714284,4143.190476190476,4194.571428571428,3613.285714285714,3432.8571428571427,3591.809523809524,3271.4285714285716,3078.8571428571427,4050.190476190476,4062.5238095238096
3874.6666666666665,4132.857142857143,4202.285714285715,3637.904761904762,3407.809523809524,3588.4761904761904,3259.6666666666665,3092.4285714285716,4057.1428571428573,4053.8571428571427
3889.4285714285716,4126.238095238095,4199.238095238095,3614.095238095238,3415.095238095238,3612.904761904762,3280.7619047619046,3088.5714285714284,4086.095238095238,4054.6666666666665
3898.0476190476193,4141.619047619048,4186.571428571428,3610.809523809524,3406.5714285714284,3582.8571428571427,3236.4761904761904,3085.0,4107.428571428572,4034.4285714285716
3882.714285714286,4111.571428571428,4200.380952380952,3616.4761904761904,3427.714285714286,3559.4761904761904,3249.3333333333335,3074.2380952380954,4031.1428571428573,4004.7619047619046
3871.809523809524,4116.809523809524,4196.238095238095,3632.6666666666665,3436.2380952380954,3592.0,3246.904761904762,3083.7619047619046,4038.095238095238,4019.285714285714
3856.5238095238096,4125.666666666667,4172.666666666667,3616.0,3438.2380952380954,3599.1428571428573,3219.5714285714284,3077.8571428571427,3998.8571428571427,4010.190476190476
3842.5238095238096,4092.2380952380954,4146.809523809524,3618.5714285714284,3434.285714285714,3540.8571428571427,3243.190476190476,3082.6666666666665,3948.809523809524,3963.0476190476193
3814.4761904761904,4112.809523809524,4151.714285714285,3620.4761904761904,3413.904761904762,3576.809523809524,3232.0,3065.6190476190477,3948.4761904761904,3945.8571428571427
3842.4285714285716,4085.285714285714,4138.809523809524,3616.7619047619046,3438.904761904762,3578.0,3232.0476190476193,3078.0,3939.6190476190477,3971.5238095238096
3827.4285714285716,4098.047619047619,4123.523809523809,3630.285714285714,3441.4285714285716,3543.3809523809523,3231.5714285714284,3105.4285714285716,3911.5714285714284,3954.190476190476
3828.8571428571427,4108.190476190476,4109.9047619047615,3630.285714285714,3464.809523809524,3554.714285714286,3222.4285714285716,3089.0476190476193,3888.4761904761904,3943.5238095238096
3787.6190476190477,4097.857142857143,4146.9047619047615,3624.5238095238096,3449.1428571428573,3524.809523809524,3243.4761904761904,3081.0,3889.4761904761904,3948.7619047619046
3813.6190476190477,4132.619047619048,4111.285714285715,3614.5714285714284,3424.1428571428573,3506.0476190476193,3252.714285714286,3099.9523809523807,3908.904761904762,3922.9523809523807
3812.809523809524,4106.476190476191,4091.1428571428573,3619.2380952380954,3432.7619047619046,3551.714285714286,3204.4761904761904,3075.4285714285716,3856.285714285714,3927.6190476190477
3793.2380952380954,4130.809523809524,4090.095238095238,3612.0,3434.4285714285716,3525.6666666666665,3227.714285714286,3122.2380952380954,3834.904761904762,3939.809523809524
3820.285714285714,4089.4761904761904,4099.047619047619,3631.6666666666665,3441.714285714286,3535.2380952380954,3224.6666666666665,3090.2380952380954,3873.2380952380954,3900.3333333333335
3787.1428571428573,4056.904761904762,4100.428571428572,3615.8571428571427,3410.095238095238,3554.904761904762,3223.3809523809523,3093.5714285714284,3826.7619047619046,3903.190476190476
3789.1428571428573,4077.6666666666665,4082.904761904762,3604.6666666666665,3411.1428571428573,3524.7619047619046,3224.4285714285716,3113.190476190476,3793.4761904761904,3891.285714285714
3795.4761904761904,4077.0,4089.714285714286,3629.190476190476,3423.5714285714284,3515.3809523809523,3212.4761904761904,3086.3333333333335,3755.5714285714284,3899.5714285714284
3763.3333333333335,4076.6190476190477,4068.3809523809523,3661.809523809524,3427.5238095238096,3526.2380952380954,3222.285714285714,3107.5238095238096,3793.1428571428573,3870.4285714285716
3784.3809523809523,4073.6190476190477,4088.3333333333335,3629.7619047619046,3390.2380952380954,3535.9523809523807,3224.8571428571427,3114.7619047619046,3781.190476190476,3862.3809523809523
3782.7619047619046,4075.3333333333335,4072.809523809524,3626.4285714285716,3415.0,3520.6666666666665,3219.7619047619046,3070.904761904762,3779.9523809523807,3854.1428571428573
3794.2380952380954,4072.3809523809523,4060.9523809523807,3635.6190476190477,3431.6190476190477,3510.4285714285716,3224.4285714285716,3093.9523809523807,3760.4761904761904,3862.904761904762
3777.809523809524,4045.7619047619046,4034.0476190476193,3643.4761904761904,3402.7619047619046,3550.6666666666665,3211.714285714286,3116.3809523809523,3776.3809523809523,3869.9523809523807
3785.6666666666665,4048.0,4072.0,3639.904761904762,3389.714285714286,3509.3809523809523,3224.809523809524,3089.904761904762,3736.809523809524,3847.904761904762
3762.6666666666665,4063.5238095238096,4032.190476190476,3585.0476190476193,3423.4761904761904,3533.190476190476,3213.3809523809523,3087.6190476190477,3795.4285714285716,3869.8571428571427
3745.714285714286,4088.0,4071.190476190476,3628.8571428571427,3394.1428571428573,3516.6666666666665,3216.0476190476193,3099.1428571428573,3710.3809523809523,3835.0
3791.285714285714,4062.5714285714284,4036.4761904761904,3611.6190476190477,3402.7619047619046,3517.095238095238,3216.095238095238,3108.9523809523807,3738.714285714286,3846.095238095238
3776.285714285714,4081.5714285714284,4042.6666666666665,3638.285714285714,3389.5238095238096,3502.714285714286,3206.809523809524,3099.3809523809523,3690.7619047619046,3822.9523809523807
3738.095238095238,4051.0476190476193,4053.7619047619046,3645.1428571428573,3398.2380952380954,3496.5238095238096,3223.7619047619046,3064.095238095238,3695.4761904761904,3853.0
3746.5714285714284,4058.0476190476193,4038.809523809524,3637.809523809524,3407.904761904762,3540.2380952380954,3203.4761904761904,3105.3333333333335,3686.5238095238096,3853.9523809523807
3740.8571428571427,4054.4761904761904,4052.8571428571427,3643.5714285714284,3418.904761904762,3519.6190476190477,3207.2380952380954,3088.6666666666665,3680.2380952380954,3854.6190476190477
3751.190476190476,4018.1428571428573,4005.0476190476193,3646.4761904761904,3394.9523809523807,3507.6666666666665,3215.190476190476,3095.095238095238,3666.809523809524,3834.4761904761904
3745.6190476190477,4060.4761904761904,4019.2380952380954,3640.5238095238096,3428.285714285714,3502.285714285714,3209.1428571428573,3083.904761904762,3685.7619047619046,3806.2380952380954
3759.6666666666665,4051.2380952380954,4032.6190476190477,3627.6190476190477,3392.190476190476,3506.809523809524,3227.9523809523807,3075.285714285714,3682.7619047619046,3820.0476190476193
3791.2380952380954,4076.7619047619046,4023.6190476190477,3639.0,3436.285714285714,3483.3809523809523,3175.190476190476,3113.714285714286,3641.3333333333335,3827.285714285714
3733.714285714286,4065.3333333333335,4036.3333333333335,3629.0476190476193,3427.3809523809523,3456.8571428571427,3212.4285714285716,3100.3333333333335,3688.1428571428573,3839.190476190476
3749.0,4072.904761904762,4014.095238095238,3626.5714285714284,3385.3333333333335,3505.190476190476,3241.5238095238096,3099.4761904761904,3642.285714285714,3821.190476190476
3774.1428571428573,4071.7619047619046,3985.809523809524,3635.6190476190477,3397.190476190476,3480.5714285714284,3192.5714285714284,3099.2380952380954,3617.095238095238,3834.904761904762
3724.3809523809523,4042.8571428571427,4033.809523809524,3632.0476190476193,3440.6190476190477,3508.0,3228.4761904761904,3106.9523809523807,3607.1428571428573,3803.4285714285716
3753.285714285714,4034.4285714285716,4024.6666666666665,3627.285714285714,3422.5238095238096,3507.809523809524,3204.095238095238,3085.095238095238,3609.5714285714284,3798.5714285714284
3762.3809523809523,4050.190476190476,4011.0476190476193,3648.6190476190477,3430.809523809524,3533.3809523809523,3213.904761904762,3108.714285714286,3593.5714285714284,3821.809523809524
3745.5238095238096,4050.190476190476,4038.0476190476193,3629.5238095238096,3399.4761904761904,3473.6666666666665,3207.095238095238,3108.9523809523807,3682.1428571428573,3821.1428571428573
3735.809523809524,4025.6190476190477,4028.714285714286,3660.190476190476,3395.1428571428573,3484.6190476190477,3239.2380952380954,3079.1428571428573,3678.6666666666665,3818.8571428571427
3741.4761904761904,4041.5714285714284,4021.4761904761904,3642.0,3375.809523809524,3488.904761904762,3201.8571428571427,3084.3333333333335,3631.9523809523807,3836.904761904762
3746.0476190476193,4047.714285714286,3999.4761904761904,3653.4285714285716,3373.095238095238,3487.2380952380954,3217.4285714285716,3124.6190476190477,3659.2380952380954,3819.095238095238
3705.8571428571427,4066.095238095238,3998.2380952380954,3617.809523809524,3374.8571428571427,3493.285714285714,3233.6190476190477,3096.6190476190477,3614.285714285714,3801.5714285714284
3750.809523809524,4038.809523809524,3997.4285714285716,3616.6190476190477,3373.5238095238096,3496.904761904762,3217.6190476190477,3077.7619047619046,3590.095238095238,3818.6190476190477
3766.1428571428573,4050.9523809523807,3997.5714285714284,3664.5714285714284,3433.1428571428573,3494.4285714285716,3216.3809523809523,3089.904761904762,3647.095238095238,3806.9523809523807
3738.0,4019.4285714285716,4011.6666666666665,3611.8571428571427,3413.8571428571427,3503.5238095238096,3203.190476190476,3118.2380952380954,3635.1428571428573,3787.095238095238
3734.4761904761904,4055.0476190476193,3987.5714285714284,3649.285714285714,3417.5714285714284,3490.904761904762,3185.3333333333335,3124.8571428571427,3567.3809523809523,3796.6666666666665
3718.3809523809523,4038.3809523809523,4014.4285714285716,3624.714285714286,3420.4285714285716,3476.904761904762,3185.4761904761904,3090.1428571428573,3598.095238095238,3775.0476190476193
3720.5714285714284,4059.9523809523807,4014.8571428571427,3621.190476190476,3423.6190476190477,3495.4761904761904,3197.714285714286,3105.4761904761904,3534.4761904761904,3798.714285714286
3770.095238095238,4027.6190476190477,3976.8571428571427,3623.4285714285716,3410.9523809523807,3483.809523809524,3192.0,3116.5714285714284,3546.6190476190477,3803.6190476190477
3724.4285714285716,4044.6190476190477,4015.809523809524,3655.8571428571427,3420.714285714286,3494.9523809523807,3217.714285714286,3108.0476190476193,3554.5714285714284,3792.809523809524
3734.190476190476,4051.1428571428573,4024.285714285714,3661.0,3419.6190476190477,3485.3333333333335,3208.190476190476,3103.7619047619046,3600.9523809523807,3803.904761904762
3747.3809523809523,4017.4285714285716,4005.904761904762,3660.5714285714284,3409.904761904762,3425.9523809523807,3187.809523809524,3117.4285714285716,3635.1428571428573,3817.904761904762
3748.809523809524,4044.5714285714284,4013.714285714286,3665.2380952380954,3423.190476190476,3475.095238095238,3196.0,3095.5238095238096,3552.4285714285716,3819.2380952380954
3728.904761904762,4040.8571428571427,4006.4761904761904,3630.0476190476193,3418.190476190476,3495.4285714285716,3192.285714285714,3109.0476190476193,3580.9523809523807,3832.6666666666665
3747.9523809523807,4035.190476190476,3996.095238095238,3656.285714285714,3390.4761904761904,3478.714285714286,3200.095238095238,3111.7619047619046,3545.809523809524,3846.5238095238096
3701.3333333333335,4046.4761904761904,3995.4285714285716,3629.5714285714284,3398.3333333333335,3499.3333333333335,3192.2380952380954,3097.095238095238,3621.2380952380954,3839.5238095238096
3715.7619047619046,4025.7619047619046,3968.6666666666665,3634.285714285714,3382.5238095238096,3473.0476190476193,3188.4285714285716,3086.6190476190477,3543.3333333333335,3795.4285714285716
3764.6666666666665,4013.4285714285716,4010.6190476190477,3672.714285714286,3390.809523809524,3477.714285714286,3218.4761904761904,3107.0,3513.8571428571427,3846.7619047619046
3713.095238095238,3996.095238095238,3994.0476190476193,3648.4285714285716,3413.904761904762,3482.1428571428573,3220.2380952380954,3102.904761904762,3585.714285714286,3816.4285714285716
3708.0,4044.8571428571427,4025.7619047619046,3666.904761904762,3379.7619047619046,3471.7619047619046,3179.809523809524,3103.4761904761904,3571.095238095238,3810.7619047619046
3735.4761904761904,4035.6666666666665,3990.3333333333335,3634.0,3406.5714285714284,3482.7619047619046,3192.8571428571427,3114.4285714285716,3585.809523809524,3823.5714285714284
3726.6666666666665,4029.8571428571427,3972.1428571428573,3667.5714285714284,3391.0476190476193,3477.904761904762,3190.285714285714,3104.714285714286,3577.5238095238096,3832.285714285714
3740.7619047619046,4031.3809523809523,3985.5238095238096,3653.0,3384.4761904761904,3404.904761904762,3192.7619047619046,3124.5714285714284,3532.3333333333335,3799.6666666666665
3724.095238095238,4020.3809523809523,3986.2380952380954,3650.1428571428573,3396.190476190476,3466.714285714286,3195.809523809524,3112.8571428571427,3545.7619047619046,3813.190476190476
3733.904761904762,4021.285714285714,3959.1428571428573,3641.5714285714284,3372.5714285714284,3451.8571428571427,3203.190476190476,3116.4285714285716,3539.7619047619046,3805.5238095238096
3716.9523809523807,4013.6666666666665,3972.3809523809523,3661.8571428571427,3402.809523809524,3482.4285714285716,3206.714285714286,3112.285714285714,3511.2380952380954,3801.3333333333335
3710.2380952380954,4035.1428571428573,3978.2380952380954,3658.285714285714,3380.809523809524,3422.095238095238,3201.285714285714,3124.8571428571427,3522.1428571428573,3833.4285714285716
3672.095238095238,3997.2380952380954,3981.190476190476,3663.0,3373.5238095238096,3469.4761904761904,3206.5238095238096,3097.5714285714284,3590.904761904762,3812.3809523809523
3746.0,4007.5238095238096,3983.8571428571427,3663.0476190476193,3364.095238095238,3491.5238095238096,3215.2380952380954,3099.0,3589.7619047619046,3768.190476190476
3698.7619047619046,4023.7619047619046,3983.3333333333335,3660.2380952380954,3386.7619047619046,3456.7619047619046,3190.190476190476,3115.8571428571427,3551.809523809524,3823.285714285714
3724.3809523809523,4010.0,3973.3809523809523,3631.809523809524,3355.285714285714,3479.8571428571427,3210.1428571428573,3107.8571428571427,3563.809523809524,3810.4761904761904
3698.6666666666665,4009.0,3990.8571428571427,3657.285714285714,3404.4761904761904,3441.5238095238096,3186.4285714285716,3126.7619047619046,3538.3809523809523,3796.9523809523807
3725.6666666666665,4009.6666666666665,3965.9523809523807,3646.4285714285716,3387.904761904762,3489.6190476190477,3193.5714285714284,3123.3333333333335,3581.6190476190477,3779.809523809524
3724.5238095238096,4009.8571428571427,3987.809523809524,3642.5238095238096,3412.5714285714284,3481.095238095238,3188.095238095238,3134.8571428571427,3554.5238095238096,3822.8571428571427
3709.4761904761904,4030.6190476190477,3966.3809523809523,3683.5714285714284,3395.8571428571427,3425.6666666666665,3198.4285714285716,3111.4285714285716,3474.809523809524,3814.714285714286
3700.6190476190477,4018.095238095238,3946.285714285714,3631.0476190476193,3359.0,3490.9523809523807,3186.4761904761904,3108.904761904762,3495.190476190476,3777.4761904761904
3730.9523809523807,4001.2380952380954,3949.714285714286,3639.9523809523807,3421.0476190476193,3439.7619047619046,3191.2380952380954,3107.3809523809523,3512.6190476190477,3783.714285714286
3716.0476190476193,3992.9523809523807,3995.904761904762,3630.3809523809523,3431.4761904761904,3465.7619047619046,3196.3809523809523,3136.0,3491.0,3782.1428571428573
3690.4285714285716,3938.809523809524,3982.1428571428573,3618.809523809524,3429.0,3390.190476190476,3189.6190476190477,3103.095238095238,3532.190476190476,3785.809523809524
3722.5238095238096,3925.809523809524,3987.4285714285716,3629.4285714285716,3427.4285714285716,3412.4761904761904,3202.5714285714284,3100.1428571428573,3504.4761904761904,3786.714285714286
3721.8571428571427,3952.6190476190477,3982.6666666666665,3648.2380952380954,3398.5714285714284,3492.6190476190477,3203.285714285714,3079.5714285714284,3507.3333333333335,3764.5714285714284
3711.4761904761904,3951.7619047619046,3995.5238095238096,3636.6666666666665,3403.0476190476193,3413.8571428571427,3177.285714285714,3098.3333333333335,3512.904761904762,3774.6666666666665
3733.3333333333335,3949.285714285714,3987.0476190476193,3669.904761904762,3420.6666666666665,3462.5714285714284,3189.6666666666665,3097.3333333333335,3515.5238095238096,3782.095238095238
3737.095238095238,3963.7619047619046,4008.5714285714284,3629.2380952380954,3421.8571428571427,3495.4761904761904,3194.285714285714,3094.190476190476,3481.6666666666665,3778.285714285714
3701.2380952380954,3899.9523809523807,3967.3809523809523,3653.095238095238,3424.4285714285716,3467.4761904761904,3195.4285714285716,3111.6666666666665,3498.095238095238,3779.6666666666665
3717.904761904762,3955.9523809523807,3975.190476190476,3656.190476190476,3416.285714285714,3468.1428571428573,3183.0476190476193,3100.1428571428573,3481.285714285714,3784.095238095238
3741.2380952380954,3950.8571428571427,3971.9523809523807,3656.2380952380954,3412.6190476190477,3482.285714285714,3187.0,3114.3809523809523,3511.3809523809523,3781.6666666666665
3684.904761904762,3941.714285714286,3990.7619047619046,3645.5238095238096,3381.095238095238,3478.190476190476,3187.285714285714,3098.7619047619046,3500.7619047619046,3784.3809523809523
3709.714285714286,3935.8571428571427,3982.1428571428573,3654.6666666666665,3409.904761904762,3482.904761904762,3180.0,3086.6666666666665,3513.904761904762,3760.9523809523807
3722.4285714285716,3921.6190476190477,3973.5714285714284,3643.714285714286,3428.5238095238096,3503.2380952380954,3216.190476190476,3128.190476190476,3552.190476190476,3808.1428571428573
3663.9523809523807,3929.9523809523807,3979.8571428571427,3667.5238095238096,3398.0,3491.904761904762,3171.1428571428573,3125.5238095238096,3509.5714285714284,3795.714285714286
3667.809523809524,3931.5238095238096,3967.190476190476,3662.3333333333335,3382.714285714286,3491.285714285714,3195.3333333333335,3124.4285714285716,3517.8571428571427,3797.285714285714
3669.285714285714,3906.714285714286,3978.6190476190477,3659.0476190476193,3400.7619047619046,3466.5714285714284,3186.4761904761904,3111.6190476190477,3515.809523809524,3802.904761904762
3668.5714285714284,3942.5714285714284,3964.3333333333335,3651.8571428571427,3419.5238095238096,3488.5238095238096,3203.714285714286,3098.1428571428573,3497.2380952380954,3789.2380952380954
3679.3333333333335,3952.190476190476,3986.5714285714284,3650.2380952380954,3403.285714285714,3477.5238095238096,3192.809523809524,3114.190476190476,3539.190476190476,3792.8571428571427
3699.8571428571427,3936.1428571428573,3969.285714285714,3630.0476190476193,3423.6666666666665,3474.1428571428573,3210.1428571428573,3100.7619047619046,3515.0476190476193,3790.5714285714284
3690.4761904761904,3949.7619047619046,3951.7619047619046,3651.5238095238096,3422.4761904761904,3490.4285714285716,3210.8571428571427,3125.7619047619046,3543.6666666666665,3777.3809523809523
3661.714285714286,3909.1428571428573,3941.809523809524,3653.5238095238096,3391.5238095238096,3501.8571428571427,3212.6190476190477,3136.3333333333335,3491.3809523809523,3803.285714285714
3666.7619047619046,3916.1428571428573,4002.1428571428573,3630.5714285714284,3414.4285714285716,3479.190476190476,3190.4285714285716,3106.5714285714284,3481.2380952380954,3785.2380952380954
3674.190476190476,3921.8571428571427,3945.5238095238096,3648.6190476190477,3430.7619047619046,3476.190476190476,3202.809523809524,3119.8571428571427,3495.7619047619046,3814.9523809523807
3652.4761904761904,3914.190476190476,3939.7619047619046,3621.4285714285716,3389.095238095238,3379.809523809524,3196.285714285714,3083.095238095238,3418.4761904761904,3741.6190476190477
3668.9523809523807,3949.095238095238,3975.4285714285716,3631.5714285714284,3380.8571428571427,3421.190476190476,3190.5714285714284,3113.1428571428573,3441.8571428571427,3767.3809523809523
3677.190476190476,3888.190476190476,3920.3809523809523,3666.3809523809523,3431.9523809523807,3404.5238095238096,3228.3809523809523,3102.7619047619046,3394.5714285714284,3750.1428571428573
3675.904761904762,3975.809523809524,3968.0,3636.0476190476193,3377.2380952380954,3421.6666666666665,3192.095238095238,3106.4285714285716,3454.3809523809523,3769.285714285714
3704.190476190476,3920.9523809523807,3943.4285714285716,3654.3333333333335,3396.714285714286,3447.1428571428573,3204.1428571428573,3118.3809523809523,3441.1428571428573,3746.285714285714
3703.0476190476193,3892.1428571428573,3955.4285714285716,3615.9523809523807,3385.6190476190477,3458.3333333333335,3167.714285714286,3113.4285714285716,3405.0476190476193,3764.190476190476
3682.3333333333335,3921.6190476190477,3964.095238095238,3638.3809523809523,3406.714285714286,3407.0,3177.9523809523807,3078.2380952380954,3442.3809523809523,3760.6666666666665
3666.0,3922.3809523809523,3948.1428571428573,3648.8571428571427,3403.3333333333335,3417.6666666666665,3183.4761904761904,3080.6190476190477,3433.7619047619046,3704.3809523809523
3685.6666666666665,3907.2380952380954,3959.1428571428573,3626.3333333333335,3406.8571428571427,3401.904761904762,3165.714285714286,3086.190476190476,3450.0,3729.5714285714284
3688.9523809523807,3899.5714285714284,3937.095238095238,3637.1428571428573,3399.095238095238,3409.8571428571427,3174.3809523809523,3102.4285714285716,3433.7619047619046,3748.8571428571427
3688.2380952380954,3909.809523809524,3994.8571428571427,3652.9523809523807,3424.714285714286,3424.9523809523807,3175.904761904762,3092.8571428571427,3475.5714285714284,3743.904761904762
3685.285714285714,3887.7619047619046,3918.3333333333335,3645.1428571428573,3404.3809523809523,3482.0,3196.0476190476193,3136.8571428571427,3494.7619047619046,3760.190476190476
3659.7619047619046,3903.5714285714284,3942.5714285714284,3639.8571428571427,3407.714285714286,3459.0476190476193,3191.0,3091.809523809524,3471.190476190476,3783.3809523809523
3668.6190476190477,3871.285714285714,3971.5238095238096,3617.0,3430.4285714285716,3470.5238095238096,3215.7619047619046,3126.714285714286,3500.4285714285716,3772.5714285714284
3649.4285714285716,3883.904761904762,3946.3333333333335,3644.904761904762,3446.6190476190477,3460.7619047619046,3174.285714285714,3119.6190476190477,3477.0,3778.5238095238096
3643.4761904761904,3943.5714285714284,3965.809523809524,3657.8571428571427,3401.5238095238096,3488.809523809524,3185.1428571428573,3133.9523809523807,3454.5714285714284,3773.0476190476193
3666.4285714285716,3940.8571428571427,3946.809523809524,3618.095238095238,3438.7619047619046,3482.9523809523807,3182.3333333333335,3120.190476190476,3464.9523809523807,3750.1428571428573
3659.0476190476193,3880.190476190476,3964.3809523809523,3646.190476190476,3431.4285714285716,3442.8571428571427,3187.7619047619046,3142.5714285714284,3477.3809523809523,3776.809523809524
3656.904761904762,3890.4285714285716,3937.0476190476193,3646.1428571428573,3411.809523809524,3443.3809523809523,3196.904761904762,3113.095238095238,3467.714285714286,3784.1428571428573
3672.809523809524,3859.6666666666665,3911.2380952380954,3623.9523809523807,3412.2380952380954,3455.8571428571427,3192.0476190476193,3109.904761904762,3482.809523809524,3805.4285714285716
3673.5714285714284,3877.714285714286,3927.095238095238,3643.1428571428573,3395.4761904761904,3433.285714285714,3198.6666666666665,3145.5238095238096,3477.285714285714,3743.285714285714
3620.3333333333335,3848.7619047619046,3944.714285714286,3627.6666666666665,3426.5714285714284,3438.5714285714284,3191.4285714285716,3136.095238095238,3463.6666666666665,3755.3333333333335
3673.6666666666665,3960.1428571428573,3915.7619047619046,3627.6190476190477,3400.9523809523807,3424.190476190476,3160.714285714286,3133.4761904761904,3377.3333333333335,3733.904761904762
3648.4761904761904,3927.8571428571427,3938.5714285714284,3658.190476190476,3375.2380952380954,3374.3333333333335,3166.5238095238096,3093.0476190476193,3400.904761904762,3741.285714285714
3683.095238095238,3911.9523809523807,3935.9523809523807,3632.190476190476,3393.5238095238096,3386.3809523809523,3160.9523809523807,3119.9523809523807,3391.2380952380954,3731.6190476190477
3688.714285714286,3917.095238095238,3967.1428571428573,3623.6190476190477,3361.0476190476193,3448.809523809524,3161.285714285714,3100.095238095238,3374.4285714285716,3746.190476190476
3663.5238095238096,3924.0,3947.5714285714284,3636.4761904761904,3384.0,3405.4761904761904,3164.714285714286,3117.9523809523807,3427.809523809524,3724.2380952380954
3669.5238095238096,3925.9523809523807,3960.9523809523807,3608.5238095238096,3374.5238095238096,3432.809523809524,3156.095238095238,3104.9523809523807,3384.1428571428573,3750.5238095238096
3655.7619047619046,3940.2380952380954,3938.1428571428573,3661.1428571428573,3384.095238095238,3421.4285714285716,3174.0476190476193,3122.285714285714,3401.809523809524,3724.9523809523807
3684.7619047619046,3909.809523809524,3967.095238095238,3609.9523809523807,3372.0,3428.4285714285716,3139.190476190476,3104.190476190476,3377.4285714285716,3724.7619047619046
3641.190476190476,3924.190476190476,3951.1428571428573,3653.6190476190477,3371.095238095238,3427.714285714286,3166.5714285714284,3111.4761904761904,3401.1428571428573,3737.190476190476
3662.1428571428573,3911.095238095238,3921.6190476190477,3642.9523809523807,3360.4285714285716,3405.3809523809523,3156.4285714285716,3099.2380952380954,3373.9523809523807,3741.3333333333335
3660.5238095238096,3926.4285714285716,3958.5714285714284,3652.8571428571427,3385.1428571428573,3428.2380952380954,3168.6666666666665,3111.0476190476193,3403.2380952380954,3719.0
3668.4761904761904,3911.285714285714,3961.904761904762,3659.0,3388.2380952380954,3435.6190476190477,3177.9523809523807,3108.0476190476193,3412.4285714285716,3745.9523809523807
3662.190476190476,3900.285714285714,3943.904761904762,3662.095238095238,3375.8571428571427,3440.8571428571427,3146.5714285714284,3111.3333333333335,3390.7619047619046,3734.904761904762
3666.095238095238,3909.095238095238,3886.4285714285716,3622.9523809523807,3385.3809523809523,3403.5238095238096,3182.285714285714,3116.8571428571427,3399.190476190476,3742.6666666666665
3665.0,3919.904761904762,3954.4761904761904,3657.6666666666665,3405.0476190476193,3420.285714285714,3163.095238095238,3131.8571428571427,3407.6666666666665,3735.285714285714
3673.7619047619046,3921.6666666666665,3934.1428571428573,3615.904761904762,3374.3809523809523,3424.6190476190477,3181.7619047619046,3097.6190476190477,3390.9523809523807,3748.9523809523807
3661.4285714285716,3905.809523809524,3922.0,3625.904761904762,3368.8571428571427,3406.4761904761904,3157.2380952380954,3119.1428571428573,3429.3333333333335,3707.5238095238096
3648.0,3932.809523809524,3924.904761904762,3630.5238095238096,3366.8571428571427,3426.0476190476193,3191.6666666666665,3144.4761904761904,3431.0,3729.2380952380954
3667.2380952380954,3929.4761904761904,3962.0476190476193,3642.7619047619046,3365.0476190476193,3421.0476190476193,3163.6190476190477,3109.7619047619046,3424.1428571428573,3746.285714285714
3691.5238095238096,3911.904761904762,3944.5238095238096,3658.6666666666665,3389.5238095238096,3421.809523809524,3169.0,3122.1428571428573,3431.809523809524,3756.6190476190477
3669.5714285714284,3915.0476190476193,3923.4285714285716,3613.190476190476,3369.3809523809523,3434.285714285714,3156.0476190476193,3108.190476190476,3431.190476190476,3733.2380952380954
3682.4285714285716,3895.4761904761904,3871.190476190476,3620.5238095238096,3378.5714285714284,3431.0476190476193,3168.714285714286,3105.809523809524,3424.7619047619046,3749.714285714286
3683.7619047619046,3928.095238095238,3913.0476190476193,3636.1428571428573,3381.1428571428573,3416.7619047619046,3162.904761904762,3157.9523809523807,3436.0476190476193,3723.4285714285716
3663.0,3926.7619047619046,3923.809523809524,3635.714285714286,3384.6190476190477,3413.190476190476,3157.0476190476193,3142.0476190476193,3434.8571428571427,3727.0476190476193
3700.809523809524,3905.8571428571427,3934.095238095238,3647.285714285714,3358.3333333333335,3436.3333333333335,3162.5238095238096,3123.8571428571427,3417.6190476190477,3739.6190476190477
3668.7619047619046,3884.0,3886.4285714285716,3637.285714285714,3414.2380952380954,3436.9523809523807,3168.190476190476,3138.095238095238,3426.3333333333335,3723.1428571428573
3704.809523809524,3921.3809523809523,3915.9523809523807,3649.1428571428573,3402.8571428571427,3477.0476190476193,3191.7619047619046,3135.6190476190477,3442.6190476190477,3734.3809523809523
3723.3333333333335,3900.0476190476193,3886.190476190476,3636.5714285714284,3409.714285714286,3459.4761904761904,3167.6666666666665,3146.714285714286,3437.095238095238,3721.6190476190477
3721.9523809523807,3918.1428571428573,3976.2380952380954,3654.4285714285716,3406.3809523809523,3430.3809523809523,3184.0,3156.7619047619046,3418.190476190476,3733.0
3705.3809523809523,3877.5238095238096,3903.190476190476,3660.5238095238096,3411.5238095238096,3459.5714285714284,3167.095238095238,3152.0,3432.4761904761904,3747.809523809524
3695.095238095238,3889.4761904761904,3945.7619047619046,3660.1428571428573,3400.095238095238,3449.6190476190477,3159.904761904762,3170.809523809524,3419.0,3728.5238095238096
3733.714285714286,3902.5714285714284,3903.285714285714,3652.6666666666665,3397.714285714286,3438.8571428571427,3152.8571428571427,3128.285714285714,3437.714285714286,3741.6190476190477
3708.190476190476,3882.095238095238,3984.095238095238,3667.095238095238,3380.9523809523807,3468.4285714285716,3168.1428571428573,3145.8571428571427,3434.5238095238096,3715.9523809523807
3696.9523809523807,3864.3333333333335,3918.0476190476193,3648.904761904762,3410.904761904762,3444.4285714285716,3154.809523809524,3154.6666666666665,3434.5714285714284,3742.1428571428573
3689.4761904761904,3938.7619047619046,3966.3333333333335,3643.904761904762,3402.095238095238,3411.095238095238,3161.714285714286,3141.904761904762,3429.9523809523807,3727.1428571428573
3746.6666666666665,3919.9523809523807,3921.2380952380954,3668.1428571428573,3398.1428571428573,3468.0,3158.809523809524,3140.2380952380954,3480.3333333333335,3751.0476190476193
3742.0476190476193,3915.095238095238,3926.4285714285716,3661.4285714285716,3391.8571428571427,3431.5714285714284,3173.9523809523807,3154.6666666666665,3408.5714285714284,3721.6190476190477
3733.3809523809523,3936.285714285714,3936.285714285714,3667.3809523809523,3418.6666666666665,3415.2380952380954,3170.095238095238,3158.809523809524,3432.8571428571427,3733.1428571428573
3743.809523809524,3889.8571428571427,3904.714285714286,3643.0,3429.3333333333335,3425.2380952380954,3165.0,3165.0476190476193,3420.8571428571427,3724.714285714286
3734.095238095238,3917.6666666666665,3920.6190476190477,3668.9523809523807,3403.0,3486.4761904761904,3155.4285714285716,3153.4761904761904,3417.095238095238,3712.1428571428573
3723.714285714286,3893.809523809524,3997.4285714285716,3652.7619047619046,3404.6666666666665,3443.6190476190477,3163.5714285714284,3144.8571428571427,3444.4761904761904,3721.3809523809523
3705.4285714285716,3903.4761904761904,3934.0,3670.7619047619046,3413.809523809524,3427.0,3143.0476190476193,3147.190476190476,3437.190476190476,3700.4285714285716
3717.095238095238,3918.7619047619046,3954.285714285714,3654.285714285714,3410.6190476190477,3425.095238095238,3179.5238095238096,3141.190476190476,3428.6666666666665,3730.904761904762
3735.904761904762,3879.714285714286,3964.0476190476193,3650.6666666666665,3407.0,3431.6190476190477,3155.6190476190477,3160.6666666666665,3429.0476190476193,3705.4761904761904
3734.3333333333335,3900.5714285714284,3941.285714285714,3648.714285714286,3413.3809523809523,3430.5238095238096,3149.0,3154.9523809523807,3414.3809523809523,3733.285714285714
3719.190476190476,3898.095238095238,3917.4761904761904,3637.6190476190477,3386.2380952380954,3433.4761904761904,3149.9523809523807,3149.6190476190477,3419.6190476190477,3711.0
3739.9523809523807,3890.3809523809523,3937.095238095238,3664.1428571428573,3403.809523809524,3461.4761904761904,3170.095238095238,3144.0,3441.6666666666665,3749.285714285714
3727.190476190476,3891.6666666666665,3922.6666666666665,3675.5238095238096,3395.809523809524,3417.904761904762,3148.5714285714284,3138.285714285714,3421.8571428571427,3725.714285714286
3728.0,3892.2380952380954,3974.2380952380954,3635.714285714286,3388.1428571428573,3471.9523809523807,3156.5714285714284,3152.095238095238,3417.2380952380954,3774.0
3743.4761904761904,3887.904761904762,3940.6190476190477,3661.3333333333335,3424.190476190476,3414.1428571428573,3155.4761904761904,3157.1428571428573,3387.6190476190477,3745.5714285714284
3741.1428571428573,3889.6666666666665,3970.4285714285716,3665.095238095238,3417.2380952380954,3432.6190476190477,3164.3809523809523,3147.095238095238,3399.9523809523807,3720.714285714286
3751.3333333333335,3913.3333333333335,3949.3333333333335,3665.5238095238096,3398.5238095238096,3421.809523809524,3173.285714285714,3119.0476190476193,3424.190476190476,3732.6666666666665
3719.6666666666665,3910.714285714286,3995.8571428571427,3671.0476190476193,3402.9523809523807,3467.3809523809523,3170.9523809523807,3153.190476190476,3421.6190476190477,3748.1428571428573
3727.0,3900.6190476190477,3985.0476190476193,3642.8571428571427,3415.0,3477.6666666666665,3158.809523809524,3146.3809523809523,3411.4285714285716,3735.285714285714
3748.4761904761904,3864.1428571428573,4014.5714285714284,3658.5714285714284,3403.6190476190477,3457.7619047619046,3158.5238095238096,3145.095238095238,3406.0,3744.2380952380954
3714.904761904762,3899.809523809524,3953.714285714286,3691.1428571428573,3435.8571428571427,3453.1428571428573,3201.0,3156.190476190476,3435.3333333333335,3721.4285714285716
3741.7619047619046,3884.3809523809523,3941.5238095238096,3659.0476190476193,3399.0,3495.285714285714,3162.095238095238,3145.3333333333335,3454.2380952380954,3772.1428571428573
3739.0476190476193,3889.2380952380954,4007.190476190476,3669.1428571428573,3426.190476190476,3522.1428571428573,3168.809523809524,3167.285714285714,3490.190476190476,3757.0
3729.095238095238,3874.5238095238096,3959.714285714286,3681.9523809523807,3416.6666666666665,3483.2380952380954,3172.5714285714284,3162.9523809523807,3450.4285714285716,3779.285714285714
3743.2380952380954,3909.7619047619046,3968.4761904761904,3686.6190476190477,3429.2380952380954,3418.5714285714284,3193.714285714286,3181.8571428571427,3457.4761904761904,3778.0
3734.5714285714284,3866.714285714286,3994.7619047619046,3695.4285714285716,3424.3809523809523,3440.0,3194.3333333333335,3172.4285714285716,3441.1428571428573,3769.6666666666665
3732.3333333333335,3872.6190476190477,4014.285714285714,3655.8571428571427,3428.714285714286,3434.2380952380954,3198.0476190476193,3169.0476190476193,3444.6190476190477,3774.2380952380954
3721.7619047619046,3918.8571428571427,3994.2380952380954,3692.6666666666665,3405.2380952380954,3460.809523809524,3166.8571428571427,3158.0,3453.4761904761904,3789.9523809523807
3747.2380952380954,3865.714285714286,3991.0,3681.1428571428573,3388.9523809523807,3437.190476190476,3177.6666666666665,3181.095238095238,3467.4761904761904,3766.904761904762
3737.9523809523807,3877.809523809524,3982.714285714286,3691.095238095238,3432.3333333333335,3444.2380952380954,3173.2380952380954,3177.5238095238096,3489.5238095238096,3793.9523809523807
3749.2380952380954,3866.5238095238096,3970.285714285714,3651.1428571428573,3413.7619047619046,3452.5714285714284,3184.4285714285716,3158.0476190476193,3428.5714285714284,3748.3809523809523
3725.5714285714284,3875.714285714286,3947.809523809524,3687.5714285714284,3403.9523809523807,3532.1428571428573,3165.7619047619046,3175.4761904761904,3450.5714285714284,3757.3333333333335
3734.6190476190477,3863.904761904762,3964.904761904762,3673.7619047619046,3418.7619047619046,3473.7619047619046,3175.095238095238,3192.1428571428573,3476.0476190476193,3765.714285714286
3737.714285714286,3844.5714285714284,3999.095238095238,3684.285714285714,3438.6666666666665,3450.4761904761904,3173.3333333333335,3188.809523809524,3456.5714285714284,3780.5714285714284
3747.9523809523807,3866.190476190476,3994.6666666666665,3685.4761904761904,3424.2380952380954,3480.5238095238096,3165.5714285714284,3157.714285714286,3474.190476190476,3764.8571428571427
3714.904761904762,3898.5714285714284,3988.8571428571427,3693.0,3436.0476190476193,3457.2380952380954,3197.9523809523807,3155.7619047619046,3473.095238095238,3751.5238095238096
3742.714285714286,3876.3809523809523,3994.904761904762,3659.3809523809523,3430.6190476190477,3437.190476190476,3181.5714285714284,3169.5238095238096,3485.095238095238,3766.5238095238096
3700.285714285714,3870.904761904762,3950.095238095238,3679.4285714285716,3414.0,3455.4285714285716,3202.4285714285716,3154.0476190476193,3478.1428571428573,3797.6190476190477
3722.6190476190477,3845.3333333333335,4019.904761904762,3680.8571428571427,3455.3809523809523,3471.714285714286,3193.5714285714284,3174.5714285714284,3439.0,3781.3333333333335
3712.0,3895.904761904762,3962.904761904762,3682.2380952380954,3448.9523809523807,3466.3333333333335,3173.0,3170.1428571428573,3449.0,3778.7619047619046
3750.4285714285716,3887.9523809523807,3973.5238095238096,3691.5714285714284,3421.7619047619046,3484.904761904762,3179.809523809524,3187.904761904762,3430.904761904762,3796.5238095238096
3741.809523809524,3843.4285714285716,3976.904761904762,3699.285714285714,3449.3809523809523,3478.714285714286,3184.6666666666665,3181.0,3502.4761904761904,3778.190476190476
3778.190476190476,3853.1428571428573,4014.9523809523807,3661.095238095238,3385.6666666666665,3458.6666666666665,3153.3809523809523,3161.2380952380954,3413.4285714285716,3753.0476190476193
