3008.3333333333335,3799.3333333333335,3516.0,3419.7619047619046,4086.1428571428573,3947.9523809523807,4686.428571428572,3739.3809523809523,3669.5714285714284
2990.0,3770.285714285714,3584.7619047619046,3435.6666666666665,4099.714285714285,3937.3333333333335,4631.238095238095,3731.9523809523807,3680.0476190476193
2970.5238095238096,3778.3809523809523,3536.8571428571427,3444.4761904761904,4079.3809523809523,3912.6666666666665,4631.0,3750.809523809524,3685.190476190476
2961.6666666666665,3758.1428571428573,3505.3333333333335,3444.6190476190477,4054.5714285714284,3934.4285714285716,4613.238095238095,3747.3809523809523,3708.904761904762
2975.5238095238096,3773.095238095238,3563.3809523809523,3444.2380952380954,4050.5714285714284,3921.9523809523807,4662.666666666667,3756.7619047619046,3693.3333333333335
3004.095238095238,3774.5714285714284,3565.6190476190477,3398.809523809524,4087.6190476190477,3913.3809523809523,4661.952380952381,3748.4285714285716,3705.6190476190477
2957.5714285714284,3763.5238095238096,3477.8571428571427,3396.190476190476,4061.6666666666665,3869.0,4548.190476190476,3701.285714285714,3643.8571428571427
2947.904761904762,3732.5714285714284,3545.0,3344.3333333333335,4028.714285714286,3865.904761904762,4359.142857142857,3692.4761904761904,3621.6666666666665
2952.6666666666665,3773.0,3521.5238095238096,3397.809523809524,4020.904761904762,3935.7619047619046,4543.952380952381,3726.6666666666665,3648.9523809523807
3014.0476190476193,3868.3333333333335,3579.7619047619046,3424.6190476190477,4094.0,4022.2380952380954,4665.476190476191,3738.6666666666665,3749.5238095238096
3066.4761904761904,3990.3809523809523,3728.095238095238,3482.190476190476,4201.571428571428,4118.0952380952385,4780.761904761905,3731.5238095238096,3800.714285714286
3279.809523809524,4129.380952380952,3963.5238095238096,3722.4761904761904,4400.714285714285,4221.619047619048,4888.761904761905,3791.4285714285716,3853.4761904761904
3299.6190476190477,4104.0952380952385,3978.0476190476193,3769.0,4367.571428571428,4223.9047619047615,4903.761904761905,3789.9523809523807,3828.2380952380954
3289.5714285714284,4087.6666666666665,3990.0,3771.1428571428573,4347.666666666667,4217.142857142857,4859.285714285715,3793.095238095238,3822.904761904762
3307.6666666666665,4055.3809523809523,3995.6190476190477,3761.4761904761904,4403.285714285715,4222.285714285715,4868.857142857143,3789.190476190476,3847.8571428571427
3326.2380952380954,4077.3809523809523,3978.5238095238096,3774.5238095238096,4414.428571428572,4197.285714285715,4713.428571428572,3782.095238095238,3829.1428571428573
3322.6190476190477,4089.3333333333335,3999.3333333333335,3748.6666666666665,4390.190476190476,4213.857142857143,4878.9047619047615,3787.6190476190477,3832.4285714285716
3327.809523809524,4041.095238095238,3968.0476190476193,3724.1428571428573,4356.333333333333,4209.476190476191,4874.285714285715,3796.4761904761904,3815.904761904762
3304.7619047619046,4037.904761904762,3964.190476190476,3705.285714285714,4372.523809523809,4169.428571428572,4815.476190476191,3775.190476190476,3796.0
3331.095238095238,4029.095238095238,3962.1428571428573,3711.0,4352.0,4162.0952380952385,4844.0952380952385,3765.3333333333335,3801.095238095238
3311.0476190476193,3994.809523809524,3908.5714285714284,3694.714285714286,4317.285714285715,4147.0952380952385,4859.333333333333,3763.8571428571427,3752.6190476190477
3270.1428571428573,3987.904761904762,3939.6190476190477,3670.4285714285716,4334.952380952381,4134.142857142857,4838.190476190476,3777.6190476190477,3773.3333333333335
3241.0,3958.7619047619046,3891.3809523809523,3654.3809523809523,4310.285714285715,4098.714285714285,4793.523809523809,3747.285714285714,3733.3333333333335
3277.714285714286,3955.904761904762,3865.5238095238096,3649.2380952380954,4318.952380952381,4126.285714285715,4747.476190476191,3749.0476190476193,3715.3809523809523
3271.6666666666665,3946.3809523809523,3848.4761904761904,3648.3809523809523,4312.809523809524,4092.2380952380954,4766.476190476191,3743.5714285714284,3759.095238095238
3257.4761904761904,3941.9523809523807,3890.6190476190477,3602.4761904761904,4263.809523809524,4067.6666666666665,4712.238095238095,3738.3809523809523,3706.714285714286
3256.095238095238,3925.7619047619046,3846.3333333333335,3600.2380952380954,4262.380952380952,4089.809523809524,4763.0,3755.3809523809523,3712.4761904761904
3256.904761904762,3925.5238095238096,3873.6666666666665,3591.809523809524,4282.9047619047615,4061.904761904762,4731.809523809524,3753.904761904762,3727.0
3242.190476190476,3917.190476190476,3845.2380952380954,3594.714285714286,4245.809523809524,4048.904761904762,4728.666666666667,3736.285714285714,3694.6190476190477
3239.3809523809523,3920.904761904762,3849.1428571428573,3603.190476190476,4252.571428571428,4060.3333333333335,4721.428571428572,3737.4285714285716,3706.095238095238
3245.4761904761904,3901.3809523809523,3831.285714285714,3573.3333333333335,4224.952380952381,4040.8571428571427,4676.0,3741.190476190476,3740.4761904761904
3229.3809523809523,3908.904761904762,3805.2380952380954,3594.190476190476,4244.428571428572,4060.9523809523807,4673.190476190476,3769.809523809524,3686.190476190476
3249.809523809524,3893.2380952380954,3810.2380952380954,3575.190476190476,4241.571428571428,4058.1428571428573,4669.428571428572,3761.4761904761904,3712.809523809524
3212.095238095238,3876.809523809524,3795.6190476190477,3567.9523809523807,4200.9047619047615,4057.0,4671.761904761905,3713.5238095238096,3657.1428571428573
3182.809523809524,3879.809523809524,3804.190476190476,3553.4285714285716,4186.761904761905,4023.8571428571427,4645.809523809524,3739.4761904761904,3717.0
3199.5714285714284,3889.904761904762,3789.285714285714,3559.2380952380954,4195.238095238095,4030.4761904761904,4643.285714285715,3746.3333333333335,3674.2380952380954
3189.6666666666665,3839.0,3804.5714285714284,3565.3333333333335,4183.285714285715,4016.9523809523807,4663.952380952381,3710.0476190476193,3683.6666666666665
3222.5238095238096,3847.5714285714284,3792.2380952380954,3560.1428571428573,4209.428571428572,4019.4761904761904,4641.714285714285,3712.3809523809523,3699.3809523809523
3209.809523809524,3861.6190476190477,3762.0,3545.8571428571427,4184.047619047619,4004.5238095238096,4651.380952380952,3729.3333333333335,3677.3333333333335
3213.5714285714284,3842.7619047619046,3781.3809523809523,3548.809523809524,4202.619047619048,4020.904761904762,4652.476190476191,3693.285714285714,3689.714285714286
3220.9523809523807,3778.7619047619046,3699.4285714285716,3546.3809523809523,4183.666666666667,4004.5714285714284,4624.523809523809,3718.4761904761904,3671.6190476190477
3210.4285714285716,3850.2380952380954,3707.4285714285716,3520.809523809524,4179.380952380952,3980.714285714286,4672.0952380952385,3696.7619047619046,3656.285714285714
3226.6190476190477,3794.095238095238,3742.1428571428573,3537.7619047619046,4192.238095238095,3991.4285714285716,4476.333333333333,3704.6190476190477,3675.095238095238
3200.7619047619046,3759.285714285714,3750.285714285714,3526.9523809523807,4184.952380952381,4005.3333333333335,4630.142857142857,3734.0,3648.3809523809523
3178.285714285714,3856.4285714285716,3746.5714285714284,3514.6190476190477,4147.952380952381,3995.9523809523807,4615.571428571428,3713.190476190476,3659.0476190476193
3193.8571428571427,3779.8571428571427,3720.714285714286,3518.2380952380954,4174.857142857143,3944.2380952380954,4635.523809523809,3722.8571428571427,3614.1428571428573
3185.190476190476,3802.095238095238,3714.809523809524,3518.5714285714284,4137.380952380952,3980.1428571428573,4602.666666666667,3731.285714285714,3652.4761904761904
3163.4285714285716,3801.190476190476,3741.5238095238096,3504.1428571428573,4153.047619047619,3980.0,4615.952380952381,3714.7619047619046,3650.190476190476
3170.904761904762,3736.190476190476,3692.190476190476,3524.714285714286,4152.0952380952385,3960.5238095238096,4587.523809523809,3725.0,3651.4761904761904
3177.0,3822.6190476190477,3706.714285714286,3543.1428571428573,4126.190476190476,3962.3333333333335,4596.0,3720.2380952380954,3635.095238095238
3192.5238095238096,3798.5714285714284,3682.095238095238,3518.1428571428573,4146.142857142857,3932.4285714285716,4602.380952380952,3706.0,3643.095238095238
3152.4761904761904,3803.0476190476193,3668.4761904761904,3522.7619047619046,4133.047619047619,3935.809523809524,4618.714285714285,3702.0476190476193,3661.1428571428573
3147.7619047619046,3799.809523809524,3703.6190476190477,3525.714285714286,4142.476190476191,3959.3333333333335,4576.666666666667,3685.8571428571427,3658.4761904761904
3142.7619047619046,3783.0,3672.6190476190477,3508.8571428571427,4127.9047619047615,3941.0476190476193,4573.476190476191,3716.190476190476,3640.5238095238096
3140.904761904762,3738.0476190476193,3686.4761904761904,3500.0476190476193,4125.142857142857,3914.5238095238096,4538.333333333333,3742.1428571428573,3643.4285714285716
3132.5714285714284,3796.6666666666665,3661.9523809523807,3522.2380952380954,4120.476190476191,3934.5714285714284,4553.142857142857,3711.8571428571427,3630.5238095238096
3158.1428571428573,3759.9523809523807,3659.714285714286,3492.4285714285716,4110.571428571428,3916.1428571428573,4552.571428571428,3704.6666666666665,3641.285714285714
3131.8571428571427,3758.4285714285716,3673.714285714286,3498.3333333333335,4091.4761904761904,3909.3333333333335,4572.047619047619,3703.8571428571427,3636.7619047619046
3142.5238095238096,3778.0,3633.095238095238,3522.2380952380954,4124.380952380952,3897.190476190476,4574.238095238095,3705.8571428571427,3634.2380952380954
3108.809523809524,3699.4285714285716,3605.3333333333335,3489.0,4101.428571428572,3905.3333333333335,4558.428571428572,3653.4761904761904,3610.3333333333335
3127.1428571428573,3756.7619047619046,3635.4285714285716,3483.5238095238096,4135.761904761905,3878.904761904762,4540.428571428572,3716.9523809523807,3618.8571428571427
3106.7619047619046,3721.809523809524,3606.809523809524,3481.5238095238096,4119.761904761905,3872.4761904761904,4568.761904761905,3699.6666666666665,3618.6666666666665
3121.714285714286,3756.190476190476,3618.285714285714,3490.2380952380954,4093.0,3906.7619047619046,4570.190476190476,3696.6190476190477,3613.3333333333335
3098.0,3751.1428571428573,3617.095238095238,3470.3333333333335,4113.380952380952,3931.809523809524,4533.952380952381,3689.285714285714,3623.0476190476193
3110.285714285714,3686.1428571428573,3624.4761904761904,3477.6666666666665,4097.238095238095,3911.809523809524,4519.809523809524,3687.5238095238096,3588.809523809524
3108.1428571428573,3732.5714285714284,3619.5714285714284,3473.190476190476,4063.2380952380954,3894.3333333333335,4554.761904761905,3713.2380952380954,3601.0476190476193
3095.9523809523807,3751.9523809523807,3610.714285714286,3466.0476190476193,4089.904761904762,3916.4285714285716,4531.047619047619,3678.3809523809523,3605.095238095238
3098.190476190476,3773.3333333333335,3579.6190476190477,3466.285714285714,4080.095238095238,3865.3333333333335,4527.9047619047615,3683.8571428571427,3614.9523809523807
3102.4761904761904,3738.1428571428573,3583.4285714285716,3471.4761904761904,4099.0952380952385,3864.4761904761904,4522.619047619048,3694.9523809523807,3606.285714285714
3082.6666666666665,3729.3809523809523,3581.3333333333335,3457.809523809524,4039.4285714285716,3883.4285714285716,4540.190476190476,3684.8571428571427,3596.5714285714284
3083.095238095238,3724.904761904762,3616.0476190476193,3444.809523809524,4072.6666666666665,3859.190476190476,4504.0952380952385,3691.285714285714,3599.8571428571427
3089.190476190476,3760.714285714286,3599.2380952380954,3452.0476190476193,4064.4761904761904,3885.0476190476193,4531.857142857143,3680.5238095238096,3583.904761904762
3092.7619047619046,3720.4761904761904,3616.2380952380954,3458.285714285714,4067.190476190476,3881.5238095238096,4528.476190476191,3688.0,3617.285714285714
3076.809523809524,3775.5714285714284,3608.6666666666665,3466.714285714286,4089.8571428571427,3849.190476190476,4479.380952380952,3682.4285714285716,3568.2380952380954
3101.6666666666665,3748.3333333333335,3576.714285714286,3433.4761904761904,4058.5714285714284,3864.0476190476193,4518.809523809524,3674.3333333333335,3618.190476190476
3070.714285714286,3770.904761904762,3594.5238095238096,3460.8571428571427,4083.9523809523807,3895.3809523809523,4518.333333333333,3707.5238095238096,3578.3333333333335
3073.6666666666665,3714.5714285714284,3591.6190476190477,3444.4761904761904,4042.4761904761904,3871.285714285714,4504.380952380952,3680.285714285714,3598.285714285714
3047.809523809524,3713.4761904761904,3594.9523809523807,3407.6190476190477,4086.1428571428573,3832.1428571428573,4520.666666666667,3664.285714285714,3579.2380952380954
3066.3333333333335,3693.8571428571427,3572.0,3455.809523809524,4060.0,3875.4285714285716,4502.0,3663.190476190476,3604.095238095238
3081.4761904761904,3726.7619047619046,3593.190476190476,3413.8571428571427,4063.5238095238096,3859.7619047619046,4528.142857142857,3695.5714285714284,3627.285714285714
3067.190476190476,3734.0,3578.6190476190477,3405.9523809523807,4050.2380952380954,3811.8571428571427,4517.666666666667,3671.5238095238096,3598.4761904761904
3062.4761904761904,3719.6190476190477,3557.714285714286,3433.095238095238,4046.0476190476193,3870.285714285714,4494.952380952381,3657.0476190476193,3582.095238095238
3061.904761904762,3697.190476190476,3566.8571428571427,3444.4761904761904,4043.3809523809523,3809.8571428571427,4543.952380952381,3671.0476190476193,3596.2380952380954
3078.0,3719.714285714286,3556.8571428571427,3421.6190476190477,4060.809523809524,3845.5714285714284,4511.380952380952,3657.1428571428573,3531.6666666666665
3057.2380952380954,3686.190476190476,3558.1428571428573,3409.714285714286,4030.3809523809523,3808.904761904762,4495.0952380952385,3668.5714285714284,3615.904761904762
3042.3333333333335,3690.5714285714284,3567.809523809524,3416.2380952380954,4045.4285714285716,3808.7619047619046,4502.952380952381,3656.6666666666665,3578.904761904762
3040.0,3699.7619047619046,3555.285714285714,3422.6190476190477,4028.2380952380954,3857.8571428571427,4494.0952380952385,3659.6666666666665,3578.7619047619046
3032.095238095238,3722.0,3532.1428571428573,3435.7619047619046,4000.3809523809523,3854.809523809524,4487.047619047619,3636.6666666666665,3584.5714285714284
3048.285714285714,3719.6190476190477,3525.5714285714284,3432.6666666666665,4013.190476190476,3785.809523809524,4451.0952380952385,3633.2380952380954,3567.3333333333335
3020.9523809523807,3753.5238095238096,3536.2380952380954,3417.190476190476,4008.9523809523807,3803.8571428571427,4423.333333333333,3648.7619047619046,3552.6666666666665
3051.7619047619046,3698.714285714286,3530.0476190476193,3411.0476190476193,4010.2380952380954,3817.7619047619046,4488.142857142857,3641.285714285714,3551.285714285714
3071.285714285714,3698.5238095238096,3545.4285714285716,3430.7619047619046,4000.8571428571427,3825.904761904762,4433.476190476191,3639.809523809524,3560.904761904762
3032.7619047619046,3623.0,3542.6190476190477,3407.8571428571427,4027.0,3798.904761904762,4420.9047619047615,3652.8571428571427,3557.0
3017.190476190476,3698.809523809524,3551.714285714286,3401.714285714286,3990.4285714285716,3797.190476190476,4470.952380952381,3656.095238095238,3593.714285714286
3054.8571428571427,3727.4285714285716,3532.3333333333335,3419.5714285714284,4021.6666666666665,3781.095238095238,4436.619047619048,3658.904761904762,3553.285714285714
3037.190476190476,3688.5714285714284,3516.285714285714,3408.5238095238096,3988.190476190476,3775.809523809524,4425.714285714285,3653.5238095238096,3539.6190476190477
3028.1428571428573,3708.3809523809523,3517.6666666666665,3425.809523809524,4004.0,3774.6666666666665,4452.666666666667,3622.8571428571427,3570.6666666666665
3035.3333333333335,3700.7619047619046,3503.1428571428573,3424.7619047619046,4006.190476190476,3790.4285714285716,4408.285714285715,3658.5238095238096,3577.6190476190477
3035.3333333333335,3702.714285714286,3501.4761904761904,3379.714285714286,3978.190476190476,3793.190476190476,4429.047619047619,3618.3809523809523,3570.714285714286
3002.5714285714284,3650.6666666666665,3500.904761904762,3387.2380952380954,4015.6666666666665,3796.6666666666665,4418.714285714285,3650.5238095238096,3556.5714285714284
3029.3809523809523,3688.0476190476193,3491.6666666666665,3376.6666666666665,4011.190476190476,3770.4285714285716,4512.666666666667,3666.809523809524,3550.285714285714
3030.285714285714,3689.9523809523807,3502.4761904761904,3369.4285714285716,3969.6666666666665,3760.5238095238096,4416.761904761905,3658.2380952380954,3533.904761904762
3027.190476190476,3681.5714285714284,3485.9523809523807,3375.1428571428573,3999.4285714285716,3798.5714285714284,4433.0952380952385,3653.8571428571427,3576.809523809524
3000.3333333333335,3685.3809523809523,3490.3809523809523,3368.3809523809523,3997.5238095238096,3788.4285714285716,4437.285714285715,3650.3333333333335,3518.4285714285716
3028.0,3678.6190476190477,3507.5238095238096,3369.6666666666665,3987.6666666666665,3763.0,4449.857142857143,3624.3809523809523,3530.2380952380954
2995.3333333333335,3682.4285714285716,3488.6190476190477,3350.285714285714,3974.0,3783.714285714286,4581.809523809524,3659.714285714286,3548.5238095238096
3014.5714285714284,3685.1428571428573,3513.190476190476,3362.2380952380954,4002.285714285714,3827.1428571428573,4452.809523809524,3648.1428571428573,3558.6190476190477
3014.1428571428573,3717.190476190476,3503.4761904761904,3382.9523809523807,3967.1428571428573,3831.714285714286,4422.714285714285,3637.285714285714,3531.809523809524
3011.9523809523807,3631.6190476190477,3495.714285714286,3346.190476190476,4003.7619047619046,3773.6190476190477,4461.857142857143,3631.285714285714,3539.2380952380954
3006.190476190476,3665.285714285714,3503.0,3375.0,3976.6666666666665,3816.2380952380954,4465.142857142857,3654.285714285714,3512.6666666666665
3038.2380952380954,3669.7619047619046,3494.190476190476,3391.714285714286,4008.5714285714284,3773.809523809524,4409.333333333333,3655.8571428571427,3543.0476190476193
3013.6190476190477,3675.0476190476193,3528.5714285714284,3371.0,3999.4285714285716,3750.7619047619046,4381.238095238095,3629.9523809523807,3500.190476190476
3015.6190476190477,3679.0476190476193,3510.714285714286,3382.3333333333335,3979.095238095238,3745.8571428571427,4394.809523809524,3618.9523809523807,3507.4761904761904
3007.5714285714284,3688.3809523809523,3510.0,3379.904761904762,3964.4761904761904,3811.809523809524,4388.523809523809,3604.4761904761904,3509.7619047619046
2996.285714285714,3673.6190476190477,3508.095238095238,3354.5238095238096,3988.095238095238,3774.095238095238,4369.285714285715,3631.285714285714,3520.3333333333335
3014.3809523809523,3667.6190476190477,3498.3809523809523,3370.3333333333335,3959.1428571428573,3800.4761904761904,4369.047619047619,3630.095238095238,3506.0
3000.5238095238096,3685.095238095238,3512.7619047619046,3377.6666666666665,3978.6666666666665,3793.3809523809523,4374.380952380952,3631.3333333333335,3521.9523809523807
3017.5238095238096,3673.4285714285716,3493.0,3372.9523809523807,3974.285714285714,3807.714285714286,4391.571428571428,3613.809523809524,3533.3809523809523
3023.809523809524,3666.0,3512.904761904762,3373.6190476190477,3955.9523809523807,3770.285714285714,4414.047619047619,3625.0476190476193,3531.9523809523807
2993.1428571428573,3681.285714285714,3499.714285714286,3385.9523809523807,3990.7619047619046,3761.4761904761904,4376.285714285715,3615.904761904762,3504.9523809523807
2990.1428571428573,3669.190476190476,3504.714285714286,3351.714285714286,3983.4285714285716,3763.0,4401.571428571428,3597.190476190476,3516.285714285714
2978.3809523809523,3672.809523809524,3509.5238095238096,3382.0476190476193,3983.6666666666665,3766.9523809523807,4401.333333333333,3620.9523809523807,3526.0
2974.3333333333335,3666.904761904762,3495.8571428571427,3367.4761904761904,3975.0476190476193,3788.3809523809523,4356.714285714285,3630.5714285714284,3560.9523809523807
2978.190476190476,3647.3809523809523,3494.095238095238,3359.9523809523807,3964.7619047619046,3791.5714285714284,4339.714285714285,3642.714285714286,3534.714285714286
2975.809523809524,3624.8571428571427,3405.285714285714,3377.0,3974.714285714286,3772.2380952380954,4346.9047619047615,3605.285714285714,3530.5238095238096
2991.7619047619046,3630.3333333333335,3415.3333333333335,3367.7619047619046,3969.9523809523807,3772.2380952380954,4503.190476190476,3625.4285714285716,3542.2380952380954
2962.7619047619046,3646.095238095238,3418.4761904761904,3369.5714285714284,3993.7619047619046,3782.7619047619046,4485.047619047619,3630.5238095238096,3566.5238095238096
2982.0,3642.714285714286,3441.0476190476193,3348.285714285714,3963.9523809523807,3756.8571428571427,4493.761904761905,3611.095238095238,3539.6190476190477
2964.0,3643.285714285714,3412.7619047619046,3355.4761904761904,3956.3333333333335,3769.904761904762,4469.380952380952,3600.190476190476,3520.285714285714
2981.3333333333335,3647.7619047619046,3415.904761904762,3373.190476190476,3966.6190476190477,3795.0,4484.428571428572,3617.1428571428573,3539.904761904762
2951.3333333333335,3647.3809523809523,3395.714285714286,3366.095238095238,3934.2380952380954,3797.095238095238,4492.666666666667,3632.4761904761904,3507.714285714286
2992.0,3626.5714285714284,3411.5714285714284,3349.904761904762,3974.809523809524,3767.2380952380954,4317.047619047619,3617.9523809523807,3518.5714285714284
2992.1428571428573,3623.5714285714284,3403.2380952380954,3352.3809523809523,3945.285714285714,3806.3333333333335,4476.047619047619,3600.6190476190477,3549.285714285714
2976.9523809523807,3656.5238095238096,3405.5714285714284,3355.285714285714,3944.4761904761904,3768.4285714285716,4476.238095238095,3591.3809523809523,3560.095238095238
2962.285714285714,3627.5238095238096,3410.809523809524,3363.809523809524,3967.3809523809523,3780.5238095238096,4472.142857142857,3620.9523809523807,3540.6666666666665
2971.8571428571427,3625.4285714285716,3392.4285714285716,3360.7619047619046,3947.4285714285716,3776.095238095238,4324.523809523809,3639.285714285714,3553.2380952380954
2942.3809523809523,3633.9523809523807,3414.7619047619046,3337.5238095238096,3945.904761904762,3764.8571428571427,4478.761904761905,3599.809523809524,3539.285714285714
2958.0476190476193,3646.6666666666665,3403.7619047619046,3328.0476190476193,3967.4285714285716,3774.4761904761904,4499.333333333333,3617.0,3544.4761904761904
2943.0476190476193,3623.3809523809523,3382.190476190476,3354.095238095238,3939.9523809523807,3744.285714285714,4460.0,3607.0476190476193,3583.714285714286
2970.809523809524,3614.5714285714284,3396.2380952380954,3360.8571428571427,3953.0,3750.7619047619046,4458.142857142857,3609.5238095238096,3549.6190476190477
2967.6666666666665,3652.1428571428573,3415.285714285714,3337.190476190476,3952.6666666666665,3746.904761904762,4458.190476190476,3625.1428571428573,3555.1428571428573
2954.9523809523807,3624.6666666666665,3429.4285714285716,3351.4285714285716,3963.190476190476,3762.1428571428573,4466.333333333333,3608.190476190476,3561.8571428571427
2957.6190476190477,3634.714285714286,3394.0,3361.6666666666665,3942.714285714286,3770.4761904761904,4463.523809523809,3603.3809523809523,3539.1428571428573
2961.0,3617.809523809524,3372.8571428571427,3320.4761904761904,3936.9523809523807,3743.6666666666665,4473.952380952381,3607.4285714285716,3521.5238095238096
2948.4761904761904,3582.4285714285716,3403.714285714286,3356.6666666666665,3947.904761904762,3728.0,4473.190476190476,3600.3333333333335,3557.095238095238
2964.714285714286,3634.190476190476,3405.3333333333335,3360.190476190476,3940.190476190476,3754.7619047619046,4473.523809523809,3609.6190476190477,3540.285714285714
2977.095238095238,3616.285714285714,3400.0,3350.8571428571427,3959.6190476190477,3757.1428571428573,4458.380952380952,3624.0476190476193,3544.285714285714
2961.4285714285716,3613.095238095238,3397.714285714286,3359.8571428571427,3932.190476190476,3759.4285714285716,4453.428571428572,3571.7619047619046,3566.809523809524
2964.2380952380954,3596.3809523809523,3415.2380952380954,3333.9523809523807,3947.3333333333335,3750.3333333333335,4466.380952380952,3607.190476190476,3551.904761904762
2966.3333333333335,3601.3333333333335,3413.9523809523807,3339.714285714286,3931.6666666666665,3754.714285714286,4449.571428571428,3638.190476190476,3526.809523809524
2936.4761904761904,3646.8571428571427,3379.4761904761904,3343.4285714285716,3943.6666666666665,3786.6666666666665,4310.285714285715,3574.2380952380954,3551.6190476190477
2933.3333333333335,3617.5238095238096,3410.095238095238,3321.095238095238,3928.9523809523807,3766.3809523809523,4428.761904761905,3609.1428571428573,3542.809523809524
2964.4285714285716,3610.904761904762,3364.9523809523807,3353.3333333333335,3938.7619047619046,3771.0,4438.190476190476,3607.904761904762,3538.9523809523807
2944.4761904761904,3607.190476190476,3364.714285714286,3355.4761904761904,3925.714285714286,3741.5238095238096,4423.428571428572,3587.7619047619046,3551.0476190476193
2955.0,3614.7619047619046,3371.5238095238096,3339.285714285714,3962.8571428571427,3758.2380952380954,4492.809523809524,3563.7619047619046,3539.095238095238
2953.285714285714,3595.809523809524,3385.3333333333335,3316.5714285714284,3945.9523809523807,3742.9523809523807,4446.9047619047615,3617.285714285714,3522.7619047619046
2954.5714285714284,3633.4285714285716,3405.904761904762,3339.2380952380954,3932.285714285714,3775.809523809524,4490.190476190476,3596.6190476190477,3551.904761904762
2952.2380952380954,3604.3333333333335,3386.3333333333335,3319.2380952380954,3941.3809523809523,3757.6666666666665,4473.380952380952,3621.3809523809523,3549.285714285714
2942.4285714285716,3596.809523809524,3390.0,3326.4761904761904,3930.7619047619046,3755.809523809524,4429.428571428572,3605.4285714285716,3496.6190476190477
2943.7619047619046,3598.904761904762,3407.5238095238096,3338.4761904761904,3962.809523809524,3756.6190476190477,4430.714285714285,3555.285714285714,3533.3333333333335
2948.3809523809523,3606.3333333333335,3404.0476190476193,3343.9523809523807,3939.2380952380954,3769.8571428571427,4422.952380952381,3578.7619047619046,3557.3333333333335
2953.6666666666665,3633.1428571428573,3403.714285714286,3347.9523809523807,3943.7619047619046,3734.0476190476193,4442.0,3592.714285714286,3561.3809523809523
2922.9523809523807,3620.6666666666665,3399.285714285714,3338.904761904762,3950.285714285714,3746.6666666666665,4434.714285714285,3579.904761904762,3548.6190476190477
2934.5714285714284,3637.7619047619046,3405.714285714286,3331.095238095238,3909.285714285714,3787.6666666666665,4464.523809523809,3611.3333333333335,3557.5238095238096
2951.7619047619046,3614.714285714286,3406.809523809524,3341.1428571428573,3951.9523809523807,3794.5238095238096,4447.571428571428,3612.8571428571427,3536.0
2979.3809523809523,3652.3333333333335,3475.4285714285716,3339.904761904762,3930.095238095238,3863.4285714285716,4472.333333333333,3673.5714285714284,3604.6190476190477
2987.4761904761904,3686.190476190476,3479.0,3361.4761904761904,3994.8571428571427,3856.714285714286,4514.619047619048,3640.8571428571427,3618.6190476190477
2990.3809523809523,3692.7619047619046,3482.3809523809523,3333.9523809523807,3942.5714285714284,3880.4285714285716,4487.142857142857,3671.6666666666665,3601.190476190476
2996.904761904762,3720.4761904761904,3498.0,3347.6666666666665,3941.4761904761904,3870.7619047619046,4549.428571428572,3712.6666666666665,3632.5238095238096
3033.3333333333335,3732.1428571428573,3527.9523809523807,3417.190476190476,3949.095238095238,3918.4761904761904,4508.666666666667,3728.1428571428573,3686.714285714286
3048.904761904762,3731.0476190476193,3500.4761904761904,3394.809523809524,3979.5238095238096,3931.2380952380954,4570.476190476191,3739.0476190476193,3630.714285714286
3025.190476190476,3751.809523809524,3521.1428571428573,3393.0,3996.8571428571427,3920.3333333333335,4531.761904761905,3739.3809523809523,3672.6190476190477
3037.1428571428573,3752.904761904762,3526.9523809523807,3423.095238095238,3995.0,3958.0,4583.142857142857,3751.2380952380954,3678.9523809523807
3084.0,3768.095238095238,3574.5238095238096,3441.6666666666665,4043.4761904761904,3960.3809523809523,4618.857142857143,3768.6190476190477,3696.5238095238096
3069.6666666666665,3773.3809523809523,3595.190476190476,3481.904761904762,4096.523809523809,4015.2380952380954,4655.9047619047615,3781.3809523809523,3702.9523809523807
3072.8571428571427,3813.3809523809523,3615.4761904761904,3493.2380952380954,4062.1428571428573,3988.1428571428573,4639.142857142857,3800.0476190476193,3687.809523809524
3109.4285714285716,3829.4761904761904,3628.9523809523807,3472.190476190476,4116.952380952381,4011.4285714285716,4604.285714285715,3800.095238095238,3693.5714285714284
3106.5238095238096,3834.190476190476,3618.190476190476,3479.5714285714284,4102.190476190476,4023.809523809524,4674.428571428572,3825.5714285714284,3732.809523809524
3122.4285714285716,3879.4761904761904,3625.714285714286,3523.9523809523807,4137.523809523809,4002.5714285714284,4669.857142857143,3845.7619047619046,3738.3809523809523
3121.0,3850.3809523809523,3629.0,3499.4285714285716,4158.619047619048,4002.2380952380954,4675.047619047619,3826.9523809523807,3736.5238095238096
3110.0,3865.6666666666665,3652.904761904762,3524.6666666666665,4136.428571428572,4028.8571428571427,4677.190476190476,3816.4285714285716,3747.6190476190477
3117.0,3860.2380952380954,3668.809523809524,3518.714285714286,4150.238095238095,4074.8571428571427,4670.333333333333,3851.2380952380954,3765.7619047619046
3139.9523809523807,3869.3809523809523,3663.5238095238096,3562.8571428571427,4204.476190476191,4029.0476190476193,4717.952380952381,3882.6666666666665,3751.3809523809523
3149.6190476190477,3872.190476190476,3674.904761904762,3527.4761904761904,4228.190476190476,4054.2380952380954,4721.190476190476,3855.809523809524,3798.9523809523807
3160.9523809523807,3892.6190476190477,3680.3809523809523,3531.5714285714284,4198.380952380952,4034.095238095238,4694.047619047619,3840.714285714286,3757.095238095238
3159.809523809524,3873.8571428571427,3674.6666666666665,3542.0476190476193,4197.333333333333,4030.190476190476,4673.9047619047615,3866.6666666666665,3721.5714285714284
3209.285714285714,3926.714285714286,3691.6666666666665,3573.1428571428573,4201.857142857143,4033.4761904761904,4715.714285714285,3865.6666666666665,3769.1428571428573
3210.190476190476,3889.3809523809523,3722.7619047619046,3578.095238095238,4246.0,3998.0476190476193,4756.0,3875.714285714286,3814.285714285714
3232.809523809524,3916.3809523809523,3714.5238095238096,3604.5714285714284,4254.666666666667,4028.904761904762,4751.0,3886.285714285714,3825.3333333333335
3266.9523809523807,3941.714285714286,3700.5714285714284,3610.714285714286,4297.523809523809,4019.3333333333335,4777.952380952381,3901.5238095238096,3830.285714285714
3255.9523809523807,3930.285714285714,3698.4761904761904,3584.0476190476193,4253.809523809524,4026.6190476190477,4778.380952380952,3861.6666666666665,3796.9523809523807
3260.714285714286,3943.714285714286,3723.6666666666665,3618.5238095238096,4276.952380952381,4070.2380952380954,4767.476190476191,3893.7619047619046,3757.8571428571427
3299.809523809524,3977.7619047619046,3732.3809523809523,3631.285714285714,4300.952380952381,4073.6666666666665,4829.285714285715,3925.5714285714284,3817.8571428571427
3270.285714285714,3955.3333333333335,3756.714285714286,3655.0476190476193,4312.809523809524,4091.2380952380954,4848.666666666667,3940.6190476190477,3839.2380952380954
3272.4761904761904,4001.6190476190477,3766.4285714285716,3662.8571428571427,4317.761904761905,4034.9523809523807,4870.0,3914.5714285714284,3829.285714285714
3278.904761904762,3945.0,3742.6666666666665,3647.809523809524,4297.142857142857,4029.714285714286,4840.333333333333,3927.1428571428573,3796.285714285714
3297.2380952380954,3962.3333333333335,3758.2380952380954,3678.9523809523807,4292.666666666667,4037.904761904762,4803.857142857143,3929.4285714285716,3785.3333333333335
3301.1428571428573,4005.1428571428573,3759.4761904761904,3703.285714285714,4341.142857142857,4067.7619047619046,4866.333333333333,3926.0,3818.8571428571427
3311.4285714285716,4011.285714285714,3783.6190476190477,3716.9523809523807,4307.666666666667,4053.5238095238096,4855.428571428572,3956.190476190476,3818.4285714285716
3331.5714285714284,3998.9523809523807,3803.6190476190477,3696.3809523809523,4347.047619047619,4064.2380952380954,4877.190476190476,3957.2380952380954,3872.190476190476
3372.6666666666665,3992.6190476190477,3809.4285714285716,3709.6666666666665,4363.142857142857,4062.6190476190477,4871.857142857143,3904.809523809524,3825.3809523809523
3354.4761904761904,4007.714285714286,3814.2380952380954,3715.3333333333335,4323.523809523809,4044.6190476190477,4902.428571428572,3918.6190476190477,3824.3333333333335
3366.9523809523807,4036.7619047619046,3784.8571428571427,3711.285714285714,4357.428571428572,4058.9523809523807,4886.761904761905,3925.1428571428573,3856.5714285714284
3386.904761904762,4047.714285714286,3832.4761904761904,3720.3333333333335,4433.428571428572,4069.095238095238,4904.666666666667,3921.7619047619046,3848.0
3380.5714285714284,4028.5238095238096,3831.1428571428573,3721.5714285714284,4412.9047619047615,4081.0476190476193,4937.142857142857,3919.3333333333335,3859.285714285714
3374.1428571428573,4049.4761904761904,3820.285714285714,3708.9523809523807,4360.714285714285,4074.714285714286,4888.809523809524,3943.809523809524,3817.5238095238096
3413.714285714286,4087.0,3850.285714285714,3742.5714285714284,4377.523809523809,4069.5714285714284,4892.714285714285,3950.0476190476193,3851.3809523809523
3385.0,4090.095238095238,3861.6666666666665,3729.285714285714,4390.714285714285,4075.4285714285716,4926.238095238095,3964.6666666666665,3874.6190476190477
3441.1428571428573,4077.0,3853.6190476190477,3714.4761904761904,4388.428571428572,4068.0,4897.0,3907.095238095238,3811.2380952380954
3435.5714285714284,4086.0476190476193,3863.5714285714284,3692.904761904762,4390.190476190476,4057.5714285714284,4837.761904761905,3875.904761904762,3773.6190476190477
3455.0,4104.809523809524,3826.2380952380954,3727.3333333333335,4352.285714285715,4039.9523809523807,4843.0,3889.7619047619046,3795.714285714286
3473.6666666666665,4130.714285714285,3886.4285714285716,3780.5714285714284,4439.571428571428,4073.190476190476,4909.619047619048,3934.6190476190477,3823.1428571428573
3482.5714285714284,4129.666666666667,3867.904761904762,3764.4285714285716,4428.285714285715,4049.714285714286,4899.142857142857,3921.4285714285716,3807.0476190476193
3480.6190476190477,4149.857142857143,3874.6190476190477,3794.0476190476193,4448.190476190476,4070.1428571428573,4873.523809523809,3906.7619047619046,3806.095238095238
3493.3333333333335,4108.761904761905,3909.4761904761904,3794.5714285714284,4435.523809523809,4051.0,4894.047619047619,3885.4285714285716,3820.6190476190477
3475.714285714286,4095.9523809523807,3899.9523809523807,3770.0,4452.523809523809,4082.8571428571427,4916.571428571428,3949.8571428571427,3821.6666666666665
3504.0,4128.714285714285,3917.6666666666665,3803.3333333333335,4474.523809523809,4086.095238095238,4949.666666666667,3920.2380952380954,3822.0476190476193
3508.285714285714,4173.047619047619,3925.3809523809523,3803.4285714285716,4527.428571428572,4060.4761904761904,4954.761904761905,3925.5714285714284,3803.904761904762
3508.2380952380954,4117.9047619047615,3915.5714285714284,3799.3809523809523,4490.619047619048,4034.714285714286,4905.0,3942.5238095238096,3803.2380952380954
3489.6666666666665,4145.380952380952,3891.190476190476,3752.8571428571427,4451.666666666667,4060.809523809524,4925.857142857143,3924.8571428571427,3816.3809523809523
3485.9523809523807,4163.285714285715,3943.9523809523807,3829.190476190476,4497.428571428572,4066.3809523809523,4916.142857142857,3982.0476190476193,3863.809523809524
3504.4285714285716,4183.714285714285,3937.0,3838.809523809524,4492.523809523809,4058.0,4982.285714285715,3963.7619047619046,3897.285714285714
3498.6190476190477,4220.857142857143,3974.1428571428573,3856.3333333333335,4569.0,4063.6190476190477,5008.428571428572,3998.904761904762,3867.095238095238
3497.5714285714284,4177.666666666667,3959.3333333333335,3860.904761904762,4498.142857142857,4030.714285714286,5021.428571428572,3984.5238095238096,3852.904761904762
3490.0476190476193,4187.952380952381,3934.6190476190477,3835.2380952380954,4491.666666666667,4051.6666666666665,4974.714285714285,3977.9523809523807,3863.3809523809523
3510.095238095238,4239.619047619048,3993.8571428571427,3859.7619047619046,4553.476190476191,4078.7619047619046,5031.9047619047615,3996.5714285714284,3855.0476190476193
3489.0476190476193,4221.619047619048,3990.285714285714,3862.9523809523807,4547.238095238095,4109.714285714285,4999.952380952381,3978.9523809523807,3881.6190476190477
3513.714285714286,4203.190476190476,3973.904761904762,3870.095238095238,4570.333333333333,4081.5714285714284,5029.142857142857,4011.190476190476,3870.7619047619046
3528.0,4225.380952380952,3999.190476190476,3881.095238095238,4574.142857142857,4090.190476190476,5005.761904761905,3991.0,3845.2380952380954
3548.6190476190477,4226.380952380952,3997.4285714285716,3865.6190476190477,4581.666666666667,4082.714285714286,5055.571428571428,4002.5238095238096,3859.3809523809523
3539.3333333333335,4247.666666666667,3966.095238095238,3878.8571428571427,4559.047619047619,4057.2380952380954,5043.809523809524,3979.095238095238,3845.2380952380954
3595.8571428571427,4295.380952380952,3991.9523809523807,3910.5714285714284,4606.666666666667,4086.7619047619046,5059.9047619047615,3977.190476190476,3830.3333333333335
3614.095238095238,4266.0,4023.4285714285716,3916.2380952380954,4608.380952380952,4042.714285714286,5036.952380952381,3975.904761904762,3829.3333333333335
3560.5238095238096,4228.761904761905,4033.285714285714,3920.095238095238,4640.190476190476,4094.190476190476,5058.238095238095,3914.4761904761904,3827.5238095238096
3574.190476190476,4240.285714285715,4019.4285714285716,3936.285714285714,4619.285714285715,4070.8571428571427,5064.857142857143,3953.3333333333335,3809.3333333333335
3622.285714285714,4256.523809523809,4029.5714285714284,3929.809523809524,4630.619047619048,4056.714285714286,5083.0,3951.9523809523807,3820.3809523809523
3630.190476190476,4271.0,4030.8571428571427,3939.5714285714284,4632.238095238095,4070.0,5073.0,3968.5714285714284,3828.5714285714284
3627.7619047619046,4297.619047619048,4023.3333333333335,3987.904761904762,4665.857142857143,4044.1428571428573,5091.666666666667,3969.3809523809523,3814.5714285714284
3626.714285714286,4260.428571428572,4020.5238095238096,3951.095238095238,4688.238095238095,4065.5714285714284,5080.238095238095,3939.0476190476193,3793.4761904761904
3625.6190476190477,4244.666666666667,4054.285714285714,3961.809523809524,4614.857142857143,4052.4761904761904,5077.0952380952385,3923.3333333333335,3789.6666666666665
3636.0,4265.142857142857,4070.8571428571427,3989.4285714285716,4651.190476190476,4060.809523809524,5119.809523809524,3968.3809523809523,3812.904761904762
3646.5238095238096,4289.333333333333,4070.4761904761904,3978.9523809523807,4680.476190476191,4058.4285714285716,5098.190476190476,3974.285714285714,3803.285714285714
3624.9523809523807,4329.333333333333,4099.619047619048,4027.190476190476,4707.428571428572,4082.714285714286,5204.714285714285,4061.285714285714,3854.904761904762
3599.8571428571427,4315.0952380952385,4069.3809523809523,4000.809523809524,4668.333333333333,4066.7619047619046,5191.238095238095,4007.5714285714284,3884.3809523809523
3620.6190476190477,4298.380952380952,4112.428571428572,4020.095238095238,4734.523809523809,4084.2380952380954,5253.666666666667,4002.714285714286,3860.6190476190477
3624.6190476190477,4332.666666666667,4104.0952380952385,4024.809523809524,4734.523809523809,4079.3333333333335,5186.9047619047615,4046.714285714286,3888.9523809523807
3577.190476190476,4291.809523809524,4096.238095238095,4012.095238095238,4718.238095238095,4035.0476190476193,5132.047619047619,4001.7619047619046,3878.9523809523807
3612.3333333333335,4301.476190476191,4106.714285714285,4004.809523809524,4717.047619047619,4056.190476190476,5214.285714285715,4005.6190476190477,3878.9523809523807
3633.0476190476193,4325.380952380952,4081.5714285714284,4034.7619047619046,4768.047619047619,4051.714285714286,5198.142857142857,3983.714285714286,3864.809523809524
3660.4761904761904,4354.761904761905,4145.809523809524,4069.190476190476,4775.761904761905,4084.095238095238,5248.0,4065.1428571428573,3909.4285714285716
3646.7619047619046,4370.666666666667,4144.857142857143,4033.285714285714,4778.0,4059.5238095238096,5223.857142857143,4036.9523809523807,3879.6666666666665
3661.2380952380954,4371.666666666667,4091.2380952380954,4036.4761904761904,4767.809523809524,4066.6190476190477,5249.952380952381,4023.190476190476,3874.809523809524
3648.8571428571427,4356.428571428572,4142.190476190476,4045.9523809523807,4800.476190476191,4057.904761904762,5243.714285714285,4044.0,3879.6666666666665
3696.1428571428573,4395.285714285715,4156.476190476191,4083.4285714285716,4838.476190476191,4071.809523809524,5233.047619047619,3948.5238095238096,3839.3333333333335
3689.3333333333335,4380.0952380952385,4110.238095238095,4086.0,4848.285714285715,4044.3809523809523,5209.619047619048,3980.7619047619046,3850.4761904761904
3691.6666666666665,4378.428571428572,4129.142857142857,4048.3333333333335,4797.0952380952385,4030.095238095238,5212.666666666667,3982.3809523809523,3808.0
3667.0476190476193,4346.190476190476,4084.3333333333335,4081.190476190476,4793.142857142857,4063.095238095238,5203.9047619047615,3960.285714285714,3831.2380952380954
3691.4285714285716,4380.714285714285,4146.9047619047615,4100.047619047619,4839.523809523809,4042.904761904762,5243.047619047619,3982.190476190476,3858.6190476190477
3727.095238095238,4408.714285714285,4132.0,4113.857142857143,4812.619047619048,4067.5238095238096,5239.761904761905,4014.4761904761904,3868.0
3715.4285714285716,4417.809523809524,4154.047619047619,4089.904761904762,4873.428571428572,4041.6666666666665,5272.428571428572,4002.3333333333335,3827.7619047619046
3712.3333333333335,4414.9047619047615,4089.809523809524,4104.333333333333,4823.666666666667,4044.1428571428573,5259.714285714285,3952.3809523809523,3841.095238095238
3728.0,4395.0952380952385,4157.0,4092.6190476190477,4814.476190476191,4049.809523809524,5276.142857142857,3950.714285714286,3859.5714285714284
3721.0476190476193,4430.0,4151.666666666667,4121.857142857143,4834.047619047619,4032.2380952380954,5304.952380952381,3966.3809523809523,3875.2380952380954
3693.904761904762,4437.380952380952,4104.285714285715,4095.809523809524,4862.428571428572,4036.0,5244.0,3999.6666666666665,3801.6190476190477
3668.1428571428573,4378.571428571428,4125.809523809524,4071.5238095238096,4853.714285714285,4060.3809523809523,5329.761904761905,4014.8571428571427,3875.4761904761904
3699.0476190476193,4375.476190476191,4127.952380952381,4119.619047619048,4864.571428571428,4057.7619047619046,5300.476190476191,4014.5714285714284,3869.904761904762
3702.1428571428573,4385.857142857143,4138.809523809524,4087.3809523809523,4899.714285714285,4042.4761904761904,5305.571428571428,4010.5714285714284,3860.7619047619046
3677.6666666666665,4399.952380952381,4150.9047619047615,4130.428571428572,4863.666666666667,4056.2380952380954,5341.9047619047615,4034.190476190476,3867.809523809524
3692.5714285714284,4383.523809523809,4167.0952380952385,4129.523809523809,4849.190476190476,4087.3333333333335,5321.809523809524,4011.5238095238096,3893.5238095238096
3689.714285714286,4397.476190476191,4147.571428571428,4116.476190476191,4857.333333333333,4049.4761904761904,5323.857142857143,3996.7619047619046,3856.904761904762
3676.714285714286,4381.190476190476,4152.761904761905,4052.1428571428573,4838.714285714285,4053.1428571428573,5304.857142857143,3981.6666666666665,3854.5238095238096
3682.4285714285716,4359.142857142857,4161.619047619048,4116.809523809524,4861.142857142857,4074.6190476190477,5295.714285714285,4038.714285714286,3895.7619047619046
3628.0,4387.285714285715,4144.476190476191,4128.666666666667,4887.714285714285,4075.3809523809523,5319.9047619047615,4013.3809523809523,3868.285714285714
3657.9523809523807,4409.809523809524,4114.285714285715,4096.380952380952,4900.714285714285,4099.9047619047615,5372.142857142857,3991.809523809524,3888.714285714286
3655.6190476190477,4402.523809523809,4118.333333333333,4073.3333333333335,4880.809523809524,4069.0476190476193,5377.0,4007.4761904761904,3858.190476190476
3685.1428571428573,4378.428571428572,4146.809523809524,4082.7619047619046,4907.428571428572,4068.1428571428573,5383.238095238095,4005.1428571428573,3846.714285714286
3671.095238095238,4391.523809523809,4132.0,4107.952380952381,4947.190476190476,4072.3809523809523,5370.190476190476,3996.4761904761904,3833.0
3704.7619047619046,4392.9047619047615,4146.571428571428,4083.9523809523807,4931.714285714285,4047.285714285714,5408.523809523809,4009.809523809524,3854.5238095238096
3723.6666666666665,4411.285714285715,4127.666666666667,4099.0,4954.476190476191,4100.619047619048,5391.0952380952385,4019.2380952380954,3891.4761904761904
3712.8571428571427,4364.761904761905,4132.333333333333,4105.285714285715,4904.142857142857,4108.571428571428,5370.666666666667,3964.4761904761904,3866.904761904762
3682.6190476190477,4394.619047619048,4123.0952380952385,4094.9523809523807,4883.714285714285,4075.5238095238096,5383.047619047619,4023.0476190476193,3880.8571428571427
3731.904761904762,4348.571428571428,4103.9047619047615,4093.095238095238,4927.142857142857,4121.047619047619,5393.047619047619,3993.7619047619046,3868.8571428571427
3746.6666666666665,4345.714285714285,4110.380952380952,4095.095238095238,4899.619047619048,4092.285714285714,5426.523809523809,4009.809523809524,3864.5714285714284
3727.904761904762,4481.952380952381,4138.571428571428,4098.523809523809,4912.666666666667,4099.047619047619,5380.619047619048,4023.8571428571427,3846.5238095238096
3733.5714285714284,4475.571428571428,4141.333333333333,4084.0476190476193,4923.714285714285,4108.0,5386.857142857143,4023.8571428571427,3884.5238095238096
3744.095238095238,4383.238095238095,4129.190476190476,4093.3809523809523,4935.523809523809,4113.809523809524,5378.714285714285,4019.5714285714284,3839.7619047619046
3688.0,4477.380952380952,4168.142857142857,4070.285714285714,4936.142857142857,4097.714285714285,5390.428571428572,4026.190476190476,3833.6190476190477
3684.3809523809523,4489.523809523809,4130.809523809524,4093.6190476190477,4932.761904761905,4126.952380952381,5358.428571428572,4041.0,3871.0476190476193
3687.714285714286,4501.428571428572,4133.0952380952385,4090.904761904762,4949.523809523809,4079.7619047619046,5333.380952380952,4027.904761904762,3879.8571428571427
3666.7619047619046,4448.809523809524,4163.809523809524,4065.190476190476,4909.333333333333,4072.5714285714284,5357.142857142857,4016.904761904762,3855.0
3689.9523809523807,4481.0952380952385,4175.333333333333,4062.1428571428573,4975.761904761905,4094.8571428571427,5334.809523809524,4035.4285714285716,3891.809523809524
3714.095238095238,4449.142857142857,4175.0952380952385,4034.2380952380954,4928.0952380952385,4110.761904761905,5351.285714285715,4024.904761904762,3840.4285714285716
3691.4285714285716,4471.142857142857,4185.047619047619,4037.6666666666665,4904.476190476191,4103.380952380952,5351.952380952381,4035.1428571428573,3880.0
3685.5714285714284,4454.571428571428,4120.0,4075.7619047619046,4929.571428571428,4122.666666666667,5316.285714285715,3999.3809523809523,3882.095238095238
3687.1428571428573,4433.380952380952,4124.047619047619,4038.4285714285716,4893.761904761905,4089.0,5349.9047619047615,4025.904761904762,3900.3809523809523
3708.904761904762,4445.285714285715,4152.809523809524,4040.3809523809523,4873.952380952381,4083.2380952380954,5373.285714285715,3992.095238095238,3858.4285714285716
3662.809523809524,4475.476190476191,4128.666666666667,4051.904761904762,4929.142857142857,4092.8571428571427,5288.0,4014.0,3835.285714285714
3656.3333333333335,4419.428571428572,4120.714285714285,4027.5714285714284,4891.857142857143,4114.333333333333,5303.142857142857,4013.7619047619046,3877.095238095238
3656.1428571428573,4402.238095238095,4100.714285714285,4031.2380952380954,4920.523809523809,4071.2380952380954,5275.714285714285,4019.6190476190477,3868.190476190476
3669.5714285714284,4395.809523809524,4101.0952380952385,4061.809523809524,4854.476190476191,4070.5714285714284,5275.0952380952385,3982.5238095238096,3822.190476190476
3672.0,4393.523809523809,4118.0952380952385,4018.5714285714284,4907.714285714285,4056.9523809523807,5274.523809523809,4019.714285714286,3866.2380952380954
3656.7619047619046,4399.285714285715,4124.571428571428,4035.4285714285716,4877.333333333333,4086.285714285714,5277.952380952381,4013.285714285714,3852.095238095238
3631.8571428571427,4394.0,4103.809523809524,4044.809523809524,4885.0,4081.2380952380954,5261.571428571428,4021.809523809524,3859.6190476190477
3647.285714285714,4385.428571428572,4089.285714285714,4016.5714285714284,4909.952380952381,4038.5238095238096,5247.952380952381,3998.0,3834.5238095238096
3651.1428571428573,4373.428571428572,4087.0,4033.0,4853.428571428572,4066.1428571428573,5276.761904761905,4002.904761904762,3850.1428571428573
3697.2380952380954,4367.142857142857,4104.9047619047615,4011.9523809523807,4874.523809523809,4041.7619047619046,5264.190476190476,4003.095238095238,3850.4285714285716
3655.8571428571427,4345.476190476191,4071.7619047619046,4027.714285714286,4907.380952380952,4072.7619047619046,5264.714285714285,4002.4761904761904,3843.9523809523807
3662.904761904762,4357.571428571428,4087.4761904761904,4012.904761904762,4861.857142857143,4059.4285714285716,5245.190476190476,4012.2380952380954,3840.904761904762
3624.2380952380954,4389.666666666667,4062.5238095238096,3978.3333333333335,4895.857142857143,4051.809523809524,5259.761904761905,4029.4761904761904,3852.809523809524
3617.1428571428573,4388.333333333333,4070.190476190476,4000.6666666666665,4818.428571428572,4046.095238095238,5223.190476190476,3983.904761904762,3832.4761904761904
3631.1428571428573,4378.142857142857,4081.6190476190477,4019.4285714285716,4839.809523809524,4041.1428571428573,5266.619047619048,4010.6666666666665,3833.3809523809523
3610.714285714286,4338.952380952381,4062.095238095238,3976.190476190476,4817.190476190476,4061.5714285714284,5260.571428571428,3986.285714285714,3806.2380952380954
3585.714285714286,4348.476190476191,4086.285714285714,3968.1428571428573,4866.571428571428,4023.2380952380954,5251.523809523809,3989.1428571428573,3803.1428571428573
3594.4761904761904,4301.190476190476,4051.190476190476,3984.0,4831.571428571428,4025.6190476190477,5250.952380952381,3965.0,3828.904761904762
3607.285714285714,4327.047619047619,4059.190476190476,3989.4285714285716,4818.857142857143,4017.1428571428573,5220.714285714285,3968.0476190476193,3787.190476190476
3620.5714285714284,4315.9047619047615,4082.285714285714,3984.6666666666665,4852.142857142857,4056.809523809524,5207.666666666667,3976.1428571428573,3814.285714285714
3563.8571428571427,4357.523809523809,4012.9523809523807,3984.3333333333335,4826.952380952381,4057.4761904761904,5201.761904761905,3962.5238095238096,3802.714285714286
3562.4285714285716,4315.809523809524,3987.3333333333335,3947.904761904762,4835.142857142857,4038.3809523809523,5188.476190476191,3966.2380952380954,3794.8571428571427
3594.4761904761904,4318.428571428572,4025.809523809524,3980.1428571428573,4824.9047619047615,4052.809523809524,5187.238095238095,3945.095238095238,3827.4285714285716
3563.285714285714,4327.380952380952,4003.7619047619046,3942.0476190476193,4796.952380952381,4040.809523809524,5132.142857142857,3920.0476190476193,3818.2380952380954
3569.3809523809523,4286.285714285715,3987.9523809523807,3959.0476190476193,4759.190476190476,4019.809523809524,5171.0,3966.190476190476,3799.4285714285716
3542.190476190476,4283.619047619048,4045.6666666666665,3949.8571428571427,4784.571428571428,4016.7619047619046,5160.571428571428,3937.5714285714284,3795.904761904762
3569.6190476190477,4295.238095238095,4073.3809523809523,3918.0,4777.857142857143,4019.714285714286,5133.238095238095,3940.904761904762,3827.0
3547.809523809524,4278.571428571428,4026.285714285714,3939.0476190476193,4755.142857142857,4050.8571428571427,5136.285714285715,3917.4761904761904,3785.5238095238096
3523.4761904761904,4256.571428571428,4081.6666666666665,3942.8571428571427,4758.476190476191,4039.5238095238096,5125.380952380952,3921.0476190476193,3830.5714285714284
3536.0,4273.0,4029.9523809523807,3934.3809523809523,4791.142857142857,4037.904761904762,5090.9047619047615,3931.809523809524,3794.8571428571427
3529.4761904761904,4260.0,3978.0476190476193,3905.285714285714,4779.619047619048,4012.5238095238096,5122.333333333333,3937.809523809524,3798.8571428571427
3548.0,4253.9047619047615,4061.3809523809523,3873.6190476190477,4772.238095238095,4034.0,5129.047619047619,3935.285714285714,3815.904761904762
3519.8571428571427,4246.428571428572,3995.4285714285716,3912.095238095238,4745.714285714285,3987.285714285714,5108.333333333333,3924.8571428571427,3807.1428571428573
3548.3809523809523,4269.619047619048,3990.0476190476193,3898.7619047619046,4752.952380952381,3936.4761904761904,5111.571428571428,3914.190476190476,3813.0
3504.5238095238096,4205.333333333333,3975.285714285714,3941.4761904761904,4738.666666666667,4000.0476190476193,5120.285714285715,3927.4285714285716,3809.3809523809523
